source_soil,pH,N_total_mgkg,K_mgkg,habitability_score
Earth,7.624,3.755,6.231,0.5965
Earth,9.352,4.314,5.661,0.1567
Earth,8.696,6.982,3.466,0.3492
Earth,8.296,3.38,9.502,0.3625
Earth,6.968,7.088,7.673,0.7557
Earth,6.968,1.617,13.12,0.5697
Earth,6.674,6.438,1.45,0.7268
Earth,9.099,6.933,10.014,0.2527
Earth,8.303,2.273,11.681,0.3234
Earth,8.624,4.012,11.633,0.2773
Earth,6.562,2.158,13.405,0.589
Earth,9.41,5.946,11.206,0.2193
Earth,8.997,4.747,13.989,0.181
Earth,7.137,5.447,5.657,0.6963
Earth,7.045,2.375,8.045,0.5912
Earth,7.05,2.482,1.197,0.5881
Earth,7.413,1.29,1.097,0.5463
Earth,8.074,3.254,4.362,0.4268
Earth,7.796,4.918,2.411,0.5759
Earth,7.374,7.006,4.643,0.7498
Earth,8.336,5.668,3.479,0.4234
Earth,6.918,4.048,1.399,0.6431
Earth,7.376,7.672,13.73,0.7822
Earth,7.599,6.035,1.115,0.6793
Earth,7.868,7.511,11.305,0.6515
Earth,8.856,4.693,3.13,0.2155
Earth,7.099,2.812,13.771,0.6122
Earth,8.043,1.37,13.499,0.3805
Earth,8.277,6.083,10.155,0.464
Earth,6.639,1.849,10.411,0.5751
Earth,8.323,3.119,1.075,0.336
Earth,7.012,4.727,14.788,0.6802
Earth,6.695,4.951,13.29,0.6866
Earth,9.347,5.204,13.531,0.1957
Earth,9.397,2.164,10.229,0.086
Earth,8.925,3.658,5.827,0.1588
Earth,7.414,5.32,13.511,0.6997
Earth,6.793,7.789,5.081,0.7777
Earth,8.553,6.093,8.878,0.3712
Earth,7.82,7.458,2.396,0.6566
Earth,6.866,6.335,13.907,0.7356
Earth,7.986,5.142,2.971,0.5211
Earth,6.603,2.344,4.149,0.5862
Earth,9.228,5.667,8.814,0.2072
Earth,7.276,5.364,11.697,0.6994
Earth,8.488,5.217,9.671,0.3631
Earth,7.435,4.429,4.25,0.6592
Earth,8.06,4.701,1.013,0.4788
Earth,8.14,3.341,11.6,0.4152
Earth,7.055,4.635,14.793,0.677
Earth,9.409,2.383,12.339,0.0957
Earth,8.825,6.636,7.443,0.2979
Earth,9.318,2.3,13.653,0.0942
Earth,9.184,1.595,6.738,0.0626
Earth,8.294,4.054,8.349,0.3857
Earth,9.266,5.608,7.68,0.204
Earth,6.765,4.064,7.267,0.6495
Earth,7.088,2.937,11.853,0.6147
Earth,6.636,4.907,8.375,0.6801
Earth,7.476,3.429,5.434,0.6254
Earth,7.666,7.53,4.614,0.7128
Earth,7.314,7.459,1.528,0.7626
Earth,8.986,4.517,9.165,0.1718
Earth,7.57,3.295,4.219,0.5961
Earth,7.343,6.16,3.074,0.7187
Earth,8.128,1.257,10.154,0.3448
Earth,6.923,4.323,10.537,0.6619
Earth,8.907,3.354,11.53,0.1601
Earth,6.724,7.444,8.05,0.7686
Earth,9.461,1.084,13.517,0.0515
Earth,8.817,4.87,14.109,0.2456
Earth,7.096,6.185,12.303,0.7288
Earth,6.517,4.395,9.898,0.6637
Earth,8.946,1.598,5.252,0.079
Earth,8.621,7.807,14.761,0.4145
Earth,8.687,4.626,4.838,0.2711
Earth,8.814,5.299,3.837,0.2514
Earth,6.722,2.656,7.19,0.6002
Earth,7.575,4.384,1.796,0.6301
Earth,6.848,4.004,14.699,0.6548
Earth,9.089,1.524,9.238,0.0626
Earth,8.37,1.743,8.797,0.2798
Earth,7.493,6.862,10.181,0.7504
Earth,6.691,2.679,7.958,0.6017
Earth,7.433,2.365,1.449,0.5842
Earth,7.476,4.534,9.572,0.6683
Earth,8.689,6.381,11.026,0.3381
Earth,8.413,1.434,6.834,0.2528
Earth,9.162,5.038,11.602,0.1879
Earth,7.917,1.834,4.178,0.4295
Earth,6.859,1.255,4.098,0.548
Earth,8.64,1.369,3.26,0.1713
Earth,8.782,6.839,6.208,0.3181
Earth,8.184,1.826,12.858,0.3488
Earth,8.813,1.316,12.591,0.121
Earth,7.981,4.065,6.36,0.4882
Earth,8.068,6.908,9.248,0.5616
Earth,7.783,2.837,11.091,0.5162
Earth,6.576,3.952,4.377,0.6427
Earth,6.824,1.279,3.354,0.5481
Earth,6.594,4.144,14.609,0.6596
Earth,8.409,5.043,9.646,0.3831
Earth,7.443,4.996,14.74,0.6896
Earth,8.026,3.327,5.729,0.4469
Earth,9.223,3.209,10.842,0.1231
Earth,7.248,1.746,4.116,0.5652
Earth,7.731,3.568,4.657,0.5525
Earth,8.767,1.696,8.167,0.1453
Earth,7.186,6.366,5.475,0.7283
Earth,6.731,7.764,3.347,0.7751
Earth,7.369,7.791,4.68,0.7773
Earth,6.984,7.055,1.5,0.7484
Earth,9.289,5.206,10.862,0.1931
Earth,8.924,5.906,7.89,0.2398
Earth,8.4,2.996,2.319,0.3071
Earth,9.114,5.415,3.404,0.1929
Earth,8.911,4.19,2.435,0.1787
Earth,7.06,4.374,9.576,0.6627
Earth,9.178,6.304,2.319,0.223
Earth,8.118,2.973,11.56,0.4096
Earth,8.922,3.226,1.287,0.1401
Earth,9.188,7.472,4.491,0.266
Earth,7.454,1.394,13.469,0.5622
Earth,6.83,4.399,11.059,0.665
Earth,7.184,7.39,2.022,0.7607
Earth,7.781,5.273,12.496,0.6033
Earth,8.954,4.825,7.902,0.1921
Earth,9.082,2.748,12.855,0.109
Earth,6.521,3.403,9.41,0.6285
Earth,8.032,6.964,10.546,0.5769
Earth,7.752,4.915,14.909,0.6028
Earth,7.166,4.603,4.253,0.6654
Earth,6.86,1.697,9.735,0.5691
Earth,7.513,1.112,7.444,0.5421
Earth,9.329,7.746,1.552,0.2727
Earth,7.47,3.639,1.203,0.6286
Earth,8.056,5.222,2.669,0.5
Earth,8.609,1.558,10.087,0.1949
Earth,7.591,5.782,8.94,0.681
Earth,9.415,7.528,8.748,0.2722
Earth,9.387,5.03,1.446,0.1775
Earth,7.255,1.883,7.57,0.5735
Earth,7.992,5.072,13.945,0.5276
Earth,7.403,6.364,6.566,0.7293
Earth,7.355,3.845,9.749,0.6443
Earth,6.611,7.159,11.917,0.7625
Earth,8.329,5.541,11.975,0.4297
Earth,8.008,7.295,8.27,0.5942
Earth,6.654,5.365,13.011,0.7008
Earth,7.336,1.919,6.479,0.5736
Earth,9.225,3.168,13.442,0.1243
Earth,7.219,2.413,4.363,0.5888
Earth,6.935,7.362,4.923,0.7626
Earth,7.968,6.323,1.744,0.5669
Earth,9.457,5.735,12.138,0.2129
Earth,7.226,3.107,6.839,0.6156
Earth,8.516,2.288,4.208,0.2455
Earth,8.785,6.295,4.245,0.2963
Earth,7.213,4.319,13.62,0.6648
Earth,8.685,2.581,12.675,0.2081
Earth,7.603,5.316,8.749,0.6604
Earth,8.397,1.282,9.626,0.2555
Earth,8.401,3.283,7.641,0.3224
Earth,8.107,4.28,6.483,0.4538
Earth,6.771,2.036,13.817,0.5851
Earth,9.006,7.893,2.759,0.279
Earth,7.462,2.464,6.858,0.5931
Earth,7.06,1.912,5.824,0.5728
Earth,6.622,2.425,7.974,0.5928
Earth,8.273,6.383,7.407,0.4733
Earth,8.533,3.979,8.264,0.3033
Earth,6.55,4.958,2.959,0.6765
Earth,8.036,1.147,8.184,0.3696
Earth,7.179,1.241,4.394,0.5478
Earth,8.436,4.121,3.581,0.336
Earth,7.023,6.717,1.908,0.737
Earth,8.573,7.197,11.677,0.406
Earth,7.66,1.607,6.984,0.5098
Earth,9.31,4.769,9.773,0.1767
Earth,6.913,7.393,11.186,0.7699
Earth,7.523,3.716,10.51,0.6328
Earth,6.84,6.807,7.587,0.7458
Earth,9.274,1.936,6.431,0.0742
Earth,9.132,7.548,6.263,0.2704
Earth,7.274,6.26,9.961,0.7291
Earth,8.48,7.589,7.927,0.4469
Earth,8.952,5.736,12.888,0.2298
Earth,8.166,3.544,13.246,0.4154
Earth,8.089,7.567,3.388,0.5719
Earth,7.226,2.929,2.907,0.6054
Earth,6.779,3.325,9.826,0.6262
Earth,9.192,5.906,5.217,0.2119
Earth,9.201,6.357,1.26,0.2238
Earth,8.399,7.506,13.441,0.4764
Earth,7.517,2.434,4.177,0.5837
Earth,7.548,6.586,14.01,0.7286
Earth,8.678,6.17,11.044,0.3344
Earth,9.191,1.447,11.677,0.0623
Earth,9.161,3.711,3.82,0.1337
Earth,8.84,2.979,4.279,0.162
Earth,8.426,3.131,8.298,0.3092
Earth,6.752,7.881,3.409,0.7792
Earth,6.985,5.499,5.276,0.6978
Earth,9.196,6.024,5.5,0.2163
Earth,8.319,7.836,3.235,0.5044
Earth,6.528,3.64,3.873,0.6313
Earth,6.804,6.613,12.04,0.7435
Earth,8.491,4.042,3.341,0.3146
Earth,6.515,7.087,1.398,0.7494
Earth,6.982,2.265,9.811,0.5891
Earth,8.146,7.634,14.664,0.5664
Earth,8.576,2.531,5.637,0.2357
Earth,8.456,3.284,2.661,0.299
Earth,7.173,6.293,8.985,0.7293
Earth,8.637,3.756,13.689,0.2663
Earth,7.212,5.257,11.977,0.696
Earth,7.476,4.112,9.715,0.6536
Earth,8.739,6.197,5.411,0.3091
Earth,8.449,2.598,8.586,0.2832
Earth,9.048,1.409,2.277,0.0516
Earth,8.473,3.1,10.505,0.2947
Earth,8.205,4.32,11.151,0.4274
Earth,6.781,2.176,14.51,0.5907
Earth,7.603,3.484,4.646,0.5922
Earth,7.296,3.8,1.258,0.6343
Earth,7.232,1.402,8.639,0.5577
Earth,9.419,5.083,10.895,0.1888
Earth,7.679,7.19,12.066,0.704
Earth,9.176,2.062,3.712,0.0759
Earth,8.393,5.185,4.665,0.3883
Earth,8.884,5.653,8.176,0.2446
Earth,8.008,3.935,5.628,0.4741
Earth,8.231,5.908,13.047,0.4762
Earth,7.978,3.875,7.633,0.4841
Earth,7.086,4.532,12.194,0.6708
Earth,8.667,1.051,9.129,0.1568
Earth,7.342,5.842,11.823,0.7163
Earth,6.573,5.629,5.657,0.7027
Earth,8.436,1.269,12.64,0.2449
Earth,7.031,3.578,4.844,0.6301
Earth,9.321,7.853,8.645,0.2835
Earth,9.362,3.945,3.996,0.1421
Earth,9.245,4.514,7.657,0.1656
Earth,7.61,7.37,5.454,0.7266
Earth,6.546,6.021,4.734,0.7155
Earth,9.285,5.074,14.538,0.1921
Earth,7.785,6.585,3.241,0.6389
Earth,9.4,7.051,12.023,0.2588
Earth,9.391,4.198,14.778,0.1617
Earth,9.059,4.326,1.279,0.1527
Earth,7.383,3.702,10.786,0.6404
Earth,7.655,7.767,4.541,0.7246
Earth,9.053,5.88,1.567,0.2074
Earth,7.451,1.583,6.64,0.562
Earth,7.008,7.041,14.093,0.7605
Earth,8.17,4.364,1.165,0.4304
Earth,9.308,1.481,9.23,0.0611
Earth,8.588,4.848,8.02,0.315
Earth,8.21,3.92,13.227,0.4137
Earth,6.792,7.144,2.176,0.7522
Earth,8.345,2.428,10.541,0.3138
Earth,9.47,6.785,10.522,0.248
Earth,6.92,4.904,10.367,0.682
Earth,8.055,1.382,14.193,0.3776
Earth,9.132,7.803,12.523,0.2856
Earth,8.722,4.588,1.588,0.2547
Earth,8.591,3.036,7.595,0.2502
Earth,8.607,4.286,6.571,0.2874
Earth,7.578,7.005,5.342,0.7244
Earth,7.381,3.134,7.319,0.617
Earth,8.928,2.349,6.379,0.1126
Earth,8.93,1.903,7.053,0.0969
Earth,9.101,3.085,14.71,0.1227
Earth,9.24,6.46,2.241,0.2284
Earth,8.034,4.301,13.911,0.4865
Earth,8.005,2.592,7.723,0.4303
Earth,8.895,2.163,9.732,0.1205
Earth,8.45,3.329,12.623,0.3125
Earth,8.606,7.579,6.046,0.4027
Earth,8.887,3.401,7.026,0.1636
Earth,9.17,7.917,6.733,0.2838
Earth,7.514,4.397,6.246,0.6555
Earth,7.627,2.254,13.957,0.5506
Earth,6.782,7.238,12.605,0.7659
Earth,8.235,4.222,2.526,0.4054
Earth,6.608,5.968,2.514,0.7114
Earth,7.897,7.886,6.99,0.6507
Earth,8.128,1.351,2.381,0.3404
Earth,7.36,1.677,9.667,0.5684
Earth,8.272,6.043,3.012,0.457
Earth,6.592,2.973,8.313,0.6124
Earth,6.612,2.29,1.101,0.5813
Earth,8.968,1.276,5.432,0.0608
Earth,7.581,1.153,10.481,0.524
Earth,6.881,6.421,7.777,0.7325
Earth,8.067,1.941,14.696,0.3937
Earth,8.81,4.274,13.237,0.2262
Earth,7.147,5.241,6.027,0.6895
Earth,8.369,3.998,1.637,0.352
Earth,6.756,1.19,12.839,0.5545
Earth,6.655,6.485,13.757,0.7407
Earth,8.094,1.074,12.489,0.352
Earth,8.122,6.333,2.791,0.5172
Earth,8.412,7.253,14.971,0.4647
Earth,8.678,4.03,4.62,0.2529
Earth,9.428,4.749,11.139,0.1773
Earth,8.049,4.339,13.712,0.4826
Earth,7.469,3.724,4.3,0.6347
Earth,8.886,7.212,13.716,0.3043
Earth,7.312,7.258,5.333,0.7593
Earth,7.817,3.351,14.67,0.5263
Earth,6.735,5.305,4.938,0.6906
Earth,6.576,7.488,14.348,0.7764
Earth,9.388,7.734,1.75,0.2725
Earth,9.008,4.563,10.93,0.1706
Earth,8.588,4.17,8.45,0.2918
Earth,7.727,2.951,7.69,0.5354
Earth,7.02,7.712,4.129,0.7741
Earth,6.969,2.0,10.878,0.5809
Earth,7.251,5.059,3.671,0.6807
Earth,8.148,2.978,8.74,0.3971
Earth,8.644,2.953,4.545,0.2266
Earth,8.481,3.835,14.379,0.3217
Earth,7.34,7.992,1.401,0.7811
Earth,9.365,1.385,3.796,0.0523
Earth,8.714,5.05,4.392,0.2766
Earth,8.163,1.578,6.797,0.341
Earth,8.335,2.082,4.258,0.2987
Earth,7.759,4.077,7.879,0.5643
Earth,7.243,4.573,13.215,0.6733
Earth,7.568,2.812,10.969,0.5867
Earth,8.774,3.215,9.119,0.1971
Earth,6.543,1.609,2.246,0.5586
Earth,6.848,3.123,10.716,0.62
Earth,6.638,7.766,3.33,0.7751
Earth,6.622,7.613,12.009,0.7785
Earth,9.066,3.344,4.501,0.1215
Earth,8.611,4.996,6.839,0.3114
Earth,7.923,7.367,5.907,0.6229
Earth,6.794,1.043,13.023,0.5495
Earth,7.975,6.675,2.772,0.5781
Earth,7.92,7.639,8.919,0.6361
Earth,7.02,1.639,2.989,0.5604
Earth,7.802,2.13,10.867,0.4849
Earth,7.696,7.725,13.671,0.7189
Earth,8.348,4.763,7.085,0.3913
Earth,8.405,1.099,7.833,0.2446
Earth,6.636,2.803,13.984,0.6121
Earth,7.624,4.15,8.294,0.6123
Earth,8.378,5.85,7.826,0.4201
Earth,8.009,6.132,9.097,0.5539
Earth,9.069,7.968,10.649,0.2895
Earth,8.476,3.013,2.496,0.2826
Earth,6.989,4.768,12.496,0.6794
Earth,6.712,4.733,7.097,0.6728
Earth,8.427,3.84,2.013,0.3273
Earth,6.58,2.184,12.007,0.5885
Earth,8.257,7.842,6.277,0.5283
Earth,9.321,6.973,2.405,0.2465
Earth,8.226,4.488,9.873,0.4248
Earth,7.665,5.223,13.322,0.6413
Earth,8.43,2.591,13.429,0.2942
Earth,7.875,4.807,14.407,0.5577
Earth,8.137,5.865,13.148,0.5061
Earth,9.324,4.606,1.03,0.1622
Earth,7.658,7.932,6.323,0.7312
Earth,9.384,5.279,12.46,0.1972
Earth,9.216,3.597,6.128,0.132
Earth,7.087,6.405,9.422,0.7336
Earth,6.708,2.193,9.488,0.5863
Earth,6.802,3.692,6.11,0.6353
Earth,6.555,3.429,13.663,0.6337
Earth,6.783,4.023,8.045,0.6488
Earth,8.549,6.472,7.507,0.3844
Earth,6.714,4.389,14.965,0.6686
Earth,7.457,6.558,7.909,0.7374
Earth,9.035,5.035,3.498,0.1797
Earth,6.57,3.394,8.183,0.627
Earth,8.943,6.67,12.396,0.2647
Earth,7.346,2.668,11.876,0.6053
Earth,6.854,2.571,12.04,0.602
Earth,8.59,4.532,10.912,0.3061
Earth,8.387,2.826,4.559,0.3079
Earth,9.132,1.064,13.069,0.0503
Earth,8.705,5.538,13.508,0.3056
Earth,8.91,4.578,3.718,0.1938
Earth,7.346,4.119,2.826,0.647
Earth,7.032,7.769,14.658,0.7866
Earth,8.752,4.998,13.157,0.2708
Earth,8.921,7.044,13.505,0.2865
Earth,9.472,1.976,13.409,0.0826
Earth,7.738,4.984,8.584,0.6038
Earth,7.616,7.076,10.05,0.719
Earth,8.829,5.082,8.635,0.2434
Earth,7.522,6.026,1.717,0.7052
Earth,9.292,3.604,11.437,0.1376
Earth,9.075,1.647,8.075,0.0657
Earth,7.787,4.205,10.068,0.5616
Earth,8.753,3.761,8.037,0.2221
Earth,8.764,7.069,7.885,0.3341
Earth,6.809,2.708,3.405,0.5982
Earth,9.208,7.767,4.902,0.2768
Earth,8.016,7.707,3.224,0.601
Earth,8.979,2.733,3.739,0.1063
Earth,7.46,3.436,14.622,0.6349
Earth,9.187,7.269,3.144,0.2576
Earth,7.668,7.766,4.77,0.7207
Earth,6.533,4.104,9.268,0.6529
Earth,9.216,3.247,9.543,0.1232
Earth,6.774,4.683,3.156,0.667
Earth,7.458,5.814,12.112,0.7156
Earth,9.35,2.914,11.993,0.114
Earth,9.352,6.155,4.322,0.2198
Earth,8.22,1.362,5.041,0.3126
Earth,8.396,1.345,14.132,0.2627
Earth,7.845,3.704,12.559,0.5271
Earth,7.38,3.474,10.769,0.6324
Earth,7.486,3.209,2.151,0.6145
Earth,8.518,4.437,6.856,0.323
Earth,8.757,3.245,8.83,0.2034
Earth,8.875,2.346,3.624,0.1275
Earth,8.869,3.166,7.275,0.1618
Earth,6.774,7.824,9.414,0.7833
Earth,7.983,3.878,5.583,0.4802
Earth,6.673,4.113,11.933,0.6559
Earth,8.149,5.036,12.766,0.4728
Earth,7.825,7.883,5.531,0.6733
Earth,9.163,2.691,12.741,0.1069
Earth,7.553,5.769,2.45,0.6868
Earth,6.851,6.012,12.728,0.7231
Earth,6.929,5.251,3.139,0.6869
Earth,8.785,1.62,2.161,0.1307
Earth,8.355,5.738,9.985,0.4259
Earth,6.803,1.449,7.607,0.5583
Earth,6.752,5.173,13.71,0.6948
Earth,8.603,6.177,6.085,0.3546
Earth,6.718,2.477,5.02,0.5917
Earth,8.966,6.891,8.01,0.2607
Earth,8.619,1.212,7.383,0.1769
Earth,6.744,6.907,5.822,0.7476
Earth,6.755,4.222,10.712,0.6585
Earth,9.46,2.523,11.634,0.0999
Earth,7.623,1.936,12.942,0.5398
Earth,7.612,7.673,14.62,0.7459
Earth,8.938,1.509,4.733,0.0781
Earth,9.342,2.394,11.025,0.0948
Earth,9.458,3.435,6.52,0.1267
Earth,8.76,5.342,10.479,0.2774
Earth,7.629,4.814,7.664,0.6332
Earth,6.751,1.88,14.913,0.5807
Earth,8.831,3.028,11.205,0.1734
Earth,8.175,2.671,14.335,0.3828
Earth,7.773,2.495,12.69,0.5091
Earth,9.219,3.878,13.641,0.1494
Earth,6.834,5.928,12.402,0.7199
Earth,7.978,2.522,7.428,0.4364
Earth,6.534,3.567,4.525,0.6294
Earth,7.906,3.736,6.184,0.5016
Earth,6.669,7.835,1.283,0.7755
Earth,6.856,7.683,8.336,0.7772
Earth,6.853,6.601,8.071,0.7391
Earth,8.448,2.692,8.354,0.2867
Earth,8.738,1.476,14.636,0.1536
Earth,8.25,3.218,13.76,0.3764
Earth,9.387,2.868,3.264,0.1036
Earth,7.625,4.541,6.164,0.6236
Earth,7.357,6.444,6.935,0.7325
Earth,9.106,7.008,6.047,0.2513
Earth,7.171,6.914,12.179,0.7542
Earth,9.39,3.518,8.337,0.1315
Earth,6.536,5.811,9.009,0.7124
Earth,9.41,3.19,12.942,0.1246
Earth,6.629,1.426,12.283,0.5622
Earth,9.173,5.911,2.851,0.2097
Earth,8.083,1.069,10.995,0.354
Earth,9.479,3.864,7.096,0.1423
Earth,6.721,3.306,5.125,0.6208
Earth,8.162,5.854,1.7,0.4861
Earth,9.408,6.364,7.821,0.2306
Earth,8.069,3.129,5.976,0.4257
Earth,8.388,6.681,4.521,0.4423
Earth,8.587,3.057,10.725,0.2553
Earth,7.864,4.124,11.773,0.5349
Earth,8.383,6.089,4.427,0.4233
Earth,8.253,5.85,1.692,0.4555
Earth,9.203,7.912,12.883,0.2898
Earth,6.636,2.576,1.139,0.5913
Earth,7.343,5.636,14.12,0.7114
Earth,9.351,5.268,9.787,0.1942
Earth,9.171,7.406,5.506,0.2647
Earth,7.867,2.095,4.451,0.4554
Earth,8.36,6.263,1.126,0.4335
Earth,7.332,4.978,4.297,0.6785
Earth,7.064,2.923,2.928,0.6052
Earth,7.891,4.321,9.57,0.5304
Earth,7.56,3.336,3.332,0.6001
Earth,8.251,5.055,8.401,0.435
Earth,6.733,7.223,9.262,0.7621
Earth,9.423,4.985,5.173,0.1797
Earth,9.459,5.422,1.491,0.1913
Earth,8.594,4.631,1.522,0.2988
Earth,8.108,1.358,1.369,0.3461
Earth,7.429,2.63,11.348,0.6034
Earth,8.941,4.444,5.452,0.1805
Earth,8.554,3.172,12.148,0.2718
Earth,6.988,2.272,7.044,0.5866
Earth,9.233,4.529,7.342,0.1659
Earth,8.968,3.26,8.18,0.1331
Earth,9.349,2.807,10.982,0.1092
Earth,8.677,4.248,4.829,0.2611
Earth,8.34,1.933,2.702,0.2903
Earth,7.755,7.494,8.785,0.6862
Earth,9.298,7.074,5.578,0.2532
Earth,9.098,5.953,7.195,0.2156
Earth,6.636,1.743,10.057,0.5711
Earth,6.579,6.431,7.918,0.733
Earth,7.629,6.656,9.684,0.6995
Earth,8.932,6.374,8.619,0.2545
Earth,9.462,1.798,11.357,0.0743
Earth,6.951,5.507,10.883,0.7036
Earth,8.282,6.84,8.479,0.4871
Earth,7.643,5.041,10.505,0.6394
Earth,9.41,5.525,13.23,0.2066
Earth,9.026,4.209,7.052,0.1544
Earth,9.015,4.701,6.779,0.1713
Earth,7.906,1.241,11.699,0.4198
Earth,7.744,5.473,9.156,0.6192
Earth,7.32,1.57,1.994,0.5569
Earth,6.669,4.045,13.49,0.6551
Earth,9.094,3.049,1.431,0.1081
Earth,8.939,4.818,11.478,0.2005
Earth,9.499,1.934,11.623,0.0793
Earth,9.49,5.842,14.344,0.2188
Earth,8.166,6.565,1.758,0.5094
Earth,8.807,2.143,9.356,0.1487
Earth,9.334,1.73,6.99,0.0675
Earth,9.049,2.019,5.629,0.0763
Earth,7.242,7.14,2.264,0.7522
Earth,7.852,4.697,8.877,0.5561
Earth,6.887,4.271,7.707,0.6572
Earth,9.362,1.747,2.464,0.0636
Earth,8.319,5.547,9.575,0.4309
Earth,7.186,7.076,11.331,0.759
Earth,8.515,6.797,11.742,0.4113
Earth,8.354,5.382,13.675,0.4173
Earth,7.574,1.527,6.733,0.5353
Earth,6.841,1.787,14.343,0.5769
Earth,8.515,1.345,13.116,0.222
Earth,8.061,2.802,5.151,0.4163
Earth,8.817,1.95,3.23,0.1325
Earth,8.06,2.82,7.095,0.419
Earth,9.057,3.695,6.627,0.136
Earth,8.156,7.601,9.06,0.5565
Earth,8.183,5.273,9.167,0.4661
Earth,9.13,6.845,11.5,0.2511
Earth,7.71,5.972,8.138,0.647
Earth,6.902,1.788,2.468,0.565
Earth,6.586,6.151,13.016,0.7283
Earth,8.765,2.926,5.337,0.1859
Earth,8.361,5.474,14.598,0.4192
Earth,8.612,3.387,2.65,0.2504
Earth,7.139,7.984,14.416,0.7938
Earth,6.909,2.845,2.274,0.6018
Earth,6.544,2.954,4.235,0.6076
Earth,7.552,7.515,1.652,0.7474
Earth,8.27,1.173,10.872,0.2953
Earth,7.677,5.877,12.904,0.6597
Earth,7.812,6.077,7.077,0.6156
Earth,9.212,6.855,13.999,0.2539
Earth,7.545,7.821,9.264,0.7681
Earth,8.042,7.829,9.82,0.6032
Earth,8.851,1.457,12.836,0.1135
Earth,7.69,6.753,5.155,0.6783
Earth,8.366,5.524,5.96,0.4106
Earth,9.087,5.531,13.683,0.2073
Earth,9.349,1.898,13.613,0.0801
Earth,6.941,5.551,14.671,0.709
Earth,9.28,7.877,13.626,0.2893
Earth,7.976,7.383,2.783,0.6024
Earth,7.275,4.074,12.532,0.6551
Earth,7.877,1.28,6.738,0.4257
Earth,9.44,3.536,14.871,0.1386
Earth,7.978,6.785,7.612,0.5858
Earth,7.486,5.91,8.754,0.7156
Earth,8.4,4.215,8.417,0.3559
Earth,7.22,1.386,5.504,0.554
Earth,6.728,3.988,2.05,0.6416
Earth,6.887,4.283,13.539,0.6635
Earth,6.884,7.5,12.237,0.7747
Earth,6.956,5.488,2.953,0.695
Earth,6.916,3.182,11.875,0.6232
Earth,8.423,4.677,9.762,0.3659
Earth,7.046,1.462,6.728,0.5579
Earth,7.537,7.808,4.556,0.7655
Earth,9.19,3.52,13.036,0.1363
Earth,7.922,4.345,10.803,0.5223
Earth,8.503,3.487,8.668,0.2965
Earth,7.017,5.778,9.534,0.7117
Earth,7.077,5.636,2.275,0.6995
Earth,6.623,6.007,7.635,0.7179
Earth,7.007,2.877,3.712,0.6044
Earth,7.336,3.21,3.917,0.6163
Earth,7.031,1.877,10.258,0.5759
Earth,6.766,5.589,13.758,0.7094
Earth,6.862,1.279,6.653,0.5514
Earth,7.882,5.184,3.908,0.5579
Earth,7.119,7.088,10.082,0.7582
Earth,7.593,7.236,13.197,0.7355
Earth,8.01,4.143,11.476,0.4864
Earth,8.571,4.215,13.163,0.3036
Earth,6.618,1.539,8.512,0.5624
Earth,8.898,5.695,11.526,0.2448
Earth,8.384,6.749,2.961,0.4446
Earth,6.745,2.713,5.876,0.6008
Earth,9.121,3.949,6.454,0.1447
Earth,9.263,6.872,8.158,0.2487
Earth,6.683,7.14,14.007,0.7639
Earth,7.331,2.702,13.24,0.6078
Earth,8.919,4.854,2.883,0.1999
Earth,8.745,2.347,3.419,0.1707
Earth,7.054,1.713,6.007,0.566
Earth,7.128,7.378,5.07,0.7633
Earth,7.611,6.744,9.607,0.7085
Earth,7.954,6.32,13.639,0.5837
Earth,8.355,1.341,14.472,0.2765
Earth,7.607,6.906,10.15,0.7163
Earth,7.888,4.066,12.734,0.5259
Earth,8.742,3.397,8.353,0.2131
Earth,6.61,4.825,3.917,0.6728
Earth,7.257,1.639,8.346,0.5657
Earth,8.64,6.297,8.771,0.3491
Earth,9.186,5.077,11.394,0.1891
Earth,8.035,2.306,4.078,0.4064
Earth,8.096,2.318,6.156,0.3885
Earth,6.822,2.29,6.096,0.5862
Earth,7.842,1.399,14.432,0.4493
Earth,8.098,5.115,7.215,0.4869
Earth,7.227,6.882,11.571,0.7525
Earth,7.308,1.122,11.511,0.5508
Earth,7.632,1.343,4.718,0.5078
Earth,6.56,5.009,9.006,0.6843
Earth,7.466,6.736,13.52,0.7493
Earth,7.134,3.287,7.653,0.6227
Earth,7.482,3.447,14.232,0.6349
Earth,6.859,5.174,4.002,0.6851
Earth,9.172,2.919,2.038,0.1042
Earth,8.281,1.186,13.48,0.2947
Earth,8.537,6.147,12.868,0.3822
Earth,8.868,5.38,14.896,0.2473
Earth,7.995,5.065,10.512,0.5227
Earth,6.761,6.192,14.114,0.7308
Earth,8.111,5.727,12.577,0.5092
Earth,8.261,2.441,12.822,0.3448
Earth,8.736,3.467,8.968,0.2182
Earth,7.795,1.883,6.353,0.4739
Earth,6.883,1.909,14.084,0.5809
Earth,7.351,5.733,7.05,0.7077
Earth,7.589,7.01,8.543,0.7242
Earth,8.438,7.739,7.246,0.4655
Earth,8.212,5.398,8.907,0.4604
Earth,7.568,2.289,7.587,0.5649
Earth,9.46,1.74,1.672,0.0626
Earth,8.317,6.69,13.349,0.4751
Earth,7.212,5.051,7.222,0.684
Earth,6.805,5.328,9.245,0.6957
Earth,6.959,6.47,2.949,0.7294
Earth,7.238,5.923,1.047,0.7084
Earth,6.982,6.841,4.434,0.7439
Earth,7.06,1.393,10.864,0.5596
Earth,7.355,6.233,2.389,0.7205
Earth,7.02,6.956,13.724,0.7572
Earth,9.19,3.003,4.01,0.1091
Earth,6.741,5.483,3.864,0.6958
Earth,8.074,3.199,3.541,0.4243
Earth,7.731,7.706,1.196,0.6938
Earth,9.447,1.234,11.805,0.055
Earth,6.836,5.059,13.25,0.6903
Earth,7.694,2.166,9.598,0.5209
Earth,9.408,5.986,3.635,0.2131
Earth,9.097,2.231,4.994,0.0831
Earth,8.951,2.648,7.663,0.1166
Earth,7.274,4.461,14.361,0.6705
Earth,7.013,7.404,4.463,0.7636
Earth,8.506,2.482,11.243,0.2628
Earth,9.288,2.01,7.152,0.0775
Earth,8.17,6.313,5.17,0.5027
Earth,8.215,4.504,7.383,0.4268
Earth,7.34,7.382,1.997,0.7604
Earth,8.808,2.026,12.182,0.1469
Earth,7.061,5.521,4.406,0.6977
Earth,7.471,2.63,11.156,0.6032
Earth,7.776,2.097,1.957,0.4833
Earth,8.023,5.784,14.371,0.5425
Earth,7.227,5.156,3.702,0.6842
Earth,6.845,6.284,13.358,0.7333
Earth,8.332,3.166,12.333,0.3459
Earth,7.366,4.136,14.55,0.6593
Earth,8.244,3.838,7.69,0.3941
Earth,6.963,7.889,11.184,0.7873
Earth,7.943,3.046,6.19,0.465
Earth,8.098,3.064,3.581,0.4116
Earth,6.655,3.482,7.203,0.6291
Earth,7.51,4.952,3.32,0.6734
Earth,6.903,2.766,14.749,0.6116
Earth,6.69,7.407,2.347,0.7616
Earth,9.47,2.86,9.249,0.1093
Earth,7.467,7.271,9.77,0.7642
Earth,8.93,1.724,8.533,0.0923
Earth,7.264,5.596,10.271,0.7061
Earth,8.545,7.349,2.627,0.4117
Earth,8.781,2.181,8.77,0.1582
Earth,8.287,7.778,5.021,0.515
Earth,7.915,4.17,14.162,0.5219
Earth,7.736,7.62,11.669,0.6999
Earth,7.547,5.738,14.615,0.6999
Earth,9.289,3.111,1.526,0.1104
Earth,8.992,2.318,4.992,0.0888
Earth,9.395,3.126,3.736,0.1132
Earth,6.873,1.651,1.156,0.5589
Earth,8.693,2.007,4.393,0.1771
Earth,9.315,1.733,10.503,0.0711
Earth,7.044,3.961,4.235,0.6429
Earth,6.699,6.569,8.126,0.738
Earth,8.723,1.99,13.429,0.1753
Earth,8.223,1.912,10.713,0.3365
Earth,9.025,5.504,6.525,0.1992
Earth,6.919,2.38,6.215,0.5895
Earth,8.886,1.683,7.38,0.1044
Earth,7.105,2.168,3.479,0.5794
Earth,6.991,7.466,9.876,0.7712
Earth,6.993,6.75,6.098,0.7424
Earth,8.944,3.478,12.933,0.1534
Earth,8.496,5.591,11.592,0.3754
Earth,8.069,4.761,9.547,0.4864
Earth,7.576,5.74,6.099,0.6815
Earth,9.132,5.779,3.939,0.2062
Earth,7.677,5.401,11.866,0.6418
Earth,8.95,2.863,7.81,0.1247
Earth,7.817,1.273,4.147,0.4429
Earth,7.631,4.189,3.732,0.6067
Earth,7.888,7.237,3.316,0.6273
Earth,7.404,4.986,11.88,0.6864
Earth,8.743,6.827,4.206,0.3289
Earth,8.008,7.941,8.373,0.6169
Earth,7.197,2.145,7.322,0.5824
Earth,9.199,5.842,9.115,0.2136
Earth,7.652,5.72,13.28,0.6629
Earth,8.131,7.86,13.148,0.578
Earth,9.219,7.899,7.315,0.2838
Earth,8.373,5.807,1.215,0.4135
Earth,6.851,2.705,6.97,0.6017
Earth,9.319,6.59,9.487,0.2401
Earth,8.383,1.749,8.809,0.2757
Earth,7.505,6.465,10.119,0.7348
Earth,6.918,7.371,3.157,0.7612
Earth,8.882,3.68,10.051,0.1782
Earth,8.36,5.414,3.557,0.4063
Earth,8.1,4.011,11.507,0.4518
Earth,9.182,4.064,5.747,0.148
Earth,8.866,3.173,10.939,0.1667
Earth,6.955,6.335,1.67,0.7234
Earth,7.435,7.553,6.71,0.7711
Earth,7.245,7.585,10.87,0.7764
Earth,8.732,2.223,4.176,0.1714
Earth,6.601,7.123,12.134,0.7614
Earth,8.21,6.162,9.831,0.4889
Earth,8.787,2.77,9.226,0.177
Earth,9.13,1.471,5.95,0.0574
Earth,7.526,2.876,7.754,0.5997
Earth,8.964,7.385,9.363,0.2799
Earth,6.832,5.432,7.614,0.6977
Earth,9.039,6.047,10.776,0.2224
Earth,6.882,2.8,7.072,0.6051
Earth,7.692,6.036,3.832,0.6511
Earth,8.892,1.197,3.995,0.0819
Earth,6.95,3.627,1.081,0.628
Earth,7.188,5.387,5.213,0.6938
Earth,8.667,2.023,11.485,0.1934
Earth,8.66,6.761,12.118,0.3621
Earth,8.423,2.645,3.835,0.2886
Earth,8.582,5.566,14.427,0.3486
Earth,8.128,3.836,8.034,0.4329
Earth,7.255,5.172,13.838,0.6949
Earth,7.537,1.752,10.895,0.5599
Earth,7.045,1.118,11.114,0.5503
Earth,9.225,7.367,2.191,0.26
Earth,8.25,2.887,4.08,0.3551
Earth,7.703,6.738,1.123,0.6694
Earth,7.886,7.995,11.026,0.6622
Earth,9.342,2.48,5.822,0.0926
Earth,6.96,2.856,12.013,0.612
Earth,8.259,5.64,5.745,0.4502
Earth,8.018,7.758,12.471,0.6115
Earth,8.334,7.411,2.83,0.4841
Earth,6.554,4.52,3.427,0.6616
Earth,9.116,6.566,5.772,0.2356
Earth,9.296,1.95,6.719,0.075
Earth,8.195,7.842,5.882,0.5486
Earth,8.59,7.75,11.691,0.4196
Earth,9.267,2.146,2.357,0.0775
Earth,8.622,3.096,5.917,0.2404
Earth,6.958,1.701,12.721,0.5723
Earth,8.229,2.902,1.935,0.3606
Earth,8.32,6.712,14.193,0.4757
Earth,7.772,3.648,14.808,0.5517
Earth,8.709,1.619,2.24,0.1558
Earth,9.303,3.396,5.078,0.1239
Earth,9.277,7.87,6.214,0.2817
Earth,7.853,5.408,11.869,0.5836
Earth,6.84,3.913,9.343,0.6463
Earth,9.455,2.166,10.021,0.0858
Earth,9.017,7.903,11.605,0.2882
Earth,6.874,6.746,2.652,0.7388
Earth,9.263,2.97,12.665,0.1166
Earth,9.11,1.49,10.879,0.063
Earth,8.057,1.396,9.083,0.3725
Earth,8.274,1.843,13.456,0.32
Earth,7.697,5.065,10.804,0.6224
Earth,6.664,7.501,3.824,0.7664
Earth,7.506,4.477,7.016,0.6619
Earth,8.909,6.901,7.917,0.2799
Earth,6.514,4.121,1.773,0.646
Earth,7.5,5.96,14.365,0.7228
Earth,7.695,6.123,2.8,0.6523
Earth,8.112,2.218,10.764,0.3843
Earth,9.26,3.529,8.087,0.1316
Earth,7.539,5.461,1.359,0.6795
Earth,7.541,1.495,13.946,0.5526
Earth,8.713,3.531,12.926,0.2323
Earth,7.857,4.744,8.34,0.5555
Earth,7.174,7.974,4.205,0.7833
Earth,7.857,4.322,2.703,0.5349
Earth,6.923,6.712,6.087,0.741
Earth,7.029,4.024,4.576,0.6454
Earth,7.995,6.575,8.094,0.5732
Earth,7.757,5.168,14.53,0.6098
Earth,9.245,7.206,9.049,0.2613
Earth,7.587,3.877,13.459,0.6201
Earth,8.242,5.23,10.112,0.4459
Earth,8.397,5.41,7.653,0.3981
Earth,6.539,3.922,12.965,0.6502
Earth,8.491,2.01,7.599,0.2478
Earth,7.034,1.655,13.161,0.5711
Earth,9.383,1.117,5.082,0.0442
Earth,6.946,7.115,2.803,0.7518
Earth,7.744,2.655,12.974,0.5246
Earth,6.756,2.481,9.224,0.596
Earth,9.491,6.152,13.447,0.2288
Earth,8.007,3.24,14.13,0.4587
Earth,8.286,4.542,1.751,0.3987
Earth,6.701,2.138,8.014,0.5828
Earth,8.75,7.718,6.25,0.3598
Earth,7.13,6.961,9.762,0.7534
Earth,9.194,7.047,12.11,0.2587
Earth,7.115,3.847,4.928,0.6396
Earth,7.072,6.337,8.795,0.7306
Earth,6.61,2.007,10.922,0.5812
Earth,7.916,1.06,2.882,0.4013
Earth,8.195,1.14,12.397,0.3208
Earth,6.697,5.106,9.486,0.6882
Earth,8.827,4.188,14.294,0.2187
Earth,7.86,4.626,5.753,0.5477
Earth,8.073,1.052,2.514,0.3483
Earth,7.822,3.959,8.091,0.5392
Earth,7.702,6.026,2.201,0.6457
Earth,8.179,4.099,14.573,0.4317
Earth,6.966,6.126,1.542,0.7159
Earth,7.046,2.631,11.549,0.6036
Earth,9.085,6.692,8.351,0.2426
Earth,9.338,5.119,6.161,0.1853
Earth,7.62,2.475,1.922,0.5486
Earth,7.312,2.657,9.71,0.6027
Earth,8.432,5.396,9.193,0.3874
Earth,7.726,6.81,4.932,0.6679
Earth,6.576,3.909,13.743,0.6506
Earth,6.968,2.808,5.258,0.6035
Earth,8.648,7.069,7.296,0.3721
Earth,8.477,5.685,8.613,0.382
Earth,6.581,4.137,2.403,0.6472
Earth,7.166,4.415,14.05,0.6686
Earth,7.193,2.43,6.244,0.5913
Earth,8.516,5.388,2.131,0.3521
Earth,6.559,3.511,6.422,0.6293
Earth,6.812,7.97,9.403,0.7883
Earth,8.9,4.361,8.191,0.1943
Earth,7.036,4.401,10.724,0.6648
Earth,8.458,4.961,1.777,0.356
Earth,7.215,7.417,4.984,0.7646
Earth,6.798,6.606,12.469,0.7437
Earth,7.23,4.158,2.119,0.6476
Earth,8.667,6.031,12.977,0.3351
Earth,9.067,5.104,2.287,0.1809
Earth,8.991,4.447,12.682,0.1714
Earth,7.692,2.346,6.051,0.5243
Earth,8.504,4.248,9.571,0.3235
Earth,7.115,2.721,3.14,0.5984
Earth,7.379,7.404,1.926,0.7611
Earth,9.189,3.348,4.023,0.1212
Earth,6.539,7.666,2.79,0.7711
Earth,6.757,4.731,5.374,0.671
Earth,7.124,5.421,8.201,0.6979
Earth,6.58,4.801,9.243,0.6773
Earth,7.044,1.906,12.058,0.5788
Earth,8.249,3.631,10.187,0.3876
Earth,7.764,1.694,9.523,0.4807
Earth,9.178,5.361,6.765,0.1944
Earth,8.952,4.128,7.633,0.168
Earth,7.525,6.446,6.803,0.7239
Earth,7.278,2.543,12.79,0.6018
Earth,7.639,2.152,4.22,0.5332
Earth,8.271,3.844,1.08,0.3787
Earth,7.304,7.486,10.118,0.7721
Earth,8.372,5.973,3.834,0.4221
Earth,7.728,3.932,13.462,0.575
Earth,8.156,4.621,13.027,0.456
Earth,7.808,1.589,2.074,0.4549
Earth,7.383,7.892,2.489,0.7787
Earth,9.345,5.665,7.932,0.2062
Earth,8.791,2.998,9.529,0.1842
Earth,6.92,5.101,4.849,0.6834
Earth,9.105,1.766,11.035,0.0729
Earth,7.962,7.761,9.329,0.6269
Earth,9.184,2.223,5.548,0.0834
Earth,8.9,5.536,1.355,0.2286
Earth,7.776,2.718,11.502,0.5148
Earth,6.567,6.023,4.007,0.7148
Earth,7.306,6.438,12.683,0.738
Earth,8.125,5.714,6.884,0.4986
Earth,8.4,5.301,9.079,0.3945
Earth,7.274,7.247,13.221,0.7669
Earth,6.918,1.55,13.091,0.5674
Earth,9.005,3.316,6.201,0.1223
Earth,9.453,2.738,3.924,0.0998
Earth,8.077,7.916,11.852,0.5966
Earth,7.015,3.726,7.063,0.6375
Earth,7.317,6.128,3.689,0.7182
Earth,6.555,5.793,13.662,0.7164
Earth,9.243,2.485,3.773,0.0907
Earth,6.853,2.673,1.361,0.5949
Earth,8.23,2.969,1.284,0.362
Earth,7.322,3.878,9.712,0.6454
Earth,8.163,2.64,10.263,0.3818
Earth,8.454,1.138,5.355,0.2271
Earth,8.989,7.156,5.48,0.2595
Earth,7.119,7.759,5.753,0.7773
Earth,6.533,3.391,10.522,0.6292
Earth,6.911,3.37,1.814,0.6197
Earth,9.2,1.05,14.008,0.0507
Earth,9.122,5.762,4.115,0.2058
Earth,8.292,6.778,14.995,0.4881
Earth,8.302,2.026,3.401,0.3071
Earth,8.495,2.118,11.802,0.2542
Earth,7.026,6.531,4.128,0.7327
Earth,9.243,5.314,2.132,0.1881
Earth,7.756,1.314,13.249,0.4738
Earth,7.649,5.358,13.023,0.6507
Earth,8.057,3.162,6.65,0.4318
Earth,6.641,3.581,10.834,0.6362
Earth,6.999,6.388,8.799,0.7324
Earth,8.714,6.677,12.941,0.3419
Earth,6.748,3.802,5.411,0.6385
Earth,8.309,7.63,8.331,0.5056
Earth,7.236,3.845,7.795,0.6424
Earth,7.668,6.403,5.955,0.6741
Earth,7.366,4.387,13.48,0.667
Earth,7.567,7.283,3.322,0.7359
Earth,8.657,7.354,3.093,0.3748
Earth,7.391,1.612,9.077,0.5655
Earth,8.199,7.555,10.205,0.5416
Earth,7.928,6.779,3.725,0.5983
Earth,8.491,6.539,6.47,0.405
Earth,9.31,2.406,14.252,0.0985
Earth,8.698,6.636,4.453,0.3375
Earth,7.145,6.951,10.357,0.7536
Earth,6.594,3.024,11.362,0.6172
Earth,7.287,7.666,7.274,0.7756
Earth,8.285,1.349,14.125,0.2996
Earth,6.654,2.049,11.313,0.583
Earth,7.989,4.763,7.411,0.5111
Earth,8.291,5.031,8.971,0.4215
Earth,7.503,5.516,10.697,0.7028
Earth,8.813,1.119,9.291,0.1109
Earth,6.82,7.723,13.302,0.7836
Earth,6.725,1.312,5.996,0.5519
Earth,8.685,2.001,5.198,0.1804
Earth,7.986,1.098,3.994,0.3803
Earth,8.565,4.968,1.529,0.3203
Earth,7.804,7.526,1.602,0.6635
Earth,7.239,5.662,13.181,0.7113
Earth,8.957,6.759,10.498,0.2613
Earth,8.898,1.093,10.247,0.0824
Earth,8.584,4.794,9.605,0.316
Earth,7.316,4.217,12.889,0.6605
Earth,8.271,4.493,7.724,0.4081
Earth,7.583,1.505,13.186,0.5382
Earth,6.775,5.791,6.032,0.7087
Earth,9.252,4.523,13.974,0.1723
Earth,6.91,6.356,10.781,0.7332
Earth,9.351,4.397,4.6,0.1585
Earth,7.838,2.046,8.897,0.4678
Earth,7.055,5.538,8.462,0.7023
Earth,8.126,2.207,2.931,0.3716
Earth,9.119,7.107,9.277,0.258
Earth,8.697,5.292,5.407,0.2917
Earth,8.92,2.1,1.733,0.102
Earth,8.476,7.736,14.281,0.4596
Earth,8.577,4.629,9.981,0.313
Earth,9.048,1.51,13.277,0.0661
Earth,7.249,5.388,10.465,0.699
Earth,7.968,2.772,5.998,0.4469
Earth,7.164,6.626,8.178,0.7401
Earth,9.463,6.725,10.46,0.2458
Earth,9.332,7.853,14.444,0.2893
Earth,6.618,4.513,4.551,0.6625
Earth,8.617,4.185,13.25,0.2875
Earth,9.276,6.274,13.937,0.2335
Earth,7.042,1.927,10.386,0.5778
Earth,8.204,4.828,14.038,0.4484
Earth,9.246,4.824,6.57,0.1754
Earth,6.602,1.626,14.342,0.5713
Earth,8.592,3.926,10.839,0.2842
Earth,7.392,6.973,1.588,0.7456
Earth,9.273,6.993,13.696,0.2585
Earth,9.413,1.695,7.783,0.0671
Earth,9.333,1.635,7.445,0.0647
Earth,7.923,2.839,8.931,0.4674
Earth,9.086,7.123,3.091,0.2524
Earth,9.034,1.902,7.568,0.0741
Earth,7.457,6.04,12.636,0.724
Earth,8.987,1.708,1.217,0.0654
Earth,6.611,5.362,4.821,0.6925
Earth,8.289,3.492,1.034,0.3603
Earth,7.19,6.522,6.82,0.7351
Earth,6.862,2.636,11.196,0.6035
Earth,6.731,5.474,12.183,0.7038
Earth,8.589,2.65,14.233,0.244
Earth,7.52,5.996,9.519,0.7128
Earth,8.674,7.116,4.565,0.3622
Earth,6.696,1.888,13.938,0.58
Earth,7.446,7.066,11.854,0.7592
Earth,8.118,5.155,9.042,0.4833
Earth,8.872,1.89,10.739,0.1195
Earth,7.456,3.993,13.94,0.6537
Earth,8.378,2.126,10.974,0.2928
Earth,9.158,5.902,6.157,0.2127
Earth,8.348,6.312,10.982,0.4494
Earth,7.199,1.741,1.564,0.5625
Earth,6.573,4.543,6.41,0.6654
Earth,9.11,6.702,6.689,0.2413
Earth,6.564,7.553,3.336,0.7677
Earth,9.124,4.595,1.323,0.1621
Earth,8.087,7.652,2.867,0.5751
Earth,9.317,4.75,10.165,0.1764
Earth,8.896,3.759,12.232,0.1784
Earth,9.494,6.937,14.835,0.2576
Earth,7.552,4.451,5.849,0.6443
Earth,8.802,4.303,9.391,0.2262
Earth,7.706,4.432,14.12,0.6006
Earth,7.94,6.927,3.339,0.5993
Earth,8.383,6.824,11.047,0.4557
Earth,9.121,3.825,11.57,0.1454
Earth,9.452,3.333,2.246,0.1189
Earth,8.805,4.443,13.057,0.2336
Earth,7.753,5.009,12.383,0.6033
Earth,7.764,2.668,1.468,0.5068
Earth,8.713,6.558,2.275,0.3275
Earth,7.216,4.405,1.688,0.6559
Earth,6.831,3.338,5.686,0.6225
Earth,7.564,1.748,8.13,0.548
Earth,7.362,2.672,8.453,0.602
Earth,7.389,7.645,4.747,0.7723
Earth,7.201,3.136,13.762,0.6235
Earth,6.626,2.182,6.156,0.5825
Earth,6.554,4.225,1.638,0.6495
Earth,9.463,3.15,5.203,0.1154
Earth,7.783,1.246,8.436,0.4576
Earth,7.653,3.262,6.715,0.5699
Earth,8.539,4.809,4.834,0.3268
Earth,7.155,4.862,2.839,0.673
Earth,9.35,3.496,12.468,0.1348
Earth,8.859,4.131,14.946,0.2065
Earth,6.768,7.759,5.614,0.7772
Earth,7.753,3.641,6.343,0.5495
Earth,9.137,2.808,9.653,0.1079
Earth,9.334,2.704,11.058,0.1057
Earth,7.902,4.204,6.488,0.5196
Earth,8.34,6.317,13.669,0.4547
Earth,7.001,2.442,8.84,0.5943
Earth,9.474,5.965,7.305,0.2161
Earth,7.195,1.148,10.053,0.5502
Earth,9.328,3.933,14.339,0.152
Earth,8.449,6.431,12.124,0.4209
Earth,8.323,3.371,1.56,0.3451
Earth,8.038,4.946,5.652,0.4994
Earth,7.192,2.435,7.588,0.5928
Earth,7.03,6.194,5.403,0.7222
Earth,7.161,1.366,10.803,0.5586
Earth,7.059,6.968,12.568,0.7564
Earth,8.839,2.387,11.239,0.1485
Earth,7.55,7.121,14.851,0.7473
Earth,6.674,3.468,4.816,0.6262
Earth,9.407,6.059,13.25,0.2253
Earth,9.151,3.235,11.733,0.1249
Earth,9.283,7.341,6.071,0.263
Earth,9.485,1.886,11.278,0.0773
Earth,7.022,2.25,2.457,0.5812
Earth,7.689,4.451,12.051,0.6049
Earth,8.775,1.574,8.453,0.1386
Earth,8.588,2.372,5.092,0.2254
Earth,6.962,7.606,10.181,0.7764
Earth,8.947,7.835,9.983,0.3017
Earth,7.173,3.634,3.933,0.6311
Earth,7.171,7.463,1.426,0.7626
Earth,8.111,4.814,7.071,0.4719
Earth,8.279,2.888,8.973,0.3505
Earth,8.24,5.917,13.272,0.4736
Earth,6.774,5.612,13.995,0.7104
Earth,9.132,7.924,8.403,0.2857
Earth,7.297,2.855,11.553,0.6115
Earth,6.889,5.704,7.15,0.7068
Earth,9.166,1.364,11.445,0.0592
Earth,9.367,1.796,3.867,0.0667
Earth,9.086,1.027,6.195,0.0422
Earth,8.929,7.996,9.879,0.3136
Earth,8.466,6.616,1.254,0.4109
Earth,8.153,6.507,11.114,0.5213
Earth,6.761,4.568,12.697,0.6726
Earth,7.725,3.1,6.588,0.54
Earth,7.618,2.059,7.271,0.54
Earth,7.279,2.993,12.918,0.6177
Earth,8.67,3.632,11.859,0.2489
Earth,7.988,6.294,5.034,0.5628
Earth,6.743,4.778,5.536,0.6728
Earth,7.161,1.542,10.504,0.5645
Earth,8.55,1.126,8.885,0.1984
Earth,6.728,1.716,3.271,0.5633
Earth,9.054,3.873,5.339,0.1409
Earth,7.985,7.532,13.6,0.6154
Earth,7.942,5.462,10.634,0.5545
Earth,8.277,6.613,14.804,0.4872
Earth,8.974,4.265,11.738,0.1697
Earth,7.543,3.532,14.188,0.6233
Earth,8.534,1.759,4.027,0.2209
Earth,8.197,7.132,11.801,0.529
Earth,7.301,6.482,1.283,0.7282
Earth,9.136,2.177,10.391,0.0866
Earth,8.892,4.586,7.57,0.204
Earth,8.475,4.412,5.855,0.3351
Earth,9.052,5.376,13.074,0.2012
Earth,9.102,7.623,12.96,0.2798
Earth,8.625,5.058,1.312,0.3033
Earth,9.011,4.782,9.533,0.1769
Earth,8.592,1.352,6.15,0.1893
Earth,8.54,1.44,6.819,0.2104
Earth,8.356,2.311,12.649,0.3083
Earth,8.758,1.227,5.338,0.1289
Earth,6.976,6.203,14.203,0.7313
Earth,9.143,6.063,3.515,0.2157
Earth,9.116,1.952,10.278,0.0786
Earth,6.588,6.853,10.409,0.7502
Earth,8.977,2.084,4.531,0.085
Earth,6.887,3.108,5.547,0.6143
Earth,7.505,2.743,12.687,0.6069
Earth,8.731,3.606,11.665,0.2277
Earth,6.982,2.783,5.607,0.603
Earth,8.954,4.423,8.475,0.1786
Earth,8.996,3.852,1.864,0.1379
Earth,8.022,7.906,3.922,0.6065
Earth,6.519,1.391,7.801,0.5565
Earth,7.361,1.995,2.204,0.572
Earth,8.351,1.37,12.807,0.2772
Earth,9.444,5.381,11.052,0.1994
Earth,8.395,1.382,14.211,0.2641
Earth,7.279,6.855,10.709,0.7506
Earth,8.402,4.584,14.166,0.3739
Earth,8.12,4.689,8.763,0.4662
Earth,8.84,4.931,9.403,0.2355
Earth,6.821,2.196,14.678,0.5915
Earth,8.783,2.384,9.99,0.1657
Earth,8.124,3.232,1.431,0.4066
Earth,9.389,5.154,11.133,0.1915
Earth,7.526,2.471,13.677,0.5916
Earth,8.398,1.814,12.138,0.2764
Earth,9.296,7.791,9.174,0.2819
Earth,6.808,1.154,10.398,0.5508
Earth,9.312,6.619,14.863,0.2465
Earth,8.564,6.516,2.269,0.3758
Earth,6.704,3.08,10.341,0.6182
Earth,7.403,1.949,4.968,0.5732
Earth,8.625,2.019,9.961,0.2058
Earth,6.702,5.882,9.507,0.7154
Earth,8.247,5.5,3.148,0.4468
Earth,7.538,6.479,3.894,0.7181
Earth,8.363,7.562,9.703,0.4868
Earth,6.637,5.843,2.795,0.7073
Earth,9.115,2.091,4.713,0.0779
Earth,9.42,2.704,12.693,0.1073
Earth,9.407,6.895,5.579,0.2469
Earth,8.749,2.465,7.833,0.1778
Earth,6.89,1.508,14.176,0.5669
Earth,8.775,5.923,4.18,0.2866
Earth,6.574,3.818,6.455,0.6401
Earth,6.566,7.44,9.49,0.7699
Earth,7.471,5.552,11.575,0.7059
Earth,7.966,1.633,13.623,0.4155
Earth,8.811,7.635,13.817,0.344
Earth,8.55,2.81,11.873,0.2603
Earth,7.838,3.36,4.197,0.5092
Earth,7.321,3.816,1.347,0.6349
Earth,9.491,1.359,6.373,0.0539
Earth,7.779,4.476,2.982,0.5668
Earth,7.854,1.863,10.945,0.4581
Earth,6.991,3.807,10.256,0.6435
Earth,8.884,3.455,1.616,0.1611
Earth,8.581,6.41,12.712,0.3767
Earth,7.162,6.622,4.482,0.7363
Earth,6.747,2.074,7.051,0.5796
Earth,8.541,3.566,10.351,0.288
Earth,8.464,3.613,7.012,0.3123
Earth,7.32,2.06,7.178,0.5793
Earth,9.353,6.589,1.919,0.2325
Earth,6.953,5.951,6.62,0.7149
Earth,7.797,2.333,11.708,0.4943
Earth,9.331,3.567,13.812,0.1387
Earth,7.759,1.741,6.789,0.4813
Earth,8.416,5.397,6.93,0.3906
Earth,7.693,1.85,10.837,0.5113
Earth,7.323,7.902,14.199,0.7908
Earth,9.452,6.465,4.739,0.231
Earth,7.728,3.732,7.162,0.5618
Earth,9.182,5.05,12.144,0.1889
Earth,7.19,7.379,9.536,0.7678
Earth,7.139,4.879,2.548,0.6733
Earth,6.593,2.221,9.788,0.5875
Earth,8.455,3.651,3.614,0.3131
Earth,7.606,6.902,8.143,0.7145
Earth,9.093,5.509,8.407,0.2012
Earth,7.92,5.555,13.267,0.5678
Earth,9.405,7.068,7.475,0.2548
Earth,7.057,7.258,4.912,0.7589
Earth,9.106,7.439,4.234,0.2646
Earth,8.83,1.664,13.24,0.1282
Earth,8.813,4.809,3.394,0.2341
Earth,9.034,6.184,6.962,0.2234
Earth,8.783,6.298,3.62,0.2964
Earth,8.379,5.247,11.826,0.4026
Earth,6.894,2.168,7.641,0.5835
Earth,6.598,6.582,5.916,0.7363
Earth,9.263,6.041,6.055,0.2175
Earth,8.35,1.603,12.931,0.2857
Earth,8.89,4.247,8.753,0.1942
Earth,7.945,2.218,11.05,0.4405
Earth,6.852,3.362,13.559,0.6312
Earth,6.876,1.127,13.624,0.5531
Earth,8.557,3.802,5.599,0.2864
Earth,7.791,4.849,14.334,0.5871
Earth,7.102,5.337,1.348,0.6881
Earth,7.975,5.644,6.276,0.5456
Earth,6.693,6.854,13.541,0.7534
Earth,8.246,2.508,4.845,0.344
Earth,7.307,1.843,4.823,0.5693
Earth,8.893,6.961,5.237,0.2846
Earth,7.431,2.096,9.572,0.5829
Earth,7.866,7.823,7.137,0.6591
Earth,6.535,6.898,11.174,0.7526
Earth,6.717,4.506,13.529,0.6712
Earth,7.677,7.87,10.439,0.7267
Earth,7.94,1.682,3.863,0.4161
Earth,8.3,3.121,14.058,0.3566
Earth,7.375,5.468,4.703,0.6961
Earth,8.585,3.45,3.099,0.2622
Earth,9.08,7.499,2.26,0.2647
Earth,8.84,1.459,8.887,0.1134
Earth,6.619,4.846,2.593,0.6722
Earth,7.942,5.136,2.943,0.5355
Earth,6.815,5.569,5.2,0.7001
Earth,7.226,2.79,4.943,0.6026
Earth,9.46,3.552,9.459,0.1338
Earth,6.927,6.906,12.434,0.7541
Earth,7.997,2.365,11.659,0.4289
Earth,8.354,6.788,4.675,0.4574
Earth,8.607,4.939,4.434,0.3082
Earth,8.179,6.335,14.521,0.5099
Earth,6.529,5.995,1.115,0.7109
Earth,7.479,2.453,13.316,0.5992
Earth,8.053,4.982,3.796,0.4938
Earth,6.764,7.074,14.262,0.7619
Earth,7.552,4.025,5.792,0.6294
Earth,6.6,7.766,7.165,0.779
Earth,6.736,4.166,10.9,0.6567
Earth,7.691,1.999,9.227,0.5156
Earth,6.898,3.726,5.451,0.6359
Earth,8.203,7.662,8.754,0.5427
Earth,8.568,3.238,11.23,0.2684
Earth,8.902,7.077,1.593,0.282
Earth,7.1,7.169,1.157,0.7521
Earth,7.002,3.451,7.413,0.6282
Earth,6.814,1.583,2.846,0.5582
Earth,8.409,6.072,10.301,0.4197
Earth,8.619,3.181,3.997,0.2422
Earth,6.595,6.48,7.06,0.7339
Earth,9.309,4.099,3.767,0.1472
Earth,6.656,4.397,8.679,0.6626
Earth,8.124,6.445,2.625,0.5202
Earth,8.627,3.677,1.323,0.2543
Earth,9.113,4.102,1.716,0.1453
Earth,8.642,3.633,14.36,0.2608
Earth,8.905,3.571,2.992,0.1596
Earth,7.518,4.682,10.919,0.6687
Earth,8.944,6.662,1.951,0.2536
Earth,6.74,3.532,2.514,0.6261
Earth,9.184,4.67,8.124,0.1716
Earth,8.143,5.695,7.508,0.4926
Earth,8.952,2.886,14.322,0.1314
Earth,7.857,2.943,14.228,0.4982
Earth,8.431,7.534,11.915,0.4654
Earth,8.079,6.065,9.429,0.5286
Earth,8.695,5.04,7.369,0.2855
Earth,6.745,5.534,5.986,0.6997
Earth,6.681,1.205,14.259,0.5564
Earth,7.241,5.327,9.441,0.6959
Earth,6.979,4.567,9.107,0.6689
Earth,9.115,4.82,4.247,0.173
Earth,7.158,3.516,1.654,0.6247
Earth,9.428,1.57,14.233,0.0692
Earth,7.511,2.353,5.392,0.5842
Earth,7.046,7.655,7.196,0.7751
Earth,8.869,3.861,2.605,0.1814
Earth,8.476,4.267,12.717,0.3367
Earth,7.995,1.369,1.387,0.3844
Earth,8.166,1.263,12.676,0.3348
Earth,8.658,6.02,2.964,0.3278
Earth,7.185,4.767,13.412,0.6802
Earth,9.489,4.561,11.217,0.1708
Earth,9.424,2.702,3.305,0.0979
Earth,8.451,6.213,8.921,0.4094
Earth,7.099,2.178,5.377,0.5816
Earth,8.541,2.33,3.495,0.2381
Earth,6.717,4.225,13.029,0.6609
Earth,6.592,3.004,6.649,0.6118
Earth,7.273,2.732,6.58,0.6022
Earth,7.888,5.517,3.378,0.5672
Earth,9.105,5.557,6.363,0.2009
Earth,8.682,6.772,13.203,0.3564
Earth,8.728,3.924,6.084,0.234
Earth,7.776,1.512,14.322,0.4751
Earth,7.538,2.916,14.248,0.6037
Earth,7.613,7.86,3.029,0.7404
Earth,9.463,5.174,3.482,0.1846
Earth,6.62,5.968,13.077,0.722
Earth,9.101,1.052,6.499,0.0433
Earth,8.236,4.627,1.061,0.4177
Earth,7.816,1.263,4.834,0.4437
Earth,8.676,4.985,9.367,0.2919
Earth,7.96,7.445,12.19,0.6194
Earth,9.12,7.779,2.867,0.2751
Earth,9.202,4.784,2.548,0.17
Earth,7.765,4.207,13.909,0.5728
Earth,7.33,7.615,11.516,0.778
Earth,8.277,5.715,9.257,0.4503
Earth,9.237,1.454,11.769,0.0627
Earth,7.132,4.26,7.004,0.6561
Earth,8.369,2.682,11.618,0.3158
Earth,8.395,4.289,6.205,0.3581
Earth,8.699,4.188,4.417,0.2512
Earth,6.895,5.075,11.206,0.6888
Earth,8.647,3.497,6.875,0.2468
Earth,9.227,2.15,14.739,0.09
Earth,7.039,4.526,5.893,0.6643
Earth,7.213,6.811,13.904,0.7523
Earth,9.414,5.648,14.061,0.2117
Earth,7.043,3.369,4.386,0.6223
Earth,9.063,7.549,12.175,0.2764
Earth,7.977,7.385,7.063,0.6066
Earth,7.242,2.465,13.845,0.6001
Earth,9.112,1.276,7.302,0.052
Earth,7.836,6.189,11.42,0.6161
Earth,8.044,6.793,7.538,0.5638
Earth,7.578,7.775,4.189,0.7504
Earth,8.279,7.229,3.791,0.4972
Earth,6.991,5.204,6.956,0.6891
Earth,7.673,4.71,11.577,0.6187
Earth,9.408,1.195,9.471,0.0513
Earth,7.274,2.727,10.641,0.6061
Earth,8.47,4.217,4.953,0.3292
Earth,7.476,5.4,7.74,0.6967
Earth,8.82,4.901,1.622,0.233
Earth,6.893,6.198,12.445,0.7294
Earth,9.409,2.958,14.858,0.1184
Earth,7.861,4.955,6.696,0.5597
Earth,7.208,1.617,1.153,0.5577
Earth,6.72,3.896,3.377,0.6397
Earth,7.009,6.251,10.135,0.7289
Earth,8.059,5.854,9.569,0.528
Earth,7.511,7.934,12.03,0.7861
Earth,8.987,2.945,4.554,0.1121
Earth,7.793,4.487,11.691,0.5712
Earth,7.246,3.307,10.632,0.6264
Earth,8.351,4.084,5.519,0.3647
Earth,8.62,6.999,8.637,0.3801
Earth,7.001,5.789,3.062,0.7057
Earth,7.003,7.177,7.336,0.7585
Earth,6.61,2.425,13.337,0.5982
Earth,8.709,7.114,6.897,0.3528
Earth,8.491,1.418,12.754,0.2319
Earth,7.924,7.22,9.264,0.6207
Earth,9.033,3.304,3.686,0.1193
Earth,8.917,3.202,9.135,0.1489
Earth,8.256,4.585,8.084,0.4165
Earth,9.105,7.585,6.581,0.2721
Earth,7.118,1.334,2.675,0.5494
Earth,6.836,3.466,6.834,0.6281
Earth,7.309,6.996,2.019,0.7469
Earth,6.671,3.772,2.383,0.6344
Earth,8.094,2.394,6.823,0.3928
Earth,9.31,3.974,5.275,0.1443
Earth,6.618,3.699,13.958,0.6434
Earth,6.866,7.408,6.26,0.7655
Earth,7.857,6.334,11.61,0.6144
Earth,9.302,4.536,8.423,0.1672
Earth,7.448,7.919,10.857,0.788
Earth,8.022,4.257,4.642,0.4797
Earth,6.625,1.408,14.187,0.5635
Earth,6.945,2.836,8.421,0.6077
Earth,9.46,4.052,12.639,0.1545
Earth,9.395,2.098,6.111,0.0796
Earth,6.515,7.633,2.403,0.7696
Earth,9.355,6.368,10.432,0.2333
Earth,8.417,2.878,1.109,0.2961
Earth,9.104,5.136,7.654,0.1874
Earth,7.864,6.05,3.699,0.594
Earth,8.047,7.589,9.783,0.5931
Earth,7.967,7.171,14.712,0.6102
Earth,8.501,4.606,7.502,0.3352
Earth,6.919,6.423,12.445,0.7372
Earth,6.59,4.935,8.109,0.6808
Earth,7.424,4.869,7.942,0.6784
Earth,8.614,1.803,14.026,0.2058
Earth,7.106,1.883,13.46,0.5794
Earth,8.52,4.707,12.001,0.3366
Earth,9.41,2.882,5.148,0.106
Earth,6.782,1.147,8.63,0.5488
Earth,8.518,6.06,4.135,0.377
Earth,7.831,1.227,7.215,0.4398
Earth,9.104,5.167,7.779,0.1886
Earth,7.031,4.774,12.643,0.6797
Earth,8.578,7.782,13.544,0.4266
Earth,9.014,4.389,6.805,0.1604
Earth,9.334,1.445,1.248,0.0518
Earth,8.55,4.862,13.065,0.3333
Earth,7.992,6.888,3.44,0.5807
Earth,8.354,7.978,9.706,0.5044
Earth,9.107,4.012,1.35,0.1418
Earth,8.212,3.242,6.593,0.3828
Earth,6.591,7.347,14.803,0.7719
Earth,9.293,2.339,2.41,0.0843
Earth,8.569,5.308,6.932,0.3365
Earth,8.53,3.84,5.3,0.2965
Earth,7.147,1.288,13.671,0.5587
Earth,8.477,3.431,13.171,0.3077
Earth,7.682,2.857,4.328,0.5438
Earth,8.454,5.803,2.137,0.3873
Earth,6.82,7.642,9.78,0.7772
Earth,8.474,2.876,5.709,0.2819
Earth,9.498,6.68,10.409,0.2442
Earth,6.645,1.388,1.45,0.55
Earth,9.432,4.767,2.868,0.1697
Earth,7.721,1.494,10.609,0.4893
Earth,9.112,7.538,3.973,0.2678
Earth,8.847,6.364,13.006,0.2867
Earth,8.201,5.606,1.82,0.4643
Earth,8.715,6.767,4.017,0.3358
Earth,9.136,5.533,14.98,0.2086
Earth,7.712,7.783,7.063,0.7086
Earth,7.481,5.998,10.842,0.7208
Earth,8.503,7.473,3.557,0.4308
Earth,8.924,4.62,9.538,0.1967
Earth,8.787,1.819,11.165,0.1459
Earth,8.893,4.697,5.403,0.2053
Earth,7.807,1.888,12.605,0.4764
Earth,8.954,5.147,9.448,0.2051
Earth,6.861,4.377,6.448,0.6597
Earth,8.133,5.358,8.807,0.4852
Earth,6.517,1.07,9.075,0.5465
Earth,7.474,2.364,3.317,0.5861
Earth,7.599,4.439,6.638,0.6289
Earth,7.689,7.654,5.808,0.7108
Earth,8.586,3.685,6.613,0.2735
Earth,7.666,3.971,11.656,0.5954
Earth,7.846,6.003,7.756,0.6025
Earth,7.213,5.227,14.164,0.6971
Earth,7.62,3.092,5.111,0.5734
Earth,7.182,3.876,6.82,0.6425
Earth,6.72,2.524,12.017,0.6004
Earth,8.31,7.762,8.644,0.5102
Earth,8.505,1.914,8.658,0.2408
Earth,8.358,3.603,1.747,0.3417
Earth,7.89,1.181,6.58,0.4178
Earth,7.639,2.552,4.79,0.5477
Earth,9.09,6.463,14.991,0.2412
Earth,8.057,2.408,5.317,0.4039
Earth,7.938,1.56,13.383,0.4221
Earth,6.577,4.321,10.467,0.6617
Earth,7.524,1.07,5.773,0.5353
Earth,7.641,1.593,8.609,0.5175
Earth,7.696,6.653,12.768,0.6801
Earth,8.241,6.4,13.367,0.4905
Earth,8.101,7.406,3.246,0.5622
Earth,8.324,6.982,5.754,0.4755
Earth,8.795,5.782,5.693,0.2765
Earth,8.939,1.366,1.589,0.0698
Earth,8.654,6.48,9.375,0.3514
Earth,9.367,6.919,12.967,0.2551
Earth,6.555,6.594,6.342,0.7371
Earth,7.087,4.559,11.361,0.6709
Earth,6.523,2.63,9.788,0.6018
Earth,8.442,6.917,6.259,0.4342
Earth,9.194,6.09,2.975,0.2161
Earth,7.23,7.865,10.931,0.7862
Earth,9.281,2.09,12.964,0.0861
Earth,6.681,2.58,10.602,0.6009
Earth,9.303,2.483,1.25,0.0881
Earth,7.555,6.548,4.027,0.7149
Earth,6.804,2.308,1.973,0.5828
Earth,7.958,1.467,8.985,0.4078
Earth,7.27,7.99,11.591,0.7912
Earth,7.355,1.174,2.548,0.5436
Earth,7.422,6.847,12.737,0.7524
Earth,8.909,3.558,8.777,0.1636
Earth,8.117,6.891,10.66,0.546
Earth,7.434,4.882,14.6,0.6855
Earth,8.331,7.311,2.172,0.4811
Earth,8.648,7.483,13.617,0.3927
Earth,7.318,1.064,2.765,0.54
Earth,7.741,1.528,6.501,0.4798
Earth,6.866,2.753,12.92,0.6093
Earth,7.043,5.685,13.688,0.7127
Earth,8.543,7.218,8.089,0.4129
Earth,7.044,4.22,9.317,0.657
Earth,8.075,5.249,10.914,0.5028
Earth,8.627,2.319,12.659,0.2181
Earth,6.821,6.635,2.701,0.7349
Earth,8.202,7.771,12.341,0.5504
Earth,7.27,2.88,7.738,0.6085
Earth,9.389,4.464,7.309,0.1635
Earth,7.951,1.603,6.935,0.4128
Earth,8.918,4.914,8.129,0.2075
Earth,8.151,4.519,14.231,0.4555
Earth,6.63,2.011,8.675,0.5791
Earth,8.399,4.094,14.344,0.3578
Earth,9.354,3.339,3.524,0.1204
Earth,8.305,4.653,11.138,0.4057
Earth,8.958,5.1,12.371,0.205
Earth,9.153,1.059,10.508,0.0476
Earth,7.184,6.327,9.497,0.7309
Earth,7.136,5.991,8.907,0.7186
Earth,8.333,3.564,13.053,0.3601
Earth,7.733,1.371,12.503,0.4828
Earth,9.02,6.285,2.712,0.2227
Earth,9.2,7.686,12.88,0.2819
Earth,7.56,2.681,6.797,0.5805
Earth,7.211,3.265,4.552,0.6188
Earth,8.842,2.287,13.177,0.146
Earth,7.324,5.039,7.048,0.6834
Earth,8.968,2.084,12.317,0.096
Earth,7.771,3.493,4.688,0.5366
Earth,8.503,5.879,1.055,0.3726
Earth,6.787,4.921,7.936,0.6802
Earth,8.372,3.705,2.403,0.3416
Earth,7.855,3.942,11.561,0.5311
Earth,8.26,4.935,4.865,0.4243
Earth,7.004,1.041,7.211,0.5436
Earth,8.711,1.55,2.218,0.1529
Earth,9.088,7.169,5.013,0.2559
Earth,7.15,1.545,11.941,0.566
Earth,6.787,5.948,3.122,0.7113
Earth,6.571,7.44,10.06,0.7705
Earth,8.426,2.895,13.844,0.3065
Earth,8.321,3.593,10.518,0.3625
Earth,8.14,4.982,12.354,0.4734
Earth,7.196,7.172,2.526,0.7535
Earth,7.673,7.593,4.51,0.7127
Earth,8.283,6.177,13.524,0.4686
Earth,7.99,1.606,11.011,0.4038
Earth,9.463,5.684,9.954,0.2089
Earth,6.909,3.872,10.293,0.6458
Earth,8.585,4.295,6.799,0.2953
Earth,7.713,1.344,1.624,0.4777
Earth,7.785,2.337,11.982,0.4989
Earth,8.653,6.534,10.502,0.3549
Earth,8.577,4.178,7.619,0.2947
Earth,9.474,3.112,13.597,0.1225
Earth,6.885,3.688,5.706,0.6348
Earth,6.812,6.981,5.121,0.7494
Earth,8.673,6.243,13.219,0.3407
Earth,8.235,2.906,12.158,0.3688
Earth,7.322,1.823,8.21,0.572
Earth,6.738,2.764,2.83,0.5996
Earth,6.757,7.445,4.011,0.7646
Earth,9.183,5.071,10.187,0.1877
Earth,7.076,4.734,6.391,0.6721
Earth,7.47,5.175,12.711,0.6938
Earth,7.18,3.562,14.299,0.639
Earth,7.565,6.65,12.279,0.7234
Earth,6.708,4.663,6.286,0.6695
Earth,8.057,1.817,12.042,0.3899
Earth,6.703,1.903,5.92,0.5725
Earth,8.901,4.758,3.339,0.2028
Earth,7.201,7.556,1.468,0.7659
Earth,8.12,3.158,6.4,0.4103
Earth,9.14,7.087,13.65,0.2617
Earth,8.453,6.349,4.346,0.409
Earth,8.099,2.735,3.891,0.4
Earth,7.473,1.254,14.577,0.5585
Earth,7.499,1.713,1.35,0.5613
Earth,8.508,6.099,12.001,0.3893
Earth,9.482,2.398,5.499,0.0894
Earth,8.486,3.599,1.525,0.299
Earth,8.173,4.512,13.849,0.4473
Earth,8.692,6.078,2.955,0.3184
Earth,7.896,1.793,8.725,0.4396
Earth,6.68,3.845,4.837,0.6394
Earth,8.187,4.396,1.913,0.4268
Earth,9.373,4.786,1.699,0.1692
Earth,7.026,6.729,2.618,0.7381
Earth,8.57,2.202,1.999,0.2224
Earth,7.103,6.655,11.648,0.7446
Earth,8.107,5.85,7.798,0.5101
Earth,6.79,4.891,5.8,0.677
Earth,7.851,5.897,6.857,0.5962
Earth,8.768,3.884,14.005,0.2271
Earth,7.543,1.969,13.751,0.5684
Earth,8.495,5.66,11.019,0.3776
Earth,8.886,4.673,13.386,0.2148
Earth,9.282,5.476,5.475,0.1971
Earth,7.204,3.366,6.336,0.6241
Earth,7.698,7.348,9.592,0.7008
Earth,6.957,5.112,9.731,0.6886
Earth,9.477,1.598,7.744,0.0637
Earth,9.281,4.149,6.609,0.1518
Earth,8.12,6.294,14.807,0.5285
Earth,9.026,6.559,12.496,0.2421
Earth,8.063,4.462,7.09,0.4756
Earth,8.371,7.263,11.182,0.4751
Earth,6.767,2.874,4.774,0.6054
Earth,8.766,3.874,2.402,0.2161
Earth,6.883,7.29,5.934,0.7611
Earth,8.978,7.274,6.642,0.2685
Earth,8.846,5.8,1.232,0.2555
Earth,8.626,7.013,12.407,0.3824
Earth,6.608,1.621,6.029,0.5628
Earth,7.409,7.055,9.126,0.756
Earth,7.289,3.244,2.035,0.6156
Earth,7.58,2.248,3.45,0.5553
Earth,6.763,2.676,13.456,0.6071
Earth,9.311,3.926,9.522,0.1469
Earth,8.161,2.758,14.304,0.3904
Earth,7.417,3.244,14.983,0.6285
Earth,7.691,1.945,6.206,0.5106
Earth,7.842,3.073,5.183,0.4989
Earth,8.302,5.006,13.017,0.421
Earth,8.047,4.093,14.981,0.4759
Earth,9.258,3.427,9.815,0.1298
Earth,7.991,6.225,12.132,0.5664
Earth,9.476,7.255,11.944,0.2659
Earth,9.054,6.298,5.975,0.2264
Earth,7.126,3.324,9.04,0.6254
Earth,9.292,6.211,12.663,0.2301
Earth,6.849,2.064,10.634,0.5829
Earth,8.952,1.912,1.296,0.0841
Earth,7.642,3.419,5.714,0.5781
Earth,9.134,6.654,3.023,0.2359
Earth,9.104,2.724,4.262,0.0996
Earth,8.918,1.443,13.677,0.0916
Earth,8.87,1.922,1.517,0.1121
Earth,7.414,7.011,4.077,0.7495
Earth,6.743,5.436,5.334,0.6956
Earth,7.709,2.772,9.636,0.537
Earth,7.021,4.887,8.477,0.6795
Earth,8.585,4.693,4.056,0.3067
Earth,7.538,5.588,3.299,0.6861
Earth,9.427,2.632,4.315,0.0964
Earth,8.423,7.051,8.035,0.4472
Earth,8.967,3.166,4.796,0.1264
Earth,6.898,5.859,14.266,0.7193
Earth,9.086,1.113,7.494,0.0464
Earth,9.268,3.609,1.823,0.1281
Earth,7.961,3.462,11.21,0.4787
Earth,8.319,4.804,5.604,0.4008
Earth,8.794,1.509,10.149,0.1315
Earth,7.025,6.531,4.914,0.7335
Earth,8.008,2.524,8.99,0.4281
Earth,7.696,5.739,11.81,0.6474
Earth,6.939,6.622,13.992,0.7458
Earth,7.603,4.933,4.656,0.6431
Earth,6.705,6.186,5.688,0.7222
Earth,6.577,5.633,7.5,0.7047
Earth,6.905,3.489,13.98,0.6361
Earth,9.389,6.662,13.619,0.2468
Earth,8.149,3.063,2.258,0.3933
Earth,9.397,4.998,2.847,0.1778
Earth,7.797,6.218,7.937,0.6264
Earth,7.435,3.653,2.493,0.6303
Earth,8.018,3.119,5.838,0.4422
Earth,7.819,4.215,3.077,0.5444
Earth,6.817,6.726,9.905,0.7453
Earth,8.422,7.509,14.293,0.4696
Earth,7.148,4.816,14.954,0.6835
Earth,8.359,5.63,6.253,0.4171
Earth,8.451,7.323,9.386,0.4488
Earth,6.956,1.69,12.988,0.5721
Earth,6.684,2.625,2.644,0.5945
Earth,8.842,5.962,10.654,0.2719
Earth,7.879,6.766,6.724,0.6171
Earth,6.674,6.999,3.886,0.7489
Earth,9.485,3.906,6.639,0.1433
Earth,6.673,1.625,2.063,0.559
Earth,8.585,4.064,10.736,0.2913
Earth,9.451,2.615,4.538,0.0961
Earth,7.218,3.038,5.36,0.6117
Earth,6.927,6.406,2.695,0.7269
Earth,6.864,1.529,13.105,0.5666
Earth,7.41,6.793,7.908,0.7457
Earth,6.803,3.994,9.01,0.6488
Earth,8.576,5.172,8.972,0.3312
Earth,6.687,1.628,6.747,0.5637
Earth,8.028,3.362,3.695,0.4453
Earth,9.49,1.628,11.432,0.0684
Earth,8.942,7.731,2.779,0.2927
Earth,8.346,6.651,2.454,0.4533
Earth,7.419,4.217,10.942,0.6586
Earth,8.372,2.565,3.924,0.3031
Earth,8.081,7.534,5.295,0.5753
Earth,7.778,3.412,7.653,0.5343
Earth,6.892,2.127,7.291,0.5817
Earth,9.16,4.942,10.92,0.1839
Earth,7.849,7.606,9.728,0.6595
Earth,7.084,1.027,10.022,0.546
Earth,7.603,2.667,10.997,0.5699
Earth,7.742,7.569,5.097,0.6892
Earth,8.983,2.198,5.513,0.0882
Earth,8.701,1.793,7.132,0.1696
Earth,8.808,4.991,5.304,0.244
Earth,6.533,7.033,14.789,0.7609
Earth,7.748,4.34,12.397,0.5815
Earth,7.944,7.962,3.305,0.634
Earth,6.558,5.754,1.078,0.7025
Earth,7.279,1.519,1.599,0.5547
Earth,8.781,7.95,4.417,0.3557
Earth,6.911,3.855,2.6,0.6375
Earth,8.106,3.012,8.467,0.4119
Earth,7.146,4.905,13.012,0.6847
Earth,6.536,3.13,11.315,0.6209
Earth,7.224,1.605,4.019,0.5602
Earth,9.428,1.01,6.59,0.0419
Earth,8.905,4.147,8.111,0.1851
Earth,9.379,6.858,12.343,0.2524
Earth,7.964,5.006,12.748,0.5334
Earth,6.829,7.994,13.736,0.7935
Earth,8.144,3.008,8.129,0.3988
Earth,7.863,2.963,10.72,0.4934
Earth,9.033,2.118,2.565,0.0767
Earth,6.794,2.148,8.914,0.5841
Earth,7.965,2.996,4.482,0.4544
Earth,6.95,6.55,7.044,0.7363
Earth,7.474,7.34,9.877,0.7668
Earth,8.712,7.826,4.598,0.3745
Earth,7.928,2.626,1.731,0.451
Earth,7.628,7.169,1.143,0.7095
Earth,7.683,3.298,1.31,0.5556
Earth,7.878,1.79,1.117,0.4376
Earth,8.855,7.09,2.545,0.299
Earth,9.176,5.453,4.353,0.1952
Earth,9.366,2.153,4.097,0.0795
Earth,8.861,4.009,14.815,0.2016
Earth,7.446,3.011,5.284,0.6107
Earth,8.564,6.158,2.784,0.3635
Earth,7.813,4.174,8.638,0.5505
Earth,7.264,7.925,13.011,0.7904
Earth,9.023,1.383,10.493,0.0589
Earth,6.615,3.485,5.145,0.6271
Earth,9.205,4.373,8.863,0.1619
Earth,7.884,4.522,11.008,0.5411
Earth,8.412,3.212,11.193,0.3197
Earth,8.478,6.105,10.332,0.398
Earth,9.185,7.123,13.191,0.2625
Earth,8.41,7.571,13.181,0.4748
Earth,8.342,6.636,9.105,0.4608
Earth,6.7,6.954,7.018,0.7504
Earth,8.055,4.854,9.982,0.4948
Earth,6.951,6.781,12.455,0.7498
Earth,8.712,3.125,1.079,0.2063
Earth,8.037,3.789,14.888,0.4686
Earth,8.541,3.218,3.561,0.2693
Earth,6.625,4.272,7.583,0.6571
Earth,6.754,2.999,13.208,0.6182
Earth,8.649,7.731,4.151,0.3918
Earth,6.716,3.19,7.675,0.6193
Earth,6.714,1.686,2.856,0.5619
Earth,6.536,4.688,6.531,0.6706
Earth,9.37,1.4,3.48,0.0525
Earth,8.713,1.774,6.091,0.164
Earth,7.56,2.536,6.228,0.5751
Earth,7.39,4.25,14.904,0.6637
Earth,7.549,4.033,14.927,0.6397
Earth,8.824,6.598,2.607,0.2922
Earth,8.484,6.176,11.164,0.3993
Earth,7.056,3.984,1.724,0.6412
Earth,7.022,3.336,1.423,0.6182
Earth,6.795,3.215,2.475,0.615
Earth,8.481,6.418,14.517,0.4122
Earth,8.793,1.365,14.172,0.1309
Earth,7.295,1.09,3.715,0.5419
Earth,6.563,6.569,3.263,0.7332
Earth,6.747,4.34,4.367,0.6563
Earth,9.404,1.916,8.218,0.0753
Earth,7.386,2.649,8.976,0.6017
Earth,8.808,7.528,4.102,0.3317
Earth,8.374,7.017,11.593,0.4658
Earth,7.646,5.968,5.334,0.6656
Earth,7.117,4.376,13.91,0.6671
Earth,6.864,4.642,10.194,0.6727
Earth,8.345,7.827,7.109,0.4994
Earth,8.824,7.76,12.059,0.3424
Earth,8.432,2.507,12.451,0.2896
Earth,8.091,6.678,5.067,0.5418
Earth,6.626,2.381,5.756,0.5891
Earth,9.405,2.495,14.103,0.1014
Earth,8.896,5.733,3.306,0.2386
Earth,7.378,3.835,1.59,0.6358
Earth,9.44,7.521,7.357,0.2706
Earth,8.306,1.623,12.217,0.3005
Earth,8.247,4.581,11.803,0.423
Earth,8.744,7.43,13.873,0.3592
Earth,8.935,7.329,8.465,0.2865
Earth,8.469,2.096,2.401,0.2526
Earth,6.884,3.566,9.242,0.6341
Earth,7.515,5.334,11.898,0.6936
Earth,9.284,2.116,2.307,0.0764
Earth,7.174,7.776,3.417,0.7756
Earth,7.617,7.403,1.172,0.7215
Earth,7.796,2.169,9.311,0.4865
Earth,7.818,1.848,13.414,0.472
Earth,8.339,1.598,10.389,0.2867
Earth,9.329,7.366,14.749,0.2726
Earth,7.222,2.355,1.882,0.5843
Earth,6.865,3.914,13.642,0.6506
Earth,7.092,4.142,12.397,0.6574
Earth,9.161,5.193,5.399,0.1872
Earth,8.437,1.502,14.629,0.2547
Earth,7.358,2.587,5.031,0.5956
Earth,8.948,7.52,13.45,0.2941
Earth,9.084,7.359,13.33,0.2709
Earth,9.04,6.469,11.607,0.238
Earth,9.257,1.136,8.889,0.0486
Earth,7.257,3.289,2.68,0.6178
Earth,8.765,5.396,8.448,0.2756
Earth,7.882,2.926,5.995,0.4812
Earth,9.026,7.367,12.091,0.2699
Earth,8.685,5.437,11.614,0.3068
Earth,8.829,1.503,13.749,0.1233
Earth,8.468,7.363,1.208,0.4361
Earth,7.032,7.704,12.327,0.782
Earth,8.135,1.544,14.138,0.3565
Earth,9.454,4.727,12.05,0.1775
Earth,9.312,3.124,2.823,0.1121
Earth,6.63,3.75,2.138,0.6334
Earth,6.994,2.258,1.292,0.5803
Earth,6.895,5.047,9.802,0.6864
Earth,8.678,7.706,9.815,0.3869
Earth,8.953,4.522,14.817,0.1886
Earth,7.141,1.58,6.573,0.5619
Earth,8.018,5.34,5.647,0.52
Earth,9.022,3.382,9.742,0.1281
Earth,8.698,6.991,12.559,0.3578
Earth,8.127,4.043,14.115,0.4467
Earth,8.271,2.35,12.244,0.3375
Earth,8.025,2.338,6.973,0.4138
Earth,7.393,6.381,9.889,0.7332
Earth,8.195,2.859,12.988,0.3814
Earth,8.567,6.371,7.869,0.3753
Earth,9.12,2.441,4.034,0.0895
Earth,8.409,3.252,3.376,0.3142
Earth,8.783,4.258,1.002,0.2223
Earth,6.98,7.602,11.055,0.7771
Earth,7.885,7.522,2.555,0.6376
Earth,6.528,2.448,4.414,0.5901
Earth,7.24,3.508,5.17,0.6279
Earth,8.679,2.046,8.845,0.1873
Earth,9.475,4.57,6.571,0.1665
Earth,6.798,4.224,10.445,0.6583
Earth,7.704,7.305,1.779,0.6893
Earth,8.9,7.51,2.735,0.2988
Earth,7.112,3.685,7.989,0.637
Earth,8.165,4.442,5.718,0.4394
Earth,8.699,7.274,5.141,0.36
Earth,8.348,6.647,1.938,0.4519
Earth,7.064,1.026,13.54,0.5494
Earth,7.566,3.24,10.685,0.602
Earth,8.851,3.952,2.703,0.1906
Earth,8.163,2.608,1.911,0.3723
Earth,6.516,2.397,14.648,0.5985
Earth,8.783,1.264,10.536,0.1271
Earth,6.606,5.504,6.844,0.6995
Earth,8.737,2.838,10.824,0.1977
Earth,7.107,1.366,11.589,0.5594
Earth,9.374,2.617,11.919,0.1035
Earth,7.604,6.613,7.69,0.7046
Earth,7.481,6.96,7.018,0.7506
Earth,6.947,4.381,1.154,0.6545
Earth,7.417,3.912,13.972,0.6509
Earth,9.13,7.845,9.446,0.284
Earth,9.489,2.404,3.844,0.088
Earth,7.605,2.508,13.874,0.5667
Earth,7.846,3.043,13.809,0.505
Earth,8.666,2.209,14.849,0.2034
Earth,9.159,3.656,13.237,0.1412
Earth,8.279,7.376,14.969,0.5134
Earth,7.675,5.307,4.426,0.632
Earth,7.738,3.884,12.791,0.5694
Earth,8.587,7.541,12.522,0.4142
Earth,6.51,1.339,4.233,0.5511
Earth,8.359,2.472,2.378,0.3026
Earth,7.566,4.961,14.712,0.6662
Earth,8.883,5.309,5.144,0.2301
Earth,6.779,1.277,13.192,0.5579
Earth,8.265,3.821,1.058,0.3799
Earth,7.943,5.544,1.294,0.5477
Earth,8.427,5.886,7.522,0.4046
Earth,6.695,5.467,4.342,0.6957
Earth,8.24,3.244,10.658,0.3775
Earth,8.184,1.655,8.918,0.3387
Earth,8.182,3.99,2.085,0.4144
Earth,8.31,1.901,3.277,0.2997
Earth,8.529,7.633,6.433,0.4305
Earth,8.915,4.326,3.598,0.1834
Earth,7.309,3.221,12.091,0.6248
Earth,8.975,6.364,6.825,0.2379
Earth,7.995,4.486,2.308,0.4944
Earth,6.731,3.17,7.781,0.6187
Earth,6.676,6.684,2.272,0.7362
Earth,7.503,7.07,2.805,0.7494
Earth,8.855,5.711,4.355,0.2527
Earth,8.623,1.329,13.033,0.1852
Earth,8.866,4.964,13.945,0.2324
Earth,8.052,6.343,12.568,0.5506
Earth,7.821,1.956,5.677,0.4673
Earth,6.942,2.601,4.814,0.5958
Earth,7.485,7.177,8.688,0.7599
Earth,7.802,1.141,11.106,0.4503
Earth,6.766,6.269,14.907,0.7343
Earth,7.162,4.316,2.842,0.6539
Earth,8.295,4.127,1.69,0.3813
Earth,8.707,1.05,10.721,0.1451
Earth,9.495,6.736,12.651,0.2484
Earth,9.299,3.519,12.849,0.136
Earth,8.428,4.785,10.498,0.3688
Earth,7.764,5.741,14.356,0.6274
Earth,8.409,5.918,8.154,0.4125
Earth,8.857,7.692,13.793,0.3307
Earth,6.855,4.719,14.549,0.6797
Earth,7.73,3.798,12.86,0.5692
Earth,9.019,7.676,5.337,0.274
Earth,7.651,5.495,3.747,0.6456
Earth,8.216,3.087,8.674,0.3782
Earth,8.263,1.885,7.342,0.3189
Earth,7.053,6.898,13.289,0.7547
Earth,7.587,3.535,2.4,0.5972
Earth,7.504,5.623,4.608,0.7002
Earth,6.579,4.296,11.525,0.6619
Earth,6.573,2.393,2.33,0.5861
Earth,8.995,5.212,5.491,0.1895
Earth,7.319,1.425,6.42,0.5563
Earth,8.054,3.893,9.716,0.4612
Earth,7.396,4.826,3.214,0.6721
Earth,9.322,4.052,13.048,0.1549
Earth,7.278,6.241,7.266,0.7257
Earth,7.789,6.795,13.838,0.6554
Earth,9.118,6.399,7.55,0.2315
Earth,9.026,1.272,4.851,0.0494
Earth,7.058,2.359,2.986,0.5855
Earth,8.908,4.756,1.052,0.1982
Earth,7.875,7.544,8.45,0.6476
Earth,7.949,6.845,2.5,0.5924
Earth,6.9,6.898,6.484,0.7479
Earth,6.742,3.122,9.25,0.6185
Earth,8.684,4.006,4.86,0.2505
Earth,7.989,4.295,3.453,0.4906
Earth,7.811,2.102,11.846,0.4819
Earth,8.689,1.217,14.255,0.1607
Earth,8.797,7.628,2.406,0.3372
Earth,6.977,2.685,3.178,0.5972
Earth,8.331,2.68,14.44,0.3313
Earth,6.906,1.584,1.529,0.557
Earth,8.754,7.5,14.687,0.3591
Earth,8.471,5.058,1.065,0.3545
Earth,9.37,5.669,13.231,0.2117
Earth,6.707,7.381,5.303,0.7636
Earth,6.671,3.419,14.14,0.6338
Earth,7.347,5.351,5.437,0.6927
Earth,7.285,1.272,10.16,0.5547
Earth,7.241,2.307,2.12,0.5829
Earth,9.219,6.819,4.393,0.243
Earth,7.249,6.367,11.832,0.7347
Earth,7.316,3.454,8.402,0.6293
Earth,8.778,3.638,13.992,0.2152
Earth,7.849,4.735,7.003,0.5563
Earth,8.83,1.002,13.177,0.1049
Earth,6.696,2.689,7.285,0.6014
Earth,7.963,2.458,14.709,0.4465
Earth,6.601,2.753,14.438,0.6108
Earth,6.688,6.641,5.608,0.7381
Earth,9.219,2.958,13.403,0.1169
Earth,6.918,2.341,12.867,0.5948
Earth,8.097,4.53,3.95,0.4634
Earth,7.733,7.06,9.74,0.6791
Earth,7.542,2.689,2.018,0.5821
Earth,9.2,1.55,12.714,0.067
Earth,6.565,3.495,3.444,0.6258
Earth,8.491,6.234,1.991,0.3897
Earth,9.39,4.855,6.603,0.1765
Earth,8.181,6.718,9.077,0.5174
Earth,9.31,7.717,12.969,0.2831
Earth,6.657,6.549,14.639,0.7438
Earth,7.756,5.227,7.153,0.6046
Earth,7.28,4.453,1.846,0.6577
Earth,8.692,1.28,11.488,0.1588
Earth,9.444,7.89,8.912,0.2851
Earth,7.27,3.684,7.27,0.6362
Earth,8.463,2.066,5.33,0.2568
Earth,7.094,5.667,8.034,0.7064
Earth,8.196,2.99,5.742,0.3784
Earth,7.892,5.1,11.598,0.5595
Earth,9.416,5.107,8.615,0.1874
Earth,8.326,4.12,13.276,0.3823
Earth,7.549,6.853,8.61,0.7323
Earth,6.842,2.855,4.336,0.6043
Earth,6.954,4.14,12.915,0.6578
Earth,7.176,4.764,8.801,0.6755
Earth,7.253,5.645,3.896,0.7015
Earth,9.052,6.488,9.729,0.2368
Earth,8.184,3.764,6.008,0.4098
Earth,8.07,5.522,12.822,0.516
Earth,6.844,2.054,7.346,0.5792
Earth,9.08,7.529,11.17,0.2747
Earth,8.668,3.681,2.338,0.2417
Earth,6.703,6.107,6.544,0.7203
Earth,8.624,1.142,14.765,0.1802
Earth,8.131,2.436,12.318,0.3874
Earth,6.745,4.41,3.239,0.6576
Earth,7.875,7.148,4.889,0.6301
Earth,7.954,4.691,5.617,0.5184
Earth,6.997,7.509,10.105,0.7729
Earth,9.337,4.387,11.598,0.1651
Earth,9.05,4.433,11.493,0.1667
Earth,8.507,1.838,8.138,0.2368
Earth,7.887,6.619,12.351,0.615
Earth,7.735,2.729,7.119,0.5242
Earth,8.453,7.297,2.734,0.4405
Earth,8.136,7.376,8.902,0.555
Earth,6.687,7.603,14.332,0.7804
Earth,8.038,4.642,12.102,0.4954
Earth,8.919,5.74,9.102,0.2369
Earth,7.878,6.45,10.055,0.6099
Earth,6.656,1.917,14.028,0.5811
Earth,8.859,5.207,6.997,0.2363
Earth,7.104,1.24,5.64,0.549
Earth,7.276,4.483,14.681,0.6716
Earth,6.994,2.084,13.088,0.586
Earth,7.491,2.28,5.523,0.5853
Earth,8.77,3.555,7.493,0.2085
Earth,8.058,4.027,6.811,0.4617
Earth,7.115,5.362,3.087,0.6908
Earth,9.133,1.521,14.409,0.0676
Earth,9.139,4.526,6.66,0.1651
Earth,9.112,2.278,13.255,0.093
Earth,7.216,5.018,3.651,0.6793
Earth,7.854,5.462,8.67,0.5819
Earth,9.455,4.897,1.335,0.1727
Earth,8.816,6.168,11.699,0.2889
Earth,6.582,3.349,9.133,0.6264
Earth,6.696,6.356,9.758,0.7322
Earth,7.892,4.029,1.724,0.5122
Earth,9.228,4.389,3.955,0.1576
Earth,8.116,5.537,2.041,0.4905
Earth,7.993,1.129,5.045,0.3801
Earth,6.816,5.578,9.784,0.705
Earth,8.47,5.33,8.927,0.372
Earth,8.966,3.169,9.57,0.1317
Earth,7.641,1.601,8.69,0.5176
Earth,8.827,1.637,4.822,0.1198
Earth,9.393,7.463,4.423,0.2656
Earth,7.111,5.825,2.919,0.7068
Earth,8.07,1.89,12.887,0.389
Earth,7.361,3.497,9.631,0.632
Earth,8.879,5.147,3.611,0.2242
Earth,8.233,6.849,3.481,0.4989
Earth,8.404,1.306,13.222,0.2577
Earth,8.894,2.656,11.398,0.1398
Earth,7.688,7.228,10.232,0.7006
Earth,9.245,1.064,6.696,0.0439
Earth,8.099,2.41,4.668,0.3893
Earth,6.974,7.713,14.712,0.7847
Earth,8.588,5.294,12.161,0.3349
Earth,8.88,2.832,5.225,0.1444
Earth,7.45,1.469,12.866,0.5643
Earth,9.072,1.197,11.625,0.0535
Earth,9.218,2.713,5.159,0.1001
Earth,7.331,7.17,6.972,0.7579
Earth,9.451,3.911,3.603,0.1405
Earth,6.922,6.042,2.555,0.714
Earth,7.106,7.428,11.119,0.7711
Earth,7.053,3.856,4.745,0.6397
Earth,9.182,2.339,12.481,0.0943
Earth,8.463,4.62,14.939,0.3557
Earth,6.956,7.357,2.073,0.7596
Earth,7.821,6.631,7.622,0.6327
Earth,8.346,1.461,12.229,0.2814
Earth,6.75,5.848,12.045,0.7167
Earth,9.147,5.003,11.64,0.1868
Earth,8.911,7.352,5.886,0.2929
Earth,8.016,1.857,7.354,0.4005
Earth,9.401,4.738,9.33,0.1752
Earth,7.753,7.156,14.635,0.6807
Earth,9.452,3.87,5.586,0.141
Earth,8.504,4.374,13.924,0.3324
Earth,8.404,1.493,4.771,0.2557
Earth,6.998,2.947,14.847,0.618
Earth,9.146,3.272,10.384,0.1249
Earth,7.782,7.616,7.489,0.6799
Earth,6.987,2.979,9.587,0.6138
Earth,6.538,4.226,4.815,0.6527
Earth,8.179,5.699,4.838,0.4779
Earth,8.082,2.135,2.59,0.3833
Earth,8.658,4.405,2.597,0.2708
Earth,9.171,6.17,5.867,0.2218
Earth,6.738,7.068,11.68,0.7591
Earth,8.694,5.384,9.512,0.2998
Earth,7.062,5.683,2.436,0.7014
Earth,9.075,1.884,12.931,0.0789
Earth,8.957,7.62,9.419,0.2904
Earth,8.122,1.928,14.452,0.3745
Earth,8.631,6.423,10.383,0.3583
Earth,7.443,2.854,3.452,0.6033
Earth,7.914,7.535,7.633,0.6335
Earth,8.965,6.04,10.079,0.2332
Earth,7.878,6.277,1.396,0.5951
Earth,7.573,2.533,1.209,0.5654
Earth,7.983,4.101,2.812,0.4855
Earth,8.985,5.325,4.523,0.196
Earth,7.506,6.39,7.014,0.7288
Earth,7.021,1.728,7.824,0.5683
Earth,8.636,7.737,2.932,0.395
Earth,8.978,7.232,10.427,0.2709
Earth,6.802,2.892,9.346,0.6106
Earth,7.22,6.759,5.122,0.7417
Earth,6.926,4.628,1.191,0.6632
Earth,7.544,4.233,2.087,0.6356
Earth,7.851,3.201,6.484,0.5015
Earth,8.746,5.067,3.156,0.265
Earth,8.453,6.109,6.275,0.4023
Earth,8.363,3.877,9.795,0.3579
Earth,7.557,5.405,8.661,0.6788
Earth,9.024,5.895,4.236,0.2106
Earth,7.914,5.978,5.814,0.5771
Earth,9.437,1.364,9.596,0.0573
Earth,8.402,7.018,13.052,0.4579
Earth,6.879,4.208,11.545,0.6588
Earth,8.529,2.837,8.748,0.2652
Earth,7.475,2.692,6.072,0.6003
Earth,8.559,4.381,6.111,0.3065
Earth,6.709,7.208,13.312,0.7656
Earth,7.025,3.648,1.549,0.6292
Earth,9.067,6.248,14.832,0.2335
Earth,7.182,1.678,10.301,0.569
Earth,9.011,4.332,10.536,0.1622
Earth,7.338,7.942,1.532,0.7795
Earth,8.429,6.393,9.477,0.4237
Earth,8.582,2.474,7.787,0.2335
Earth,8.038,4.51,2.481,0.481
Earth,7.416,2.635,4.891,0.5971
Earth,7.138,3.867,13.464,0.6488
Earth,6.6,6.461,8.7,0.7348
Earth,7.412,6.399,6.788,0.7307
Earth,8.459,2.597,2.018,0.2731
Earth,9.315,7.456,10.998,0.2719
Earth,9.114,5.148,10.84,0.191
Earth,8.798,3.659,9.597,0.2049
Earth,8.865,4.514,8.144,0.211
Earth,8.495,5.235,7.073,0.3587
Earth,7.281,4.919,9.306,0.6815
Earth,9.222,4.405,4.268,0.1584
Earth,8.512,4.535,14.178,0.3355
Earth,8.181,2.235,9.243,0.3604
Earth,6.833,6.689,5.357,0.7395
Earth,7.841,4.792,7.296,0.5613
Earth,7.881,1.918,12.28,0.4524
Earth,9.094,6.363,3.263,0.226
Earth,8.14,7.527,5.1,0.5552
Earth,7.641,7.631,10.513,0.7305
Earth,9.43,3.583,5.417,0.1308
Earth,6.832,1.949,12.095,0.5803
Earth,7.768,4.629,2.826,0.5756
Earth,6.626,1.788,11.678,0.5743
Earth,8.72,7.538,1.957,0.3592
Earth,9.254,2.285,1.176,0.0812
Earth,7.34,2.769,13.575,0.6105
Earth,9.075,3.846,9.139,0.1438
Earth,7.377,3.682,5.926,0.6348
Earth,9.232,6.563,4.256,0.2339
Earth,8.762,4.194,9.636,0.2358
Earth,8.915,2.195,8.126,0.1134
Earth,6.554,2.87,14.882,0.6153
Earth,9.388,4.564,14.765,0.1745
Earth,8.68,2.032,9.89,0.1877
Earth,7.414,5.282,7.2,0.6921
Earth,8.988,4.96,7.876,0.1854
Earth,7.345,6.003,10.555,0.7207
Earth,9.118,7.564,2.422,0.2672
Earth,6.838,7.386,5.597,0.7641
Earth,8.611,7.623,2.054,0.3985
Earth,8.122,2.713,2.027,0.3896
Earth,6.79,1.921,3.742,0.571
Earth,7.226,3.116,7.794,0.6169
Earth,6.537,7.266,11.987,0.7663
Earth,7.906,7.804,7.797,0.6455
Earth,7.404,7.015,5.697,0.7512
Earth,8.295,1.77,2.153,0.2991
Earth,7.392,7.632,8.704,0.7758
Earth,7.4,3.964,4.798,0.6435
Earth,8.73,1.065,9.609,0.137
Earth,6.644,4.097,14.681,0.6581
Earth,9.209,1.322,2.558,0.0488
Earth,9.057,4.807,3.97,0.1722
Earth,8.503,3.37,7.623,0.2911
Earth,8.28,4.314,14.561,0.4057
Earth,9.177,5.292,11.805,0.197
Earth,7.056,7.082,13.575,0.7614
Earth,6.737,5.633,5.672,0.7028
Earth,7.219,4.038,14.889,0.6562
Earth,8.884,6.736,2.44,0.277
Earth,6.604,7.339,1.742,0.7586
Earth,8.248,1.838,12.978,0.3278
Earth,9.486,4.724,13.982,0.1793
Earth,9.067,2.992,2.268,0.107
Earth,8.064,1.329,2.588,0.361
Earth,6.691,5.68,1.464,0.7003
Earth,8.994,7.039,2.463,0.2508
Earth,8.297,2.14,3.932,0.3132
Earth,6.845,6.687,14.581,0.7486
Earth,6.782,6.974,10.35,0.7544
Earth,9.229,7.4,11.9,0.2709
Earth,8.508,2.857,11.866,0.276
Earth,8.988,7.328,8.491,0.269
Earth,9.137,3.245,12.165,0.1257
Earth,8.215,4.866,9.341,0.4412
Earth,8.052,1.354,5.404,0.3687
Earth,7.791,1.307,8.856,0.4575
Earth,7.451,6.043,8.469,0.72
Earth,7.804,4.111,12.528,0.5552
Earth,8.822,2.794,14.744,0.172
Earth,8.306,2.333,6.755,0.3198
Earth,9.178,5.69,11.687,0.2108
Earth,7.83,1.003,2.397,0.4274
Earth,8.321,6.641,11.876,0.4706
Earth,8.394,1.555,6.2,0.2626
Earth,8.275,2.34,1.551,0.3251
Earth,8.608,3.704,6.085,0.2664
Earth,7.212,4.394,9.549,0.6633
Earth,8.037,3.485,2.67,0.4456
Earth,6.813,3.245,13.936,0.6275
Earth,7.654,7.747,2.087,0.7221
Earth,7.963,5.491,14.02,0.5519
Earth,8.457,1.164,10.9,0.2328
Earth,9.352,4.011,5.616,0.146
Earth,8.302,7.125,6.471,0.4885
Earth,8.731,3.11,11.371,0.21
Earth,8.019,1.662,9.421,0.3947
Earth,8.402,6.309,10.403,0.4304
Earth,6.713,5.242,6.448,0.6899
Earth,7.263,4.992,7.829,0.6826
Earth,7.586,1.375,14.858,0.5345
Earth,7.917,1.983,3.995,0.4343
Earth,6.637,5.358,6.85,0.6944
Earth,6.92,2.455,5.086,0.591
Earth,7.33,4.528,11.712,0.6702
Earth,9.415,4.814,11.696,0.1802
Earth,7.494,2.985,5.094,0.6096
Earth,7.946,7.639,2.139,0.6208
Earth,7.088,6.897,1.16,0.7426
Earth,8.332,6.057,6.984,0.4415
Earth,7.342,1.546,6.745,0.5609
Earth,7.121,1.743,14.837,0.5758
Earth,8.05,4.449,7.577,0.4801
Earth,6.517,2.125,4.59,0.579
Earth,6.523,7.848,13.477,0.7882
Earth,7.157,2.11,7.875,0.5817
Earth,6.61,4.412,9.388,0.6638
Earth,6.824,3.549,2.339,0.6265
Earth,7.517,5.476,6.361,0.6925
Earth,8.908,1.903,14.219,0.1116
Earth,8.216,4.012,9.253,0.411
Earth,8.038,2.923,5.823,0.4288
Earth,7.38,7.214,9.759,0.7623
Earth,9.295,1.284,13.746,0.0587
Earth,7.691,7.396,4.836,0.7
Earth,6.761,6.831,8.072,0.7472
Earth,8.351,3.083,14.422,0.3386
Earth,6.842,6.525,3.414,0.7318
Earth,7.536,1.218,11.075,0.5418
Earth,8.022,7.768,9.603,0.6074
Earth,9.123,4.686,10.515,0.1745
Earth,7.981,3.123,5.917,0.455
Earth,8.607,3.538,5.394,0.2603
Earth,9.478,1.465,10.579,0.0618
Earth,6.894,7.925,4.018,0.7814
Earth,7.324,1.275,6.875,0.5515
Earth,7.684,5.584,3.634,0.6378
Earth,7.765,4.099,1.116,0.5561
Earth,7.733,7.642,14.581,0.7044
Earth,9.223,2.722,7.044,0.1023
Earth,8.642,4.725,14.571,0.2992
Earth,8.324,4.376,2.965,0.3816
Earth,7.428,5.92,9.223,0.7164
Earth,8.971,1.476,3.814,0.065
Earth,9.365,2.357,12.061,0.0945
Earth,8.964,2.502,11.972,0.1117
Earth,6.505,6.167,2.577,0.7184
Earth,8.409,2.324,13.769,0.292
Earth,6.653,5.014,3.725,0.6792
Earth,7.273,2.507,9.582,0.5973
Earth,6.679,7.031,14.799,0.7609
Earth,8.311,7.595,13.354,0.5087
Earth,8.56,4.629,14.392,0.3232
Earth,6.843,3.466,5.796,0.6271
Earth,7.652,2.638,2.478,0.5443
Earth,7.869,1.348,3.637,0.4279
Earth,7.607,2.88,8.007,0.5731
Earth,6.863,5.58,12.105,0.7074
Earth,7.757,4.735,3.102,0.5832
Earth,8.754,7.608,10.236,0.3587
Earth,6.713,3.774,5.53,0.6376
Earth,6.741,5.857,5.777,0.7108
Earth,7.564,4.425,10.267,0.6437
Earth,9.325,4.588,7.538,0.1681
Earth,8.506,2.874,12.368,0.2777
Earth,8.536,4.185,3.183,0.3043
Earth,7.586,4.295,12.059,0.6338
Earth,8.281,5.946,1.899,0.4497
Earth,6.53,7.584,3.717,0.7692
Earth,8.408,3.305,10.186,0.3231
Earth,9.24,1.295,12.969,0.0583
Earth,8.338,4.474,4.538,0.3819
Earth,9.121,4.811,5.581,0.174
Earth,8.672,2.179,8.52,0.1941
Earth,6.862,6.323,3.962,0.7253
Earth,9.207,7.895,12.356,0.2887
Earth,6.699,7.62,11.831,0.7785
Earth,8.102,2.38,3.034,0.3857
Earth,6.926,7.128,7.494,0.757
Earth,6.535,5.931,11.848,0.7194
Earth,7.766,4.177,5.723,0.5632
Earth,7.385,4.784,9.863,0.6773
Earth,7.958,6.947,1.703,0.5922
Earth,8.232,4.361,9.522,0.4183
Earth,6.631,3.612,3.137,0.6296
Earth,6.869,4.453,12.628,0.6685
Earth,8.176,5.054,5.976,0.4576
Earth,7.53,2.324,4.942,0.5764
Earth,8.688,7.306,12.772,0.3727
Earth,8.457,5.719,1.702,0.3829
Earth,9.037,5.433,6.553,0.1967
Earth,8.577,1.696,6.18,0.2064
Earth,7.79,5.229,4.987,0.5914
Earth,8.519,1.847,13.765,0.2388
Earth,7.326,1.551,11.513,0.5658
Earth,7.419,4.691,1.895,0.6661
Earth,8.867,3.819,11.006,0.189
Earth,7.839,5.122,8.382,0.5746
Earth,8.895,1.625,13.612,0.1054
Earth,8.967,4.017,5.381,0.1569
Earth,9.073,2.224,9.038,0.0869
Earth,9.25,7.91,8.011,0.2849
Earth,7.793,4.928,7.854,0.5827
Earth,7.457,5.812,7.385,0.7108
Earth,8.247,3.278,3.879,0.3697
Earth,7.614,1.663,11.58,0.532
Earth,8.303,7.831,7.319,0.5137
Earth,8.617,3.004,14.419,0.2473
Earth,8.565,3.967,4.651,0.2884
Earth,7.624,5.549,10.558,0.6636
Earth,7.001,1.173,14.17,0.5552
Earth,7.792,6.672,10.288,0.6466
Earth,6.928,4.756,13.198,0.6797
Earth,9.17,2.948,12.585,0.1157
Earth,7.538,1.431,6.042,0.5436
Earth,6.963,2.137,9.402,0.5842
Earth,6.576,7.265,3.188,0.7575
Earth,8.437,5.802,8.497,0.3991
Earth,8.411,2.749,4.226,0.2969
Earth,7.522,1.459,11.412,0.5552
Earth,6.715,5.834,8.393,0.7126
Earth,7.729,5.007,6.757,0.6057
Earth,7.434,3.832,4.763,0.6389
Earth,8.531,3.545,14.982,0.2953
Earth,8.317,2.518,2.004,0.3177
Earth,7.594,5.687,1.61,0.6694
Earth,7.154,7.795,4.042,0.7769
Earth,9.464,2.23,14.595,0.0926
Earth,7.862,5.18,14.709,0.5753
Earth,8.565,3.969,10.169,0.2942
Earth,6.922,4.127,13.321,0.6578
Earth,7.957,2.779,3.995,0.449
Earth,6.583,6.776,14.609,0.7518
Earth,8.016,4.397,2.999,0.4848
Earth,9.392,4.804,2.416,0.1706
Earth,7.653,3.133,2.571,0.5614
Earth,6.617,2.273,9.024,0.5886
Earth,6.593,1.601,11.934,0.568
Earth,7.664,5.999,6.133,0.6614
Earth,6.98,2.374,14.691,0.5978
Earth,6.57,5.831,7.082,0.7112
Earth,8.769,3.733,3.106,0.2109
Earth,7.876,3.91,7.524,0.5192
Earth,7.368,4.284,10.507,0.6605
Earth,9.2,3.574,12.651,0.1377
Earth,6.848,1.704,7.423,0.5671
Earth,9.368,3.167,9.31,0.1202
Earth,7.442,5.646,4.743,0.7024
Earth,9.165,5.66,10.043,0.2082
Earth,8.309,3.004,14.804,0.3503
Earth,8.98,4.221,1.687,0.156
Earth,9.452,2.354,13.411,0.0958
Earth,7.365,2.473,8.872,0.5954
Earth,9.383,1.161,4.529,0.0452
Earth,7.668,7.277,14.368,0.7129
Earth,7.657,2.475,7.767,0.5422
Earth,7.521,2.593,5.644,0.5893
Earth,8.124,2.957,3.541,0.399
Earth,6.962,1.892,4.422,0.5706
Earth,8.161,5.475,12.66,0.4839
Earth,8.125,1.526,9.602,0.3546
Earth,8.786,1.939,13.785,0.1531
Earth,9.001,5.513,4.248,0.1972
Earth,7.821,3.378,2.696,0.5138
Earth,7.407,5.956,1.085,0.7095
Earth,7.278,4.902,8.11,0.6797
Earth,7.084,2.792,14.976,0.6127
Earth,6.673,5.556,10.73,0.7052
Earth,7.527,1.814,5.318,0.5597
Earth,7.311,4.755,13.276,0.6797
Earth,9.399,4.06,11.944,0.154
Earth,8.173,2.875,1.216,0.3775
Earth,7.542,5.228,12.436,0.6815
Earth,8.241,7.099,5.207,0.5065
Earth,6.918,7.992,3.095,0.7828
Earth,7.832,5.254,4.169,0.5774
Earth,8.379,3.833,7.56,0.3488
Earth,7.967,2.576,6.948,0.4416
Earth,7.705,2.8,5.044,0.5346
Earth,9.482,4.356,3.411,0.1559
Earth,9.141,3.571,11.671,0.1367
Earth,8.37,7.397,14.862,0.4837
Earth,8.208,3.578,11.889,0.4011
Earth,8.362,3.614,5.143,0.3443
Earth,7.104,3.685,4.427,0.6334
Earth,7.685,6.856,4.047,0.6822
Earth,6.618,5.556,2.914,0.6974
Earth,7.927,5.299,8.719,0.552
Earth,8.129,3.339,9.476,0.4166
Earth,7.183,6.725,10.877,0.7463
Earth,9.392,1.269,10.523,0.0549
Earth,9.228,7.096,5.093,0.2534
Earth,8.666,4.589,5.624,0.2774
Earth,8.1,3.788,10.541,0.4431
Earth,9.11,4.48,5.892,0.1627
Earth,6.892,5.672,3.977,0.7025
Earth,8.872,1.089,6.241,0.0872
Earth,6.874,7.101,4.809,0.7533
Earth,8.883,4.127,2.236,0.1858
Earth,7.327,3.401,12.622,0.6316
Earth,9.131,1.968,12.944,0.0818
Earth,9.332,4.076,4.077,0.1467
Earth,6.946,4.474,1.907,0.6585
Earth,7.888,3.826,11.344,0.5159
Earth,9.443,5.751,3.961,0.2052
Earth,7.95,3.946,6.508,0.4946
Earth,9.091,7.73,1.898,0.2724
Earth,8.266,5.195,4.168,0.4306
Earth,7.626,6.652,12.101,0.7029
Earth,7.357,1.765,12.262,0.5741
Earth,7.11,3.781,3.899,0.6362
Earth,8.785,3.358,5.703,0.1948
Earth,7.66,4.986,2.879,0.6242
Earth,8.034,7.028,2.038,0.5701
Earth,7.977,1.548,14.89,0.4101
Earth,8.232,1.508,10.178,0.319
Earth,9.097,6.952,8.589,0.2519
Earth,9.442,2.49,11.717,0.0989
Earth,7.723,5.681,12.761,0.6374
Earth,8.983,4.8,12.294,0.1861
Earth,8.794,6.83,1.232,0.3091
Earth,8.221,1.876,3.615,0.3291
Earth,9.368,1.908,10.169,0.077
Earth,7.101,4.898,6.261,0.6777
Earth,6.828,7.625,14.755,0.7816
Earth,9.062,3.905,10.316,0.147
Earth,7.817,3.289,14.392,0.5237
Earth,9.041,5.247,3.82,0.1875
Earth,9.179,7.513,13.095,0.2761
Earth,6.687,6.858,5.499,0.7455
Earth,9.15,7.968,14.854,0.2937
Earth,7.845,1.158,3.208,0.4288
Earth,8.031,1.79,8.229,0.3938
Earth,8.38,5.266,12.1,0.4032
Earth,9.279,6.744,7.057,0.2431
Earth,6.557,2.997,7.553,0.6124
Earth,7.931,2.674,14.809,0.4649
Earth,8.563,6.509,6.954,0.3804
Earth,8.668,1.395,9.457,0.1689
Earth,8.578,3.586,1.764,0.2681
Earth,6.903,4.541,12.791,0.6717
Earth,7.398,4.922,10.074,0.6824
Earth,7.576,6.1,6.656,0.6948
Earth,8.913,3.484,1.226,0.1521
Earth,7.336,5.289,9.283,0.6944
Earth,7.132,5.098,1.177,0.6796
Earth,9.372,4.833,1.017,0.1702
Earth,6.527,5.483,9.625,0.7015
Earth,9.493,2.816,3.646,0.1022
Earth,8.53,1.593,3.686,0.2159
Earth,8.985,1.835,10.146,0.0792
Earth,7.384,2.572,1.752,0.5918
Earth,6.543,4.501,5.388,0.6629
Earth,8.714,6.883,3.092,0.3395
Earth,9.002,5.909,9.122,0.2159
Earth,8.721,6.523,10.265,0.3314
Earth,6.929,3.457,11.096,0.6321
Earth,8.76,3.833,4.573,0.2186
Earth,8.807,3.756,2.249,0.1981
Earth,8.476,2.343,2.102,0.2589
Earth,8.798,1.429,6.966,0.1242
Earth,9.038,5.136,14.242,0.194
Earth,8.341,7.925,4.048,0.5011
Earth,6.766,2.168,4.594,0.5805
Earth,7.963,1.327,2.412,0.3946
Earth,6.733,6.457,9.478,0.7355
Earth,7.723,2.768,10.518,0.5332
Earth,7.721,6.808,10.001,0.6745
Earth,6.698,5.928,13.056,0.7205
Earth,7.546,7.62,7.81,0.759
Earth,6.833,3.862,2.882,0.6381
Earth,8.925,5.634,5.052,0.2273
Earth,9.343,4.254,10.274,0.1592
Earth,6.717,5.414,9.584,0.6991
Earth,9.365,4.147,8.434,0.1536
Earth,8.068,2.32,10.562,0.4025
Earth,7.399,4.555,9.923,0.6694
Earth,6.731,4.7,13.339,0.6778
Earth,8.002,6.674,9.204,0.5755
Earth,8.884,6.149,11.9,0.2659
Earth,8.621,5.647,4.482,0.3284
Earth,6.651,1.794,10.495,0.5733
Earth,6.719,6.044,13.631,0.7252
Earth,7.709,4.502,6.4,0.5944
Earth,7.386,7.259,11.907,0.766
Earth,7.197,7.439,11.147,0.7715
Earth,7.343,1.386,1.833,0.5503
Earth,8.91,6.744,9.141,0.275
Earth,9.288,1.264,2.823,0.0471
Earth,7.715,3.57,14.542,0.5677
Earth,9.218,4.796,12.36,0.1802
Earth,7.464,2.037,2.536,0.5738
Earth,7.929,6.224,2.705,0.5774
Earth,7.178,1.058,9.323,0.5464
Earth,8.421,2.18,5.828,0.275
Earth,9.437,5.066,1.489,0.1788
Earth,8.31,6.001,8.583,0.4484
Earth,7.573,7.417,6.43,0.7415
Earth,8.443,5.938,2.415,0.3958
Earth,6.869,5.702,12.227,0.7118
Earth,9.166,3.76,13.811,0.1454
Earth,8.009,1.009,11.592,0.3772
Earth,7.848,1.841,12.514,0.4609
Earth,8.258,4.742,4.031,0.4175
Earth,8.374,5.726,4.69,0.4136
Earth,6.715,3.922,3.919,0.6412
Earth,8.548,6.115,11.711,0.3764
Earth,7.226,4.653,14.271,0.6771
Earth,8.642,1.519,11.036,0.1836
Earth,8.968,2.344,13.341,0.1062
Earth,8.912,6.88,9.942,0.2801
Earth,8.158,6.074,6.427,0.4999
Earth,8.061,7.263,6.961,0.5743
Earth,6.929,1.823,2.055,0.5659
Earth,8.826,7.932,1.44,0.337
Earth,7.314,2.466,10.737,0.597
Earth,7.99,1.082,7.138,0.3817
Earth,7.353,7.982,8.731,0.7881
Earth,6.901,2.968,8.807,0.6127
Earth,8.389,5.676,4.883,0.4073
Earth,6.663,2.237,7.662,0.5859
Earth,8.746,5.062,7.591,0.2694
Earth,7.453,7.328,6.438,0.7629
Earth,6.5,3.241,12.489,0.6259
Earth,8.033,5.692,7.316,0.5287
Earth,6.641,2.315,9.451,0.5905
Earth,7.329,5.374,13.537,0.7016
Earth,8.621,3.355,13.127,0.2569
Earth,6.688,2.478,13.466,0.6002
Earth,9.018,3.192,4.78,0.1165
Earth,6.511,2.252,1.49,0.5803
Earth,7.24,7.313,4.655,0.7606
Earth,8.723,3.78,4.902,0.2296
Earth,7.449,2.717,13.731,0.6088
Earth,6.806,4.139,10.089,0.6549
Earth,7.581,3.244,2.144,0.5888
Earth,7.311,6.211,2.895,0.7203
Earth,9.028,7.799,3.179,0.2761
Earth,7.44,4.066,9.826,0.6521
Earth,8.867,7.027,11.296,0.3016
Earth,9.176,4.961,13.035,0.1867
Earth,7.801,2.101,14.169,0.4872
Earth,9.23,5.834,3.824,0.208
Earth,7.632,4.594,5.337,0.6221
Earth,9.392,5.554,4.365,0.1988
Earth,6.768,7.228,6.023,0.759
Earth,8.561,4.083,13.805,0.303
Earth,7.981,7.308,9.052,0.6044
Earth,7.663,6.255,11.335,0.6759
Earth,8.398,4.42,7.862,0.3632
Earth,8.612,5.223,1.404,0.3137
Earth,6.513,3.279,1.899,0.6167
Earth,7.001,7.885,8.531,0.7845
Earth,8.639,5.671,11.063,0.3299
Earth,8.499,1.307,4.015,0.2167
Earth,9.398,3.286,11.107,0.1261
Earth,8.783,5.363,12.349,0.2724
Earth,9.352,1.394,6.767,0.0556
Earth,8.608,1.167,11.45,0.1831
Earth,7.394,4.15,6.656,0.6519
Earth,6.816,3.329,10.497,0.627
Earth,8.845,4.068,11.696,0.2056
Earth,8.432,2.839,14.887,0.3034
Earth,6.645,2.153,5.836,0.5812
Earth,7.58,5.824,6.755,0.6839
Earth,9.37,4.602,3.319,0.1644
Earth,8.001,2.401,3.857,0.4208
Earth,7.798,3.237,10.708,0.5246
Earth,7.873,5.143,13.839,0.5695
Earth,7.127,1.506,6.524,0.5592
Earth,7.606,2.032,3.518,0.5393
Earth,7.609,1.513,4.991,0.5215
Earth,6.657,6.686,7.371,0.7414
Earth,8.803,6.267,5.069,0.2902
Earth,7.75,6.273,4.27,0.6407
Earth,8.967,6.014,11.304,0.233
Earth,9.051,5.686,1.11,0.2001
Earth,7.136,4.339,8.549,0.6604
Earth,8.472,5.496,12.113,0.3805
Earth,7.917,1.269,4.727,0.4102
Earth,9.14,5.35,9.446,0.1967
Earth,7.147,6.445,10.365,0.7359
Earth,8.533,4.503,10.17,0.3233
Earth,8.323,3.503,7.242,0.3554
Earth,7.386,2.942,5.852,0.6088
Earth,6.91,5.5,12.703,0.7052
Earth,8.455,5.85,11.618,0.398
Earth,8.716,7.097,5.498,0.3486
Earth,7.447,3.396,2.442,0.6213
Earth,8.434,6.388,2.005,0.4141
Earth,7.685,4.929,2.32,0.6131
Earth,8.64,7.18,9.16,0.3806
Earth,7.098,4.695,1.723,0.666
Earth,9.171,4.623,5.717,0.1675
Earth,7.362,5.045,11.545,0.6881
Earth,7.603,6.245,5.121,0.6893
Earth,6.674,7.753,11.686,0.783
Earth,6.835,1.515,11.437,0.5645
Earth,8.048,1.374,4.442,0.37
Earth,7.303,7.563,11.204,0.7759
Earth,9.006,4.709,11.469,0.1763
Earth,6.544,5.304,6.564,0.6922
Earth,7.637,4.377,3.946,0.6114
Earth,7.512,1.656,8.298,0.5622
Earth,6.558,6.377,13.9,0.7371
Earth,6.873,6.231,9.955,0.728
Earth,7.741,3.182,3.421,0.5345
Earth,7.979,3.144,10.559,0.4611
Earth,7.713,6.865,6.981,0.6763
Earth,8.093,1.507,9.281,0.3644
Earth,8.285,7.168,11.277,0.5003
Earth,6.53,2.797,8.209,0.6061
Earth,7.892,5.151,12.396,0.5619
Earth,9.39,7.552,11.11,0.2754
Earth,8.057,5.747,9.611,0.5251
Earth,8.533,3.901,3.111,0.2954
Earth,7.436,5.827,12.703,0.7166
Earth,8.822,3.408,14.103,0.1927
Earth,8.819,2.941,2.918,0.1663
Earth,8.064,7.977,7.835,0.5991
Earth,9.428,6.256,4.624,0.2236
Earth,6.877,5.513,11.563,0.7045
Earth,6.551,3.487,11.103,0.6331
Earth,8.81,1.344,2.972,0.1132
Earth,8.921,1.217,13.278,0.0821
Earth,6.861,4.879,3.534,0.6743
Earth,7.297,6.334,12.162,0.7339
Earth,6.553,4.762,7.398,0.6741
Earth,7.38,6.885,5.596,0.7466
Earth,8.819,1.234,3.215,0.1066
Earth,8.054,3.567,3.347,0.4436
Earth,7.544,2.659,10.266,0.5886
Earth,7.615,4.131,8.706,0.6149
Earth,6.504,1.507,2.709,0.5554
Earth,7.399,7.679,2.578,0.7713
Earth,8.439,2.563,2.012,0.2786
Earth,9.423,7.456,11.413,0.2724
Earth,9.041,3.981,10.966,0.1503
Earth,6.571,7.899,1.818,0.7783
Earth,9.196,4.878,8.844,0.1796
Earth,8.85,7.516,2.185,0.3154
Earth,8.841,1.037,13.652,0.1029
Earth,7.874,6.238,13.7,0.6074
Earth,7.694,7.321,10.775,0.7024
Earth,7.409,1.978,13.967,0.5832
Earth,6.697,1.673,12.36,0.5709
Earth,7.185,3.972,12.6,0.6516
Earth,7.24,7.536,8.976,0.7727
Earth,7.952,4.797,5.285,0.5224
Earth,8.742,4.692,4.049,0.2542
Earth,7.921,1.988,5.581,0.4347
Earth,6.674,1.006,9.799,0.545
Earth,9.373,6.671,3.417,0.2369
Earth,9.328,1.613,4.621,0.0611
Earth,8.856,5.437,7.553,0.246
Earth,9.474,7.402,4.263,0.2633
Earth,8.133,2.461,9.241,0.3842
Earth,9.388,5.657,13.924,0.2119
Earth,6.727,1.551,11.473,0.5658
Earth,7.597,5.226,10.33,0.6609
Earth,7.176,2.148,9.158,0.5843
Earth,7.087,6.152,7.831,0.7231
Earth,6.922,3.109,3.612,0.6124
Earth,8.367,4.244,13.526,0.373
Earth,8.844,5.196,4.48,0.2384
Earth,8.235,2.199,2.278,0.3343
Earth,6.941,6.191,11.5,0.7282
Earth,8.933,3.118,3.459,0.1348
Earth,8.408,5.637,6.207,0.4009
Earth,7.664,2.108,1.396,0.5203
Earth,8.522,5.817,2.919,0.3657
Earth,7.28,1.897,3.425,0.5698
Earth,7.536,3.977,1.762,0.6291
Earth,9.252,2.73,10.193,0.1058
Earth,7.372,6.239,12.718,0.7311
Earth,7.91,2.834,6.226,0.4688
Earth,9.17,7.172,13.244,0.2643
Earth,8.623,7.243,3.987,0.3831
Earth,6.687,2.375,5.555,0.5887
Earth,6.942,5.297,3.11,0.6885
Earth,6.524,1.614,9.688,0.5662
Earth,8.393,3.741,6.878,0.3402
Earth,7.843,5.993,9.586,0.605
Earth,6.903,5.616,11.663,0.7082
Earth,9.374,5.373,8.64,0.1967
Earth,8.089,2.978,9.787,0.4177
Earth,7.226,3.646,14.094,0.6417
Earth,8.002,1.721,5.187,0.3981
Earth,8.539,6.033,6.028,0.3709
Earth,6.729,4.527,11.048,0.6695
Earth,7.324,5.961,9.558,0.7182
Earth,8.921,2.743,3.499,0.1259
Earth,7.879,3.271,6.266,0.4944
Earth,8.14,3.34,7.55,0.4112
Earth,7.798,1.18,6.871,0.4487
Earth,6.632,3.387,3.496,0.6221
Earth,6.997,6.623,13.942,0.7458
Earth,7.837,7.281,11.672,0.6543
Earth,7.128,4.628,7.739,0.6697
Earth,6.65,4.189,10.521,0.6571
Earth,9.031,1.216,13.562,0.0561
Earth,9.444,7.154,2.906,0.2533
Earth,8.879,1.091,4.505,0.0829
Earth,9.061,7.613,8.598,0.2751
Earth,7.226,4.425,12.186,0.667
Earth,9.382,3.394,1.508,0.1203
Earth,7.091,7.47,14.776,0.7762
Earth,9.354,1.171,7.369,0.0483
Earth,9.484,5.07,6.029,0.1835
Earth,8.635,4.843,5.098,0.2962
Earth,9.443,2.535,3.441,0.0922
Earth,8.209,4.002,12.082,0.416
Earth,7.279,5.566,14.376,0.7092
Earth,7.811,6.09,6.791,0.6163
Earth,8.281,1.005,14.334,0.2893
Earth,6.719,7.558,12.533,0.7771
Earth,8.367,2.152,7.735,0.294
Earth,9.444,2.635,10.436,0.1027
Earth,7.07,2.844,7.09,0.6066
Earth,8.878,1.265,8.822,0.0938
Earth,9.224,1.861,1.813,0.067
Earth,9.331,7.904,10.748,0.2874
Earth,9.38,3.207,1.74,0.114
Earth,8.064,1.807,12.439,0.3876
Earth,9.432,1.749,12.549,0.0738
Earth,8.772,6.036,4.319,0.2916
Earth,6.985,6.982,5.531,0.7499
Earth,7.931,2.799,7.738,0.4621
Earth,8.655,1.146,9.353,0.1645
Earth,7.242,2.562,5.023,0.5947
Earth,8.422,1.396,9.295,0.2509
Earth,8.5,1.724,5.169,0.2322
Earth,6.988,4.021,1.777,0.6425
Earth,8.195,2.609,1.035,0.3606
Earth,8.815,4.612,2.416,0.2255
Earth,7.997,2.774,12.092,0.4436
Earth,6.536,7.584,14.46,0.7799
Earth,6.527,7.342,6.978,0.7639
Earth,7.571,4.968,8.178,0.6583
Earth,9.279,3.481,3.056,0.1249
Earth,7.186,3.668,8.714,0.6371
Earth,8.403,3.883,3.025,0.3379
Earth,7.166,6.093,9.557,0.7228
Earth,7.465,4.161,14.066,0.6597
Earth,9.044,6.997,3.74,0.2486
Earth,8.687,7.609,11.704,0.3825
Earth,6.786,3.352,1.329,0.6186
Earth,7.786,4.925,6.257,0.5833
Earth,6.588,1.665,2.55,0.5608
Earth,7.943,2.403,5.935,0.4425
Earth,8.487,3.894,3.43,0.3106
Earth,6.856,2.443,6.226,0.5917
Earth,7.367,7.136,6.845,0.7566
Earth,7.694,2.108,5.208,0.5145
Earth,9.259,4.19,10.193,0.1568
Earth,9.48,5.24,13.864,0.1973
Earth,6.635,5.843,6.608,0.7111
Earth,8.783,3.681,3.693,0.2049
Earth,7.615,7.084,4.79,0.7143
Earth,7.677,4.978,12.956,0.6281
Earth,8.763,4.077,9.003,0.2308
Earth,9.255,1.471,7.37,0.0588
Earth,9.353,4.253,3.095,0.1519
Earth,8.231,6.745,7.296,0.4996
Earth,7.571,5.302,4.899,0.6667
Earth,8.863,6.825,14.204,0.2989
Earth,7.253,4.458,13.377,0.6694
Earth,8.192,1.829,2.175,0.3355
Earth,7.576,1.095,8.233,0.5213
Earth,8.47,3.123,4.151,0.2901
Earth,7.221,5.886,6.751,0.7128
Earth,7.075,6.532,13.276,0.7419
Earth,9.255,3.07,8.385,0.1158
Earth,6.805,4.47,5.679,0.6621
Earth,8.018,3.948,3.91,0.4695
Earth,7.163,3.874,12.205,0.6478
Earth,6.617,2.619,9.743,0.6014
Earth,6.608,1.955,7.553,0.576
Earth,7.026,2.377,4.045,0.5872
Earth,9.1,1.387,5.679,0.0542
Earth,7.347,2.387,14.438,0.598
Earth,9.351,1.064,8.281,0.0455
Earth,8.245,5.391,6.61,0.447
Earth,7.81,3.215,8.3,0.5175
Earth,8.24,7.812,11.906,0.5386
Earth,8.05,2.356,5.762,0.4049
Earth,8.776,3.421,3.502,0.1978
Earth,7.347,3.505,9.189,0.6319
Earth,7.559,1.059,10.313,0.5277
Earth,9.182,6.874,10.978,0.2516
Earth,9.339,1.224,13.348,0.0562
Earth,9.178,7.581,6.196,0.2715
Earth,7.758,7.245,2.055,0.6695
Earth,8.841,4.749,14.417,0.2336
Earth,7.929,4.805,7.09,0.5323
Earth,7.993,5.576,9.726,0.5407
Earth,7.114,3.709,10.328,0.6402
Earth,8.273,5.531,8.651,0.4444
Earth,7.058,1.313,3.874,0.5498
Earth,7.495,1.378,11.572,0.5598
Earth,9.065,4.201,12.253,0.1593
Earth,7.121,4.847,8.742,0.6784
Earth,6.713,7.215,7.84,0.7604
Earth,6.707,1.733,2.595,0.5632
Earth,9.322,6.759,2.175,0.2387
Earth,8.021,2.47,5.754,0.4186
Earth,7.728,3.759,5.352,0.5608
Earth,8.933,3.216,14.351,0.1494
Earth,9.007,3.801,11.971,0.145
Earth,7.497,2.053,10.239,0.5821
Earth,8.581,4.525,8.247,0.3063
Earth,8.813,6.611,3.343,0.297
Earth,8.464,4.091,14.698,0.3366
Earth,6.955,4.434,6.251,0.6615
Earth,9.128,6.941,2.497,0.2454
Earth,8.117,5.942,7.913,0.5101
Earth,7.347,4.433,13.236,0.6684
Earth,7.776,2.804,13.422,0.5197
Earth,6.613,7.194,1.154,0.753
Earth,6.884,5.039,13.408,0.6898
Earth,8.797,2.548,4.801,0.1618
Earth,6.5,2.884,1.546,0.6025
Earth,7.75,6.622,12.869,0.6614
Earth,8.068,1.309,13.094,0.3697
Earth,6.664,7.945,9.347,0.7874
Earth,9.419,1.912,9.042,0.076
Earth,7.178,6.572,12.384,0.7424
Earth,7.413,3.763,12.008,0.6437
Earth,7.412,4.446,13.461,0.6691
Earth,7.191,7.165,8.738,0.7595
Earth,6.504,3.89,14.547,0.6507
Earth,8.688,4.762,14.946,0.2856
Earth,9.401,1.345,2.632,0.0497
Earth,7.173,1.016,12.894,0.5485
Earth,8.489,2.714,7.998,0.2733
Earth,8.726,5.764,6.426,0.2996
Earth,9.045,1.849,9.583,0.0743
Earth,7.768,1.796,1.784,0.4754
Earth,7.409,3.877,8.09,0.6438
Earth,7.476,5.535,13.192,0.7069
Earth,8.638,5.985,3.988,0.3342
Earth,8.95,2.249,6.969,0.1022
Earth,7.045,1.557,14.153,0.5687
Earth,7.613,7.583,7.0,0.7348
Earth,9.206,2.825,6.017,0.1049
Earth,8.92,6.973,7.168,0.2779
Earth,9.455,7.044,8.272,0.2548
Earth,8.763,6.408,9.848,0.3132
Earth,7.68,2.182,12.21,0.5287
Earth,8.272,6.753,7.329,0.4864
Earth,8.483,6.385,12.445,0.4082
Earth,6.735,5.177,8.472,0.6897
Earth,8.133,3.36,5.739,0.4122
Earth,8.628,2.838,10.211,0.2335
Earth,7.002,1.853,11.048,0.5759
Earth,8.842,4.568,8.813,0.2214
Earth,8.251,5.097,1.793,0.4297
Earth,9.357,3.515,3.378,0.1264
Earth,6.627,4.328,4.994,0.6565
Earth,7.296,3.545,4.957,0.629
Earth,8.305,5.487,10.428,0.4343
Earth,7.39,7.309,1.257,0.7571
Earth,8.643,2.147,11.58,0.2056
Earth,8.777,3.67,4.715,0.2075
Earth,6.808,1.986,5.34,0.5749
Earth,8.042,5.375,8.391,0.516
Earth,8.027,6.102,4.023,0.542
Earth,7.608,7.523,13.383,0.7408
Earth,9.299,2.952,2.195,0.1055
Earth,8.983,7.651,7.221,0.2809
Earth,8.592,1.443,12.892,0.1995
Earth,8.643,5.221,9.622,0.3114
Earth,7.885,1.4,5.093,0.4257
Earth,9.263,7.256,6.891,0.2609
Earth,8.584,4.709,10.894,0.3144
Earth,8.687,5.685,14.626,0.318
Earth,9.085,6.821,13.504,0.2522
Earth,7.322,2.052,5.794,0.5776
Earth,8.921,1.27,14.975,0.0857
Earth,7.086,7.152,1.049,0.7514
Earth,7.536,3.205,1.387,0.6015
Earth,7.507,1.903,12.534,0.5769
Earth,9.436,4.279,3.792,0.1536
Earth,9.07,5.188,1.851,0.1834
Earth,8.604,1.217,4.32,0.1791
Earth,8.681,2.924,6.965,0.2156
Earth,8.186,1.23,11.228,0.3255
Earth,9.341,3.942,9.741,0.1477
Earth,7.989,7.266,4.327,0.5957
Earth,7.642,7.879,8.046,0.7366
Earth,6.989,5.459,13.967,0.705
Earth,8.859,2.131,12.41,0.1341
Earth,8.703,7.341,5.525,0.3613
Earth,7.653,4.614,14.752,0.6252
Earth,6.576,2.076,10.921,0.5836
Earth,9.017,7.452,1.874,0.2627
Earth,6.534,6.302,1.492,0.7221
Earth,8.611,6.122,3.358,0.3473
Earth,9.411,5.964,11.19,0.2199
Earth,7.813,2.402,3.572,0.4833
Earth,7.205,2.477,8.161,0.5949
Earth,8.615,5.818,2.306,0.3344
Earth,8.951,2.538,13.892,0.1189
Earth,8.139,4.071,5.815,0.4352
Earth,9.401,6.474,13.714,0.2403
Earth,6.655,6.488,14.228,0.7413
Earth,8.014,4.173,1.086,0.4757
Earth,8.655,6.545,7.498,0.3515
Earth,9.088,6.87,1.345,0.2418
Earth,7.038,5.583,13.722,0.7091
Earth,8.9,2.599,8.258,0.1326
Earth,8.158,2.918,2.049,0.3848
Earth,7.69,3.204,2.544,0.5515
Earth,6.895,1.818,6.369,0.57
Earth,9.096,2.912,14.163,0.1161
Earth,6.972,2.467,10.701,0.597
Earth,7.429,4.187,13.147,0.6597
Earth,7.37,7.359,6.13,0.7637
Earth,9.114,1.731,1.605,0.0622
Earth,8.518,6.042,14.64,0.3867
Earth,8.89,5.811,1.24,0.2413
Earth,7.251,1.67,14.267,0.5727
Earth,8.375,7.458,6.161,0.4757
Earth,8.215,4.979,1.141,0.437
Earth,8.998,3.546,10.648,0.1353
Earth,9.218,6.296,14.728,0.2351
Earth,6.536,2.802,14.519,0.6126
Earth,8.522,5.855,3.253,0.3675
Earth,6.656,1.278,3.537,0.5483
Earth,8.147,6.876,8.918,0.534
Earth,7.363,4.137,9.922,0.6547
Earth,7.42,5.457,11.352,0.7023
Earth,7.559,2.549,3.535,0.5731
Earth,8.364,5.74,14.426,0.4274
Earth,7.502,6.406,9.942,0.7334
Earth,8.698,4.312,12.859,0.2644
Earth,7.714,5.324,8.561,0.6237
Earth,6.705,4.194,6.8,0.6536
Earth,8.851,7.259,14.681,0.3183
Earth,7.357,4.485,9.15,0.6661
Earth,7.798,6.893,13.136,0.6549
Earth,8.556,6.609,14.346,0.3936
Earth,7.497,3.874,10.455,0.646
Earth,6.67,2.611,8.685,0.6001
Earth,7.622,3.843,1.049,0.595
Earth,9.333,6.784,1.56,0.239
Earth,8.425,2.593,3.812,0.2862
Earth,8.514,4.671,3.604,0.3289
Earth,8.397,6.643,4.567,0.4381
Earth,7.097,3.474,5.269,0.6269
Earth,7.755,5.495,6.041,0.6134
Earth,8.753,2.719,6.888,0.1845
Earth,6.804,1.765,2.384,0.5642
Earth,7.334,6.561,1.593,0.7312
Earth,7.329,1.693,10.435,0.5697
Earth,7.796,2.9,8.523,0.5113
Earth,9.441,6.986,7.218,0.2517
Earth,6.703,3.425,9.882,0.6298
Earth,8.056,7.811,12.588,0.6006
Earth,7.038,7.858,6.988,0.782
Earth,9.412,2.878,9.976,0.1107
Earth,6.84,1.287,14.35,0.5594
Earth,7.711,5.935,12.755,0.6502
Earth,8.714,4.157,6.964,0.2479
Earth,8.614,1.705,10.026,0.1985
Earth,7.768,5.953,3.479,0.6224
Earth,7.54,1.218,8.847,0.5383
Earth,7.693,7.091,14.739,0.6987
Earth,7.293,1.971,8.256,0.5772
Earth,7.116,1.891,13.987,0.5802
Earth,7.949,2.23,6.703,0.435
Earth,7.306,7.722,14.984,0.7852
Earth,7.362,5.852,9.109,0.7139
Earth,8.47,6.61,1.592,0.4095
Earth,9.406,3.783,9.215,0.1416
Earth,8.311,3.354,4.844,0.3519
Earth,6.731,2.641,1.455,0.5939
Earth,6.727,4.365,12.492,0.6653
Earth,9.354,4.863,4.86,0.1751
Earth,7.392,5.422,12.152,0.7019
Earth,6.776,2.8,5.035,0.603
Earth,8.297,7.641,3.721,0.5054
Earth,8.371,2.188,14.635,0.3009
Earth,8.446,7.76,6.063,0.4625
Earth,7.302,1.104,9.419,0.5481
Earth,6.545,4.368,9.54,0.6624
Earth,9.395,3.334,8.847,0.1255
Earth,7.253,4.144,13.806,0.6588
Earth,8.528,4.995,10.442,0.3426
Earth,8.62,4.049,6.652,0.2751
Earth,8.33,3.904,13.073,0.373
Earth,7.439,6.129,3.535,0.7181
Earth,7.313,5.801,8.619,0.7117
Earth,8.293,6.833,14.308,0.4891
Earth,9.098,2.75,9.756,0.106
Earth,9.34,5.267,12.438,0.1968
Earth,6.818,5.096,10.15,0.6885
Earth,6.964,3.588,12.751,0.6383
Earth,9.334,4.402,14.223,0.1683
Earth,8.71,3.196,4.821,0.2135
Earth,9.149,1.993,3.375,0.0731
Earth,7.108,2.497,7.776,0.5952
Earth,8.263,1.739,10.826,0.3174
Earth,8.603,5.781,4.181,0.3387
Earth,8.54,5.625,1.057,0.3512
Earth,7.724,7.654,5.801,0.6989
Earth,6.546,6.108,14.564,0.7283
Earth,8.249,1.364,10.73,0.3089
Earth,7.259,7.19,6.619,0.7583
Earth,7.851,7.039,3.696,0.6331
Earth,9.373,4.103,5.985,0.1496
Earth,7.697,5.101,3.378,0.6162
Earth,9.019,7.833,2.488,0.2766
Earth,7.066,4.726,13.694,0.6791
Earth,8.517,7.337,14.967,0.4326
Earth,9.431,1.581,3.298,0.0586
Earth,6.806,2.337,1.763,0.5836
Earth,6.525,4.085,5.616,0.6486
Earth,7.801,5.093,7.463,0.5855
Earth,6.778,6.714,3.867,0.7388
Earth,8.745,7.918,5.22,0.3673
Earth,9.244,3.722,3.812,0.1341
Earth,7.802,1.332,11.84,0.4578
Earth,7.276,6.608,10.976,0.7423
Earth,7.803,5.231,9.889,0.5919
Earth,8.67,2.39,6.421,0.1999
Earth,6.527,4.464,13.727,0.67
Earth,8.268,6.196,14.573,0.4753
Earth,8.34,6.393,3.431,0.4472
Earth,8.413,4.497,4.122,0.3572
Earth,7.226,3.137,8.359,0.6181
Earth,8.642,7.816,2.278,0.3951
Earth,6.774,5.644,7.11,0.7046
Earth,7.098,3.858,9.145,0.6442
Earth,9.132,2.963,8.309,0.112
Earth,8.716,6.118,5.633,0.3144
Earth,6.541,2.695,8.594,0.6029
Earth,7.245,2.202,14.423,0.5915
Earth,7.143,4.709,3.884,0.6687
Earth,7.312,3.03,10.168,0.6162
Earth,7.243,5.402,1.608,0.6907
Earth,6.688,1.826,1.93,0.5658
Earth,7.877,5.585,8.726,0.5786
Earth,8.698,2.983,2.469,0.2075
Earth,8.32,1.002,1.313,0.263
Earth,8.519,1.889,3.401,0.23
Earth,6.743,7.535,8.908,0.7726
Earth,9.354,7.071,10.847,0.2583
Earth,9.015,2.635,3.835,0.0961
Earth,8.915,6.449,10.356,0.2643
Earth,8.969,5.26,3.555,0.198
Earth,9.298,7.796,9.588,0.2825
Earth,8.133,3.615,6.767,0.4224
Earth,7.101,5.77,10.153,0.7121
Earth,8.35,1.445,14.931,0.282
Earth,8.729,3.774,14.129,0.2367
Earth,8.714,7.747,1.06,0.3676
Earth,8.064,4.773,13.396,0.4923
Earth,6.705,3.015,1.931,0.6075
Earth,7.613,1.842,14.343,0.541
Earth,9.262,5.925,4.946,0.2123
Earth,8.253,5.514,6.348,0.4482
Earth,8.115,3.618,2.283,0.4239
Earth,7.307,7.657,2.572,0.7706
Earth,7.605,1.155,11.174,0.5165
Earth,9.186,3.126,14.221,0.1236
Earth,8.499,7.447,9.55,0.4371
Earth,8.862,3.247,11.022,0.1706
Earth,7.863,2.766,11.668,0.4875
Earth,8.391,4.74,4.679,0.3736
Earth,7.245,6.767,1.633,0.7385
Earth,8.616,1.722,1.026,0.1892
Earth,7.783,7.601,5.909,0.6777
Earth,7.828,6.566,4.38,0.625
Earth,8.448,2.269,1.872,0.2653
Earth,9.309,5.984,3.513,0.213
Earth,6.692,3.695,2.743,0.6321
Earth,8.974,3.816,13.808,0.156
Earth,7.377,6.483,2.964,0.7299
Earth,7.832,7.739,8.527,0.6688
Earth,6.566,1.887,9.303,0.5753
Earth,7.403,3.944,8.609,0.6467
Earth,8.008,4.367,2.387,0.4859
Earth,6.669,3.634,5.463,0.6327
Earth,7.973,3.542,1.718,0.4679
Earth,9.281,1.366,6.539,0.0543
Earth,6.816,5.799,3.64,0.7066
Earth,8.793,4.054,8.863,0.2196
Earth,7.729,2.364,10.699,0.5171
Earth,8.466,6.712,8.45,0.4215
Earth,7.281,6.618,7.079,0.7387
Earth,6.978,4.405,6.423,0.6606
Earth,6.981,3.089,12.784,0.6209
Earth,6.711,5.467,4.071,0.6954
Earth,7.057,3.017,11.279,0.6169
Earth,8.493,2.652,11.605,0.2735
Earth,9.145,6.114,6.869,0.2208
Earth,8.942,1.282,5.162,0.0692
Earth,8.555,1.663,7.588,0.214
Earth,6.831,1.048,2.305,0.539
Earth,7.368,2.071,1.643,0.5741
Earth,7.429,1.483,2.562,0.5545
Earth,7.25,7.971,3.62,0.7826
Earth,8.045,3.022,8.058,0.4321
Earth,8.107,2.045,12.888,0.3822
Earth,7.571,2.687,4.299,0.5748
Earth,7.561,7.553,14.092,0.758
Earth,8.986,4.641,14.369,0.1816
Earth,8.868,3.554,14.425,0.1828
Earth,7.423,7.114,12.726,0.7617
Earth,9.241,3.765,6.094,0.1379
Earth,9.358,3.345,2.018,0.1191
Earth,7.48,2.451,8.963,0.5947
Earth,7.563,3.645,8.822,0.6153
Earth,8.017,3.217,12.9,0.4532
Earth,9.323,5.741,14.944,0.2159
Earth,9.129,3.027,8.114,0.1141
Earth,6.808,5.04,5.833,0.6822
Earth,7.678,1.461,3.603,0.4953
Earth,8.16,2.339,1.067,0.3629
Earth,8.009,3.852,8.128,0.4731
Earth,7.082,7.559,8.777,0.7733
Earth,9.076,3.641,12.549,0.14
Earth,8.531,5.649,8.064,0.3622
Earth,9.014,2.786,13.831,0.1113
Earth,9.076,1.889,9.793,0.0759
Earth,8.745,1.41,12.765,0.1471
Earth,7.818,3.138,3.076,0.507
Earth,8.332,2.104,12.975,0.3094
Earth,6.981,2.218,10.452,0.5881
Earth,8.521,6.325,3.383,0.3845
Earth,7.038,1.111,3.657,0.5425
Earth,8.582,4.905,13.971,0.325
Earth,7.189,3.656,1.451,0.6294
Earth,6.853,4.546,7.475,0.6666
Earth,6.996,4.94,5.389,0.6783
Earth,6.506,3.194,10.311,0.6221
Earth,8.656,3.066,12.755,0.2347
Earth,8.697,6.134,6.045,0.3217
Earth,8.045,7.099,6.977,0.5738
Earth,6.984,2.348,14.747,0.5969
Earth,6.751,1.683,11.975,0.5709
Earth,6.557,7.285,13.561,0.7685
Earth,6.997,3.449,7.143,0.6279
Earth,9.173,4.859,4.277,0.1743
Earth,7.225,3.517,6.766,0.6299
Earth,7.563,1.881,11.025,0.5559
Earth,6.816,5.125,2.532,0.6819
Earth,7.167,4.676,4.787,0.6684
Earth,8.058,2.421,1.653,0.4005
Earth,8.323,4.163,7.053,0.3783
Earth,7.236,6.579,12.584,0.7428
Earth,6.673,5.133,1.345,0.681
Earth,7.673,1.678,10.455,0.5115
Earth,7.203,4.836,14.055,0.6833
Earth,7.159,5.919,4.317,0.7115
Earth,9.38,6.549,10.711,0.2399
Earth,8.349,5.404,14.651,0.4208
Earth,8.171,2.069,14.472,0.3633
Earth,7.747,5.971,4.289,0.6308
Earth,7.787,5.741,2.405,0.6077
Earth,8.123,1.171,3.076,0.3365
Earth,8.589,3.882,10.828,0.2836
Earth,8.606,3.331,11.161,0.2589
Earth,7.015,5.686,10.439,0.7094
Earth,8.0,2.513,5.705,0.4269
Earth,7.736,5.136,3.377,0.6045
Earth,9.112,7.392,9.131,0.2679
Earth,8.394,6.585,7.772,0.4401
Earth,8.098,7.45,11.204,0.5728
Earth,6.846,7.85,7.179,0.7819
Earth,8.317,1.075,5.741,0.2711
Earth,6.852,5.359,5.109,0.6927
Earth,7.512,3.89,3.961,0.6362
Earth,6.929,7.019,4.72,0.7504
Earth,8.576,2.763,2.328,0.2403
Earth,7.119,7.867,5.856,0.7812
Earth,7.676,5.296,1.512,0.6283
Earth,9.187,6.555,3.61,0.233
Earth,7.113,1.599,11.455,0.5674
Earth,8.023,2.284,5.557,0.411
Earth,7.758,6.309,10.355,0.6452
Earth,6.554,1.154,11.036,0.5514
Earth,8.878,6.718,9.137,0.2848
Earth,6.707,1.098,14.422,0.5528
Earth,7.923,5.6,1.3,0.5564
Earth,8.182,3.556,11.341,0.4084
Earth,8.385,5.28,14.423,0.4041
Earth,8.566,5.872,13.072,0.3633
Earth,7.26,3.397,3.35,0.6223
Earth,6.53,1.756,5.575,0.567
Earth,8.67,1.488,3.414,0.1654
Earth,8.107,5.123,9.418,0.4864
Earth,9.008,4.645,10.971,0.1735
Earth,8.964,6.195,5.439,0.2342
Earth,9.03,4.568,8.553,0.1684
Earth,7.955,3.957,10.673,0.4974
Earth,7.501,3.787,6.899,0.6391
Earth,8.875,1.185,12.956,0.0962
Earth,7.854,3.349,11.802,0.5111
Earth,7.05,7.832,1.905,0.776
Earth,9.065,7.115,9.696,0.2587
Earth,9.148,3.306,4.295,0.12
Earth,7.899,5.115,8.805,0.5548
Earth,6.727,6.931,14.396,0.757
Earth,7.663,4.089,13.307,0.6019
Earth,8.911,1.126,6.663,0.0759
Earth,9.205,1.522,5.081,0.0583
Earth,7.11,4.573,4.282,0.6643
Earth,6.701,7.786,8.455,0.781
Earth,9.132,5.852,2.599,0.2074
Earth,7.668,1.496,8.69,0.505
Earth,8.125,2.326,1.019,0.374
Earth,9.404,6.399,5.534,0.2295
Earth,6.7,6.89,4.079,0.7452
Earth,8.445,5.324,14.597,0.3859
Earth,6.722,5.511,11.181,0.7041
Earth,7.626,1.198,5.895,0.5057
Earth,8.911,6.8,2.3,0.2698
Earth,7.8,6.518,8.235,0.6362
Earth,9.492,2.813,3.988,0.1025
Earth,8.177,5.961,8.51,0.4914
Earth,7.463,2.504,12.695,0.6003
Earth,7.16,1.282,9.621,0.5545
Earth,7.552,2.408,9.873,0.577
Earth,7.618,2.25,8.574,0.5481
Earth,6.706,3.364,13.982,0.6317
Earth,7.609,3.929,14.047,0.6153
Earth,7.893,4.56,8.178,0.5369
Earth,8.668,4.337,5.281,0.2677
Earth,8.47,2.895,7.434,0.2854
Earth,8.626,1.204,3.612,0.1703
Earth,6.525,5.236,9.909,0.6932
Earth,7.153,3.77,8.001,0.64
Earth,8.485,3.091,2.446,0.2823
Earth,7.952,7.069,3.767,0.6005
Earth,6.516,6.227,7.715,0.7257
Earth,8.913,7.004,13.426,0.2874
Earth,8.818,4.465,8.929,0.2257
Earth,8.145,1.917,10.541,0.3625
Earth,6.699,5.874,5.746,0.7113
Earth,8.8,2.443,9.0,0.1613
Earth,8.251,4.089,7.263,0.4
Earth,8.846,1.455,10.228,0.1125
Earth,8.755,6.777,1.708,0.3205
Earth,8.909,1.882,7.906,0.1041
Earth,8.054,7.322,5.144,0.5767
Earth,6.921,7.05,5.567,0.7523
Earth,8.513,4.252,14.453,0.3255
Earth,8.361,6.211,3.558,0.4338
Earth,8.727,5.336,5.357,0.2832
Earth,7.01,6.622,8.138,0.7399
Earth,7.085,4.023,13.082,0.6539
Earth,9.171,6.501,6.833,0.2344
Earth,8.75,4.237,11.414,0.2431
Earth,9.225,7.587,12.989,0.2785
Earth,8.776,4.405,5.34,0.2341
Earth,8.291,4.238,6.499,0.391
Earth,8.462,6.496,5.992,0.4125
Earth,9.167,6.751,12.66,0.2489
Earth,8.236,4.881,1.621,0.427
Earth,8.397,2.259,5.318,0.2853
Earth,6.969,4.274,10.512,0.6601
Earth,7.922,7.777,8.916,0.6405
Earth,8.649,6.271,7.108,0.3435
Earth,7.313,6.678,8.559,0.7423
Earth,7.107,1.23,3.766,0.5468
Earth,7.441,4.275,7.03,0.6567
Earth,7.225,5.526,8.024,0.7014
Earth,7.145,6.81,13.617,0.752
Earth,7.775,1.345,4.652,0.4602
Earth,9.224,6.967,13.15,0.257
Earth,8.021,4.839,10.019,0.5057
Earth,7.064,2.381,1.285,0.5846
Earth,6.731,3.221,11.145,0.6239
Earth,8.588,2.974,1.498,0.2427
Earth,7.648,4.716,14.963,0.6306
Earth,8.965,1.362,13.217,0.0724
Earth,8.479,2.11,5.163,0.2528
Earth,8.889,6.689,4.604,0.2758
Earth,7.316,1.928,6.34,0.5738
Earth,8.577,2.634,5.986,0.2391
Earth,7.292,4.174,6.213,0.6523
Earth,9.317,4.62,5.456,0.1672
Earth,8.409,6.345,9.696,0.4287
Earth,7.474,4.131,3.3,0.6479
Earth,7.309,6.529,12.844,0.7414
Earth,7.073,5.328,12.374,0.6989
Earth,8.584,1.792,7.671,0.2091
Earth,7.156,2.094,12.938,0.5862
Earth,8.286,4.059,4.46,0.3846
Earth,7.294,3.778,1.246,0.6335
Earth,8.486,6.205,9.669,0.3982
Earth,8.945,5.065,7.411,0.2031
Earth,8.834,3.717,8.94,0.1943
Earth,8.783,2.195,13.591,0.1629
Earth,7.063,2.588,14.579,0.6052
Earth,6.765,5.029,9.882,0.6859
Earth,8.597,3.964,11.697,0.2848
Earth,7.605,4.604,2.173,0.6283
Earth,7.797,2.195,3.25,0.4811
Earth,6.593,5.64,11.265,0.7087
Earth,7.279,6.968,7.039,0.7509
Earth,6.601,2.806,7.244,0.6054
Earth,9.138,4.441,5.321,0.1607
Earth,7.23,7.829,9.503,0.7835
Earth,8.172,3.333,3.592,0.3962
Earth,6.617,5.165,9.777,0.6906
Earth,8.501,1.631,3.433,0.227
Earth,7.469,5.242,1.894,0.6854
Earth,9.194,1.627,5.625,0.0626
Earth,9.164,7.715,4.236,0.2742
Earth,7.476,6.01,13.446,0.7238
Earth,9.203,6.517,1.769,0.2299
Earth,9.488,5.929,3.473,0.211
Earth,8.976,5.128,8.682,0.1961
Earth,9.035,4.149,7.735,0.153
Earth,7.247,7.009,1.642,0.7469
Earth,8.23,7.698,1.102,0.5272
Earth,6.702,4.493,14.833,0.6721
Earth,6.785,7.521,10.224,0.7734
Earth,9.497,5.083,6.116,0.184
Earth,7.48,4.769,7.586,0.6745
Earth,8.745,4.181,4.732,0.2362
Earth,8.92,2.465,5.828,0.1188
Earth,9.074,1.026,10.087,0.046
Earth,9.493,2.691,13.359,0.1075
Earth,7.224,4.568,3.578,0.6635
Earth,6.621,3.66,12.765,0.6409
Earth,7.734,4.139,2.702,0.5697
Earth,6.89,7.865,4.01,0.7793
Earth,6.567,3.452,1.52,0.6223
Earth,7.581,4.165,2.971,0.6217
Earth,8.851,1.935,13.842,0.1311
Earth,8.199,1.336,7.432,0.3213
Earth,7.438,6.428,2.087,0.7271
Earth,8.463,4.995,14.436,0.3682
Earth,7.196,6.325,13.306,0.7347
Earth,6.543,2.049,11.566,0.5833
Earth,8.793,5.003,14.069,0.2581
Earth,8.371,2.775,4.082,0.3108
Earth,8.787,2.596,12.709,0.1746
Earth,6.617,1.081,10.66,0.5485
Earth,9.011,1.912,13.177,0.0801
Earth,8.359,3.165,12.157,0.3367
Earth,8.19,1.818,5.851,0.3394
Earth,8.374,7.901,11.842,0.4971
Earth,9.093,3.16,4.674,0.1153
Earth,8.261,1.912,5.6,0.3189
Earth,8.243,2.394,2.511,0.3387
Earth,9.472,5.114,14.091,0.1931
Earth,8.77,1.448,5.074,0.1324
Earth,7.827,7.037,8.289,0.6456
Earth,8.622,7.73,6.479,0.403
Earth,7.668,2.727,14.439,0.554
Earth,7.187,4.151,5.691,0.651
Earth,8.291,1.155,11.9,0.2888
Earth,9.285,5.485,12.976,0.2049
Earth,9.287,3.897,7.098,0.1435
Earth,7.526,2.89,6.294,0.5989
Earth,8.083,2.448,11.468,0.4028
Earth,7.135,5.578,13.781,0.709
Earth,9.487,3.914,11.569,0.1485
Earth,9.443,2.258,4.18,0.0832
Earth,8.449,5.824,13.436,0.4011
Earth,8.913,4.956,6.426,0.2088
Earth,8.645,7.011,9.067,0.3727
Earth,8.279,1.822,12.64,0.3166
Earth,6.66,6.5,3.638,0.7311
Earth,7.864,5.715,11.983,0.5906
Earth,8.524,1.805,9.346,0.2311
Earth,8.533,5.864,13.507,0.3745
Earth,7.619,4.091,3.408,0.6068
Earth,9.325,7.615,6.89,0.2734
Earth,7.002,1.991,12.66,0.5824
Earth,8.001,5.5,1.269,0.5267
Earth,8.573,3.674,2.571,0.2736
Earth,8.591,7.698,14.868,0.4205
Earth,8.446,3.31,4.926,0.3055
Earth,7.326,7.735,14.658,0.7854
Earth,6.969,7.31,3.555,0.7594
Earth,8.408,2.893,6.055,0.3047
Earth,8.298,6.625,11.54,0.4774
Earth,7.038,7.969,10.209,0.7891
Earth,8.615,2.769,9.136,0.2342
Earth,7.866,4.057,8.419,0.5286
Earth,8.503,4.641,12.808,0.3408
Earth,9.012,3.065,4.289,0.1115
Earth,7.009,1.107,7.195,0.5459
Earth,6.557,2.541,3.176,0.5921
Earth,8.837,2.974,9.343,0.1676
Earth,8.329,4.105,4.508,0.3718
Earth,8.599,2.198,5.674,0.2163
Earth,9.014,7.113,7.598,0.2565
Earth,8.908,5.934,1.375,0.2396
Earth,9.383,1.596,2.287,0.0582
Earth,8.108,5.551,10.603,0.5023
Earth,7.965,5.576,7.006,0.547
Earth,7.706,7.694,13.107,0.7138
Earth,6.961,1.021,10.725,0.5465
Earth,8.218,2.736,1.113,0.3576
Earth,7.331,7.495,9.634,0.7719
Earth,9.264,7.525,2.312,0.2657
Earth,8.25,6.044,11.933,0.4736
Earth,8.279,6.36,14.881,0.478
Earth,7.565,1.64,8.437,0.5443
Earth,6.656,4.597,10.559,0.6715
Earth,6.595,2.621,4.322,0.5961
Earth,7.77,2.269,7.126,0.4965
Earth,6.754,6.672,12.985,0.7465
Earth,8.321,1.945,3.344,0.2979
Earth,9.143,4.281,4.717,0.1545
Earth,9.149,7.57,7.236,0.2722
Earth,8.477,2.301,10.971,0.2658
Earth,7.134,7.846,6.262,0.7809
Earth,9.089,7.96,13.988,0.2926
Earth,9.158,4.889,2.322,0.1734
Earth,7.09,2.191,6.191,0.5829
Earth,8.712,3.213,10.925,0.2193
Earth,7.36,3.971,4.164,0.6432
Earth,8.908,3.165,10.19,0.1517
Earth,9.492,2.964,3.299,0.1071
Earth,6.59,7.806,1.784,0.775
Earth,9.192,2.074,2.694,0.0753
Earth,8.368,6.133,14.02,0.4394
Earth,9.42,1.003,8.725,0.0438
Earth,7.895,5.173,12.149,0.5615
Earth,9.042,7.412,5.657,0.2651
Earth,6.687,3.016,9.297,0.6148
Earth,7.506,2.299,7.929,0.5864
Earth,6.701,5.562,14.24,0.7089
Earth,9.426,5.988,11.466,0.2211
Earth,8.951,5.816,11.228,0.2312
Earth,9.058,3.235,1.649,0.1149
Earth,9.314,2.765,8.695,0.1055
Earth,6.755,7.691,7.538,0.7767
Earth,7.657,7.463,13.99,0.7229
Earth,6.713,4.201,4.603,0.6516
Earth,7.132,6.923,4.778,0.7471
Earth,7.188,4.166,6.759,0.6526
Earth,7.907,3.971,4.407,0.5076
Earth,7.306,2.097,2.809,0.5762
Earth,6.803,3.985,13.004,0.6525
Earth,7.002,4.762,8.816,0.6755
Earth,6.942,1.158,13.059,0.5536
Earth,9.419,4.109,12.636,0.1564
Earth,8.778,6.469,4.949,0.3054
Earth,9.403,5.76,8.668,0.2103
Earth,7.819,5.446,2.165,0.5864
Earth,7.335,7.367,13.814,0.7717
Earth,8.895,1.126,6.66,0.0811
Earth,7.479,4.899,6.511,0.678
Earth,7.398,6.511,5.239,0.7331
Earth,7.198,4.789,7.449,0.6751
Earth,6.889,3.267,4.525,0.6189
Earth,7.269,1.954,6.248,0.5746
Earth,7.566,7.213,12.199,0.7427
Earth,8.522,4.295,12.68,0.3224
Earth,6.688,7.147,5.259,0.7554
Earth,7.132,5.101,7.566,0.6861
Earth,8.927,5.719,13.233,0.2377
Earth,6.941,6.63,1.737,0.7338
Earth,7.528,5.614,13.448,0.7006
Earth,9.094,3.786,4.069,0.1366
Earth,6.965,4.595,10.5,0.6713
Earth,6.748,6.621,9.156,0.7409
Earth,7.954,3.616,8.741,0.4841
Earth,7.407,3.717,13.031,0.6431
Earth,8.19,1.67,2.422,0.3308
Earth,8.911,7.402,5.858,0.2945
Earth,6.911,1.637,8.536,0.5658
Earth,8.242,5.537,12.358,0.4588
Earth,8.017,3.892,4.03,0.4681
Earth,6.932,3.839,12.241,0.6466
Earth,8.372,5.757,6.595,0.4174
Earth,7.321,1.47,3.645,0.5551
Earth,7.964,5.156,11.626,0.5376
Earth,6.747,6.404,2.273,0.7264
Earth,7.879,6.797,8.207,0.6199
Earth,7.419,2.194,1.894,0.5787
Earth,8.967,7.282,5.99,0.2718
Earth,6.671,5.593,9.415,0.7052
Earth,7.756,7.173,8.786,0.6746
Earth,7.875,4.397,6.665,0.5355
Earth,8.675,4.794,7.007,0.2831
Earth,8.223,7.433,4.175,0.5234
Earth,8.502,7.299,7.382,0.429
Earth,8.831,4.137,14.346,0.2154
Earth,9.087,2.921,12.906,0.1151
Earth,7.442,3.752,3.033,0.6344
Earth,8.114,3.714,1.417,0.4267
Earth,9.02,3.008,14.069,0.1194
Earth,9.468,2.88,8.374,0.1092
Earth,9.169,7.027,8.53,0.2545
Earth,7.614,1.489,11.93,0.5259
Earth,7.085,5.743,5.406,0.7064
Earth,7.968,2.21,7.747,0.429
Earth,8.725,3.412,14.561,0.2257
Earth,7.978,1.431,10.41,0.4013
Earth,7.95,2.89,3.152,0.4544
Earth,9.015,6.379,2.865,0.2261
Earth,7.584,7.195,3.86,0.7276
Earth,9.079,2.551,11.734,0.101
Earth,7.72,4.245,5.135,0.5802
Earth,7.485,4.292,1.299,0.6515
Earth,7.862,7.115,14.218,0.6426
Earth,8.787,6.34,3.376,0.2961
Earth,6.878,4.592,1.134,0.6618
Earth,7.089,5.695,4.32,0.7037
Earth,9.354,6.931,4.29,0.2469
Earth,7.026,1.067,6.908,0.5442
Earth,8.203,3.82,13.885,0.4132
Earth,8.238,7.351,13.309,0.5246
Earth,7.969,6.182,7.397,0.5675
Earth,8.434,4.8,6.753,0.3633
Earth,7.189,4.708,8.77,0.6735
Earth,8.158,3.434,4.408,0.4053
Earth,7.617,4.644,1.731,0.6254
Earth,8.485,5.588,14.149,0.3814
Earth,6.924,3.929,3.614,0.6411
Earth,8.213,5.999,3.778,0.4762
Earth,7.056,7.029,7.614,0.7536
Earth,7.336,2.083,7.883,0.5808
Earth,7.156,4.161,1.258,0.6469
Earth,7.049,3.856,3.071,0.638
Earth,8.977,5.812,6.294,0.2173
Earth,7.357,2.749,10.572,0.6068
Earth,9.281,5.482,4.198,0.1961
Earth,9.41,7.142,6.922,0.2569
Earth,8.214,3.927,8.803,0.4083
Earth,6.929,7.377,13.44,0.7716
Earth,7.624,7.952,5.565,0.7427
Earth,8.893,1.743,2.87,0.0995
Earth,7.602,2.631,7.85,0.5659
Earth,6.761,7.653,11.454,0.7793
Earth,8.17,7.708,2.538,0.5489
Earth,9.035,1.684,6.946,0.0659
Earth,8.888,1.105,1.249,0.0773
Earth,7.025,2.128,1.47,0.5759
Earth,8.518,7.972,7.761,0.4474
Earth,7.162,2.26,5.175,0.5843
Earth,7.155,4.518,12.832,0.671
Earth,9.122,6.939,9.43,0.2523
Earth,7.249,1.143,7.355,0.5474
Earth,7.29,5.231,6.711,0.6898
Earth,6.502,2.939,7.961,0.6108
Earth,9.112,7.036,1.566,0.2478
Earth,8.878,2.984,13.499,0.1587
Earth,8.382,5.807,14.976,0.4242
Earth,8.751,5.72,3.541,0.2868
Earth,6.956,2.55,2.685,0.592
Earth,7.875,1.244,3.01,0.4215
Earth,7.554,3.865,10.254,0.6276
Earth,6.781,3.024,10.26,0.6161
Earth,7.958,6.663,12.871,0.5933
Earth,9.262,6.603,11.526,0.2426
Earth,6.62,4.199,7.296,0.6543
Earth,7.374,5.246,9.58,0.6932
Earth,7.123,5.23,10.636,0.6937
Earth,7.214,6.79,8.178,0.7458
Earth,9.225,3.975,7.659,0.1468
Earth,7.904,2.928,10.031,0.4778
Earth,7.899,2.855,8.805,0.4758
Earth,8.782,4.753,10.015,0.2491
Earth,6.963,4.144,9.58,0.6546
Earth,7.962,4.081,11.069,0.5
Earth,7.79,1.638,9.999,0.4707
Earth,8.291,6.03,8.276,0.4558
Earth,9.499,2.496,10.545,0.0979
Earth,8.808,2.379,7.293,0.1544
Earth,7.694,3.889,4.383,0.576
Earth,8.983,2.594,1.02,0.0976
Earth,7.012,5.087,8.839,0.6869
Earth,6.591,3.6,9.269,0.6353
Earth,7.113,4.142,14.609,0.6596
Earth,7.521,4.76,6.061,0.6656
Earth,8.032,2.425,6.518,0.4141
Earth,8.345,2.09,3.825,0.2952
Earth,9.232,7.163,1.987,0.2527
Earth,8.03,4.036,11.819,0.4766
Earth,8.004,3.885,4.496,0.4725
Earth,6.651,1.249,9.525,0.5532
Earth,6.605,4.486,10.629,0.6676
Earth,8.153,4.879,7.597,0.4605
Earth,7.815,4.912,13.269,0.5803
Earth,9.018,5.949,7.213,0.2154
Earth,6.982,2.242,4.989,0.5835
Earth,6.575,2.766,13.544,0.6103
Earth,7.847,6.675,13.062,0.631
Earth,7.212,7.63,3.297,0.7704
Earth,6.649,1.952,1.363,0.5697
Earth,8.674,4.484,2.26,0.2679
Earth,6.835,2.499,5.012,0.5925
Earth,8.325,1.421,14.612,0.2893
Earth,7.343,3.279,8.819,0.6236
Earth,7.02,2.006,6.226,0.5764
Earth,7.639,5.97,13.442,0.676
Earth,8.904,4.736,7.344,0.205
Earth,7.676,2.007,5.413,0.5169
Earth,8.752,1.065,14.177,0.134
Earth,6.876,6.657,12.893,0.7459
Earth,8.818,2.233,12.811,0.1515
Earth,7.211,5.244,8.172,0.6917
Earth,8.532,3.358,12.052,0.2855
Earth,8.197,5.098,3.511,0.4495
Earth,9.287,3.21,9.025,0.1214
Earth,7.662,1.609,14.774,0.5171
Earth,6.698,2.561,5.073,0.5947
Earth,6.557,2.316,12.121,0.5932
Earth,8.981,3.996,7.867,0.1542
Earth,8.074,5.608,1.557,0.5064
Earth,8.826,2.847,11.682,0.1694
Earth,7.203,1.084,3.36,0.5413
Earth,7.535,4.633,9.841,0.6602
Earth,6.59,5.24,2.199,0.6856
Earth,9.384,7.74,14.256,0.2852
Earth,8.504,5.126,5.084,0.35
Earth,9.3,4.298,4.171,0.1546
Earth,7.296,5.014,2.808,0.6783
Earth,8.334,7.495,14.244,0.4984
Earth,8.535,6.799,10.967,0.4038
Earth,7.453,3.261,11.383,0.6255
Earth,9.044,2.661,7.992,0.1011
Earth,9.341,2.838,7.646,0.107
Earth,9.155,4.531,2.54,0.1611
Earth,8.717,6.208,8.838,0.3204
Earth,7.332,4.523,4.457,0.6627
Earth,7.345,1.475,14.68,0.5663
Earth,9.39,6.065,12.152,0.2244
Earth,6.531,6.642,6.782,0.7392
Earth,8.648,3.026,3.119,0.2263
Earth,8.619,5.649,11.995,0.3368
Earth,8.368,3.986,2.709,0.3529
Earth,9.47,7.224,3.651,0.2565
Earth,7.436,6.917,3.961,0.746
Earth,7.52,4.678,8.796,0.6659
Earth,6.737,5.841,12.019,0.7164
Earth,7.828,7.183,5.4,0.6474
Earth,7.283,4.47,2.185,0.6586
Earth,7.53,3.193,7.504,0.6092
Earth,9.004,6.276,11.474,0.2311
Earth,9.306,2.54,4.103,0.093
Earth,7.057,3.72,4.079,0.6343
Earth,7.618,7.06,14.261,0.7222
Earth,9.286,6.071,14.358,0.2268
Earth,6.685,3.827,14.867,0.6488
Earth,6.777,2.503,12.307,0.5999
Earth,6.988,3.492,3.635,0.6258
Earth,8.286,2.989,3.968,0.3467
Earth,6.951,2.233,5.763,0.5839
Earth,9.404,6.203,5.454,0.2226
Earth,7.84,2.764,14.391,0.4978
Earth,8.005,4.179,12.047,0.4901
Earth,7.24,3.701,11.136,0.6407
Earth,7.913,7.875,3.603,0.6416
Earth,8.486,3.738,13.733,0.316
Earth,8.754,1.56,12.59,0.1493
Earth,8.762,1.629,3.291,0.1398
Earth,8.234,5.135,13.196,0.4484
Earth,9.213,5.196,4.811,0.1867
Earth,8.952,3.931,2.132,0.1557
Earth,8.771,4.023,10.196,0.2273
Earth,6.667,1.378,10.153,0.5584
Earth,6.521,4.616,2.329,0.6639
Earth,7.137,4.533,5.464,0.6641
Earth,8.491,2.047,14.899,0.2563
Earth,7.734,1.727,10.498,0.4931
Earth,7.707,1.865,11.221,0.5074
Earth,9.154,1.707,3.981,0.0637
Earth,9.187,5.268,2.103,0.1865
Earth,9.228,2.375,4.877,0.088
Earth,7.442,2.76,4.485,0.6011
Earth,8.573,2.215,4.284,0.2241
Earth,7.315,7.705,3.699,0.7734
Earth,7.072,6.982,9.047,0.7534
Earth,7.054,2.613,5.593,0.5971
Earth,7.526,3.293,12.485,0.619
Earth,7.79,2.469,3.575,0.4934
Earth,8.993,4.443,7.505,0.1654
Earth,6.86,1.137,1.191,0.541
Earth,8.705,5.7,7.744,0.3056
Earth,8.094,4.662,1.782,0.4668
Earth,7.364,7.29,14.688,0.7699
Earth,7.978,2.151,12.068,0.4279
Earth,7.4,6.629,7.862,0.7399
Earth,8.288,6.544,2.212,0.4685
Earth,7.802,1.89,9.294,0.4749
Earth,6.993,3.79,11.623,0.6443
Earth,6.85,2.191,3.67,0.5804
Earth,8.14,2.783,8.955,0.393
Earth,9.207,2.843,12.399,0.1119
Earth,7.532,4.894,11.755,0.6724
Earth,8.699,3.88,12.242,0.2484
Earth,8.476,7.634,13.311,0.4552
Earth,9.295,1.885,14.128,0.0801
Earth,8.963,7.816,6.677,0.2926
Earth,8.2,2.614,8.963,0.3672
Earth,8.471,6.41,12.069,0.4127
Earth,9.195,3.373,10.76,0.1288
Earth,7.699,2.002,14.937,0.5188
Earth,7.48,7.005,1.191,0.7464
Earth,6.532,3.162,5.972,0.6166
Earth,8.98,5.612,4.934,0.2081
Earth,8.903,4.965,4.672,0.2108
Earth,6.813,4.302,4.115,0.6547
Earth,8.231,4.471,10.928,0.4239
Earth,7.892,6.126,2.187,0.5859
Earth,6.856,1.614,11.383,0.5679
Earth,9.442,5.677,10.708,0.2094
Earth,7.144,7.271,4.511,0.759
Earth,6.702,1.405,4.54,0.5537
Earth,8.285,1.985,9.804,0.3178
Earth,8.717,6.016,11.67,0.3167
Earth,6.597,4.061,13.271,0.6554
Earth,8.476,3.825,12.93,0.3214
Earth,8.097,1.959,14.508,0.3841
Earth,6.81,4.547,9.139,0.6683
Earth,7.018,1.886,13.721,0.5797
Earth,8.204,4.336,12.319,0.4295
Earth,7.389,6.345,13.525,0.7356
Earth,9.315,2.808,1.163,0.0994
Earth,8.956,4.366,14.523,0.1819
Earth,9.451,7.944,7.629,0.2857
Earth,7.279,5.807,12.175,0.7154
Earth,9.409,6.889,2.781,0.2439
Earth,7.794,3.904,6.543,0.5453
Earth,7.543,6.375,4.8,0.7137
Earth,6.651,1.284,5.083,0.55
Earth,6.658,1.86,2.726,0.5678
Earth,8.576,2.421,12.281,0.2384
Earth,7.874,3.814,1.129,0.51
Earth,7.18,6.92,5.375,0.7476
Earth,8.342,3.424,3.442,0.3426
Earth,7.259,5.582,9.247,0.7046
Earth,8.233,5.965,4.56,0.469
Earth,7.578,5.103,4.626,0.6574
Earth,8.971,3.501,7.837,0.1401
Earth,8.962,5.039,10.138,0.1992
Earth,7.932,3.396,2.698,0.4775
Earth,7.552,1.587,3.457,0.5415
Earth,7.588,7.95,4.46,0.7535
Earth,8.917,1.89,14.632,0.1084
Earth,7.485,1.506,6.56,0.5593
Earth,7.127,7.15,9.386,0.7596
Earth,6.754,3.113,4.382,0.6133
Earth,7.9,5.552,7.866,0.5688
Earth,7.946,3.303,2.038,0.4688
Earth,9.023,3.74,1.486,0.1324
Earth,7.164,2.835,7.562,0.6068
Earth,7.643,3.401,6.581,0.578
Earth,8.925,3.875,2.916,0.1635
Earth,8.971,6.043,10.626,0.2318
Earth,7.654,4.581,14.901,0.6239
Earth,7.877,7.605,6.539,0.6469
Earth,7.41,1.293,9.744,0.555
Earth,9.298,4.521,14.482,0.1727
Earth,6.856,5.09,12.641,0.6908
Earth,9.301,7.441,7.49,0.2679
Earth,8.552,1.344,11.325,0.2078
Earth,8.095,5.014,2.794,0.4801
Earth,6.598,6.975,8.169,0.7523
Earth,7.927,2.693,4.907,0.4569
Earth,7.723,7.134,3.256,0.6785
Earth,6.984,1.133,6.968,0.5466
Earth,8.469,6.127,2.834,0.3942
Earth,9.413,7.532,10.786,0.2744
Earth,8.187,5.6,7.387,0.4745
Earth,8.644,4.073,8.436,0.2696
Earth,6.705,1.314,3.049,0.549
Earth,7.753,7.441,2.957,0.6791
Earth,6.849,4.292,9.168,0.6594
Earth,8.338,1.203,14.79,0.2774
Earth,9.315,5.829,2.348,0.2064
Earth,8.485,4.373,5.0,0.3296
Earth,6.73,1.87,13.172,0.5786
Earth,7.564,2.5,2.012,0.5682
Earth,8.152,1.451,13.262,0.3467
Earth,7.71,5.02,8.34,0.6142
Earth,9.001,5.354,6.716,0.1941
Earth,8.944,4.54,5.336,0.1829
Earth,8.335,6.72,5.16,0.4619
Earth,7.62,7.027,5.281,0.7111
Earth,7.266,5.309,13.387,0.6992
Earth,6.818,1.089,11.133,0.5493
Earth,7.565,5.867,10.376,0.6941
Earth,7.74,3.926,12.182,0.5698
Earth,8.527,4.959,4.6,0.3357
Earth,8.474,5.544,9.653,0.3789
Earth,6.71,3.452,7.441,0.6282
Earth,7.686,7.42,11.954,0.7097
Earth,7.045,1.938,5.33,0.5732
Earth,6.97,5.701,10.005,0.7095
Earth,8.982,1.031,13.351,0.0555
Earth,6.626,7.473,6.63,0.7682
Earth,7.758,1.788,1.933,0.4786
Earth,7.005,1.664,8.225,0.5665
Earth,9.138,3.331,5.844,0.1224
Earth,8.171,3.615,10.411,0.4132
Earth,7.194,2.5,14.314,0.6018
Earth,8.007,5.096,7.799,0.5171
Earth,8.694,4.1,7.527,0.2529
Earth,9.374,1.239,10.164,0.0535
Earth,7.161,3.238,2.449,0.6158
Earth,9.159,6.673,4.549,0.2381
Earth,9.303,5.828,13.866,0.2178
Earth,9.249,6.074,10.379,0.223
Earth,8.406,5.887,1.188,0.4051
Earth,8.389,3.177,3.865,0.3186
Earth,7.71,1.698,10.56,0.5001
Earth,8.757,2.907,11.702,0.1944
Earth,8.094,6.822,12.758,0.5536
Earth,8.532,7.863,5.09,0.4362
Earth,7.785,4.457,14.034,0.5749
Earth,8.694,1.068,8.741,0.148
Earth,8.973,1.98,10.752,0.0889
Earth,6.939,3.255,9.354,0.6233
Earth,8.999,5.05,2.718,0.1799
Earth,8.121,1.526,14.484,0.3609
Earth,9.034,7.604,2.72,0.2688
Earth,7.794,3.556,4.568,0.531
Earth,7.637,7.388,12.391,0.7253
Earth,9.245,6.464,9.66,0.2359
Earth,7.254,6.288,12.734,0.7328
Earth,9.033,5.247,8.22,0.1919
Earth,7.952,5.387,6.278,0.5442
Earth,8.042,5.466,13.906,0.5245
Earth,7.425,5.401,1.508,0.6905
Earth,8.219,4.876,12.986,0.4439
Earth,7.476,7.905,4.231,0.7809
Earth,6.618,6.126,12.882,0.7273
Earth,7.316,6.439,2.949,0.7283
Earth,6.519,7.107,9.123,0.7579
Earth,9.435,2.509,13.434,0.1013
Earth,9.397,1.587,7.63,0.0632
Earth,7.685,4.38,11.452,0.6029
Earth,8.685,4.599,12.265,0.2782
Earth,7.537,6.804,11.311,0.737
Earth,8.513,4.106,13.955,0.3199
Earth,8.916,4.996,7.256,0.21
Earth,9.34,4.689,3.424,0.1676
Earth,7.701,1.267,1.669,0.4792
Earth,8.85,5.307,4.45,0.2402
Earth,7.298,6.796,3.005,0.7409
Earth,9.471,2.103,8.811,0.0824
Earth,6.577,5.16,3.589,0.6842
Earth,8.311,5.155,1.545,0.4118
Earth,8.479,2.149,1.504,0.2506
Earth,8.564,1.864,12.642,0.2232
Earth,6.861,7.86,9.28,0.7844
Earth,9.316,3.756,6.013,0.1375
Earth,7.044,2.592,13.519,0.6042
Earth,8.368,2.199,1.983,0.2895
Earth,7.168,5.673,14.725,0.7133
Earth,7.422,5.266,9.628,0.6939
Earth,8.139,5.505,3.568,0.4831
Earth,7.752,1.616,10.507,0.4832
Earth,6.981,7.255,11.687,0.7656
Earth,7.013,3.725,7.011,0.6374
Earth,7.754,3.194,13.063,0.54
Earth,8.772,4.237,3.11,0.2274
Earth,9.194,3.73,4.904,0.1355
Earth,6.752,7.045,2.309,0.7489
Earth,7.679,7.505,3.952,0.7069
Earth,6.801,3.124,4.342,0.6137
Earth,6.55,7.048,13.847,0.7605
Earth,8.485,6.471,2.094,0.4002
Earth,8.307,7.516,6.984,0.5009
Earth,6.989,2.72,8.454,0.6037
Earth,7.201,5.039,13.582,0.6899
Earth,6.571,2.922,14.968,0.6172
Earth,9.005,6.769,11.547,0.2485
Earth,9.424,1.037,14.591,0.0509
Earth,6.906,4.954,12.019,0.6854
Earth,7.194,3.374,14.485,0.6326
Earth,9.105,3.259,10.902,0.125
Earth,9.279,5.514,2.117,0.1951
Earth,7.759,6.96,6.627,0.6639
Earth,6.652,5.264,10.052,0.6943
Earth,6.618,6.972,5.91,0.7499
Earth,8.222,2.852,4.827,0.364
Earth,7.679,4.637,9.084,0.6118
Earth,6.586,4.154,14.069,0.6595
Earth,8.25,1.082,1.49,0.2894
Earth,6.534,4.898,11.769,0.6832
Earth,8.862,5.631,11.118,0.2542
Earth,7.419,5.143,14.495,0.6945
Earth,6.621,6.154,14.03,0.7294
Earth,8.265,4.999,11.671,0.4316
Earth,7.693,1.467,8.286,0.4953
Earth,9.421,1.815,3.86,0.0674
Earth,8.133,5.175,8.633,0.4789
Earth,7.326,2.925,11.715,0.6141
Earth,8.628,1.558,13.539,0.1919
Earth,7.314,4.007,12.056,0.6523
Earth,9.213,4.88,3.734,0.1745
Earth,7.624,3.301,9.396,0.5835
Earth,8.15,6.043,5.65,0.5006
Earth,6.652,5.506,1.129,0.6939
Earth,7.778,3.33,3.803,0.5276
Earth,8.997,6.284,2.585,0.2235
Earth,8.917,5.541,12.798,0.2344
Earth,7.173,5.462,4.619,0.6958
Earth,7.178,4.874,4.986,0.6756
Earth,8.952,1.08,14.439,0.0683
Earth,9.291,5.876,6.307,0.212
Earth,6.786,3.632,1.134,0.6283
Earth,7.85,7.598,4.974,0.6542
Earth,7.512,6.726,2.67,0.734
Earth,9.112,5.114,2.439,0.1814
Earth,6.751,2.765,2.085,0.5989
Earth,7.133,2.426,9.306,0.5942
Earth,8.757,3.383,3.651,0.2029
Earth,6.654,4.336,6.057,0.6578
Earth,7.978,3.072,13.068,0.4614
Earth,7.826,4.605,6.941,0.5593
Earth,7.503,2.158,13.82,0.5883
Earth,7.684,7.844,7.971,0.7213
Earth,8.09,1.755,6.584,0.3714
Earth,6.984,7.524,11.505,0.7748
Earth,8.216,7.395,2.024,0.5222
Earth,8.916,4.678,2.253,0.1939
Earth,8.78,6.074,10.128,0.2959
Earth,6.962,4.052,7.817,0.6496
Earth,6.948,5.41,12.066,0.7014
Earth,7.305,3.384,13.828,0.6323
Earth,7.583,3.108,6.437,0.5875
Earth,7.725,5.048,9.35,0.6109
Earth,8.539,4.487,8.01,0.3187
Earth,6.67,5.057,14.743,0.6917
Earth,6.604,3.007,12.635,0.6179
Earth,7.676,3.569,13.764,0.5801
Earth,8.591,1.587,4.561,0.1963
Earth,7.08,1.366,11.815,0.5596
Earth,8.425,2.774,4.717,0.2936
Earth,7.279,1.52,3.922,0.5571
Earth,9.158,1.726,14.22,0.0746
Earth,9.187,6.69,1.27,0.2354
Earth,7.392,1.272,14.515,0.559
Earth,7.19,5.613,3.09,0.6995
Earth,7.734,2.908,12.472,0.5363
Earth,7.222,7.101,4.863,0.7534
Earth,8.517,4.395,5.91,0.3207
Earth,8.978,3.139,4.035,0.1212
Earth,8.519,4.623,9.197,0.3313
Earth,8.973,3.674,5.873,0.1434
Earth,7.691,4.95,10.204,0.6198
Earth,6.969,1.802,1.219,0.5643
Earth,8.714,7.979,1.901,0.3765
Earth,7.581,3.979,2.395,0.6145
Earth,8.514,3.438,6.866,0.2892
Earth,7.312,5.971,12.407,0.7214
Earth,6.744,3.547,13.434,0.6376
Earth,9.478,6.833,4.427,0.2436
Earth,6.969,4.18,9.041,0.6553
Earth,9.465,6.037,11.757,0.223
Earth,9.432,1.752,5.044,0.0664
Earth,8.881,6.923,6.726,0.2885
Earth,8.478,6.15,8.336,0.3975
Earth,8.233,2.482,2.888,0.3453
Earth,9.098,2.017,1.364,0.072
Earth,7.368,3.214,3.139,0.6156
Earth,7.903,7.832,9.776,0.6496
Earth,8.358,2.798,2.031,0.3139
Earth,7.734,4.193,3.656,0.5725
Earth,7.782,1.21,5.73,0.4539
Earth,7.491,3.781,2.09,0.6344
Earth,8.193,4.999,3.684,0.4478
Earth,9.052,7.672,13.758,0.2823
Earth,7.105,4.617,1.27,0.6629
Earth,9.303,6.734,10.148,0.2458
Earth,8.567,4.83,6.382,0.3197
Earth,8.97,1.285,10.417,0.0655
Earth,8.169,3.205,9.242,0.3986
Earth,8.839,5.029,4.129,0.234
Earth,6.549,7.654,12.861,0.7808
Earth,8.955,7.014,7.887,0.2683
Earth,6.62,2.598,12.516,0.6035
Earth,9.17,2.541,6.684,0.0956
Earth,9.476,2.408,14.786,0.0991
Earth,7.382,7.457,11.787,0.7728
Earth,7.131,6.969,14.523,0.7584
Earth,8.796,6.424,8.201,0.301
Earth,7.259,3.749,7.632,0.6389
Earth,9.097,4.531,11.576,0.1701
Earth,6.809,4.25,13.324,0.6621
Earth,6.878,2.774,14.498,0.6116
Earth,9.437,4.535,5.544,0.1643
Earth,8.522,1.213,12.182,0.2141
Earth,9.041,1.923,3.949,0.0712
Earth,7.473,7.206,8.638,0.7609
Earth,8.529,6.262,3.518,0.3795
Earth,8.283,3.96,5.864,0.3836
Earth,8.309,4.62,14.039,0.4059
Earth,8.548,3.59,3.045,0.2795
Earth,8.226,6.185,9.854,0.4843
Earth,7.787,6.489,9.301,0.6407
Earth,7.328,6.343,2.69,0.7247
Earth,8.806,6.058,5.564,0.2824
Earth,7.179,2.432,8.882,0.594
Earth,8.577,3.366,3.621,0.2624
Earth,7.2,4.289,12.209,0.6623
Earth,8.376,3.316,14.61,0.3387
Earth,8.741,6.285,4.007,0.3102
Earth,7.156,3.305,3.617,0.6193
Earth,6.68,1.968,7.369,0.5762
Earth,6.893,3.793,11.469,0.6442
Earth,8.318,7.859,4.942,0.5074
Earth,9.048,2.581,1.278,0.0916
Earth,6.635,5.285,8.577,0.6936
Earth,8.702,4.031,14.392,0.2547
Earth,7.524,1.497,6.478,0.5509
Earth,7.936,4.415,6.882,0.5162
Earth,9.287,5.915,14.565,0.2216
Earth,7.496,4.593,10.725,0.6715
Earth,7.896,7.105,11.068,0.6277
Earth,6.541,3.023,8.878,0.6147
Earth,6.745,1.604,14.645,0.5708
Earth,7.276,7.556,10.644,0.7751
Earth,6.584,3.647,13.53,0.6412
Earth,8.394,5.035,10.791,0.389
Earth,7.779,6.544,11.292,0.6473
Earth,8.144,3.27,5.066,0.4047
Earth,7.024,6.013,5.249,0.7157
Earth,7.388,1.948,11.962,0.5801
Earth,8.491,3.039,5.154,0.281
Earth,9.396,2.013,8.879,0.0793
Earth,6.651,6.679,4.491,0.7382
Earth,9.171,2.559,12.438,0.102
Earth,8.231,6.022,2.547,0.4698
Earth,8.192,7.603,12.612,0.5481
Earth,8.001,4.694,9.438,0.5068
Earth,6.708,4.78,3.617,0.6709
Earth,6.77,4.227,8.588,0.6565
Earth,8.303,3.281,4.955,0.3522
Earth,7.523,4.33,5.529,0.6494
Earth,9.252,5.22,5.921,0.1886
Earth,7.72,7.902,1.886,0.7052
Earth,6.93,7.564,14.803,0.7796
Earth,8.644,7.035,1.441,0.3663
Earth,7.38,7.224,10.275,0.7631
Earth,8.076,4.275,6.197,0.4637
Earth,8.593,5.602,10.044,0.3416
Earth,9.201,7.265,5.987,0.2603
Earth,8.877,3.751,10.433,0.1828
Earth,8.529,7.732,11.209,0.4388
Earth,8.539,3.911,10.668,0.3012
Earth,9.338,5.208,2.595,0.1849
Earth,7.387,5.969,10.197,0.7191
Earth,6.503,7.654,4.92,0.7728
Earth,7.316,2.712,1.403,0.5963
Earth,7.154,6.223,6.808,0.7246
Earth,8.486,4.646,7.07,0.3412
Earth,8.401,2.88,7.54,0.308
Earth,8.28,6.436,10.868,0.476
Earth,6.549,4.866,5.324,0.6756
Earth,8.686,5.627,5.414,0.3069
Earth,7.471,3.26,1.848,0.616
Earth,8.495,4.369,10.615,0.3318
Earth,8.17,5.321,8.95,0.472
Earth,7.528,3.834,5.892,0.6307
Earth,6.904,2.389,10.873,0.5945
Earth,6.783,7.731,8.523,0.7791
Earth,8.995,4.58,7.569,0.1697
Earth,9.255,6.137,8.159,0.223
Earth,8.449,3.877,9.909,0.3292
Earth,6.81,3.486,10.24,0.6322
Earth,7.706,3.85,5.045,0.5711
Earth,8.687,3.864,2.97,0.2426
Earth,8.839,4.809,3.193,0.225
Earth,6.855,4.804,9.951,0.6781
Earth,6.5,4.48,13.22,0.67
Earth,8.636,1.944,6.733,0.196
Earth,7.57,4.473,3.373,0.6366
Earth,7.263,2.184,11.592,0.588
Earth,6.539,1.883,12.655,0.5786
Earth,8.121,7.529,13.328,0.5699
Earth,9.053,5.235,9.496,0.1927
Earth,9.373,5.616,13.05,0.2096
Earth,8.197,3.813,1.216,0.4022
Earth,8.043,7.363,2.501,0.5791
Earth,6.755,5.466,2.296,0.6936
Earth,8.147,6.384,10.976,0.5189
Earth,7.64,3.58,1.974,0.5806
Earth,8.321,7.72,7.949,0.5044
Earth,7.666,6.743,7.618,0.6882
Earth,7.221,6.978,5.35,0.7496
Earth,6.785,2.205,13.186,0.5904
Earth,7.445,2.897,3.386,0.6048
Earth,6.79,2.999,5.934,0.6109
Earth,7.031,2.896,11.838,0.6132
Earth,9.462,6.988,1.426,0.246
Earth,7.832,1.223,10.421,0.4425
Earth,8.096,1.533,12.43,0.3675
Earth,9.121,2.917,14.052,0.1162
Earth,9.487,2.399,13.268,0.0972
Earth,8.248,2.623,5.471,0.3479
Earth,8.937,6.586,9.209,0.2606
Earth,7.481,4.942,2.082,0.675
Earth,7.417,1.04,4.61,0.541
Earth,7.708,4.005,2.319,0.5731
Earth,8.518,3.855,5.413,0.3012
Earth,8.547,1.798,13.253,0.2273
Earth,7.446,5.733,5.86,0.7065
Earth,6.9,5.915,8.867,0.7159
Earth,8.397,6.046,7.067,0.4196
Earth,6.885,6.099,7.425,0.7209
Earth,8.235,1.0,14.574,0.3044
Earth,8.58,7.677,5.146,0.4138
Earth,8.602,6.699,9.783,0.377
Earth,8.76,7.328,6.881,0.3432
Earth,9.119,1.11,1.856,0.0407
Earth,8.0,7.537,7.851,0.605
Earth,8.691,6.669,12.387,0.3489
Earth,8.358,6.861,2.383,0.4567
Earth,7.06,1.653,1.974,0.5598
Earth,6.577,6.171,3.151,0.7192
Earth,7.354,7.719,11.702,0.7819
Earth,7.829,5.75,11.136,0.6027
Earth,8.351,4.994,8.91,0.3999
Earth,9.05,7.619,7.555,0.2742
Earth,7.089,4.101,13.437,0.657
Earth,6.877,5.195,11.734,0.6936
Earth,9.39,4.334,12.367,0.1641
Earth,6.824,7.53,12.386,0.7759
Earth,7.935,1.533,9.998,0.4185
Earth,8.257,4.508,7.412,0.413
Earth,8.124,5.809,13.105,0.5084
Earth,6.758,6.543,13.964,0.743
Earth,6.671,5.081,1.333,0.6792
Earth,6.816,7.362,1.722,0.7594
Earth,8.257,7.594,14.422,0.528
Earth,8.133,1.45,4.88,0.3446
Earth,7.201,3.817,13.227,0.6468
Earth,8.413,1.164,6.443,0.2427
Earth,8.96,3.306,2.667,0.1316
Earth,6.625,4.758,2.126,0.6687
Earth,7.994,7.376,3.191,0.5965
Earth,8.568,6.926,4.499,0.3909
Earth,7.257,1.892,7.839,0.5741
Earth,7.423,1.651,10.821,0.5686
Earth,8.341,5.125,14.81,0.4139
Earth,9.194,4.725,7.181,0.1725
Earth,8.93,2.865,8.255,0.1319
Earth,8.249,7.296,8.305,0.5139
Earth,8.691,7.492,8.552,0.3739
Earth,7.594,3.818,8.248,0.6104
Earth,8.423,7.232,1.123,0.4466
Earth,7.899,3.688,1.024,0.4972
Earth,7.07,6.158,2.367,0.7179
Earth,8.605,4.332,2.422,0.2856
Earth,8.169,1.858,10.869,0.3528
Earth,7.576,7.496,3.869,0.7409
Earth,9.234,4.179,13.526,0.1598
Earth,6.563,6.141,14.0,0.7289
Earth,7.447,3.57,14.663,0.6396
Earth,6.671,1.132,14.147,0.5538
Earth,8.8,1.704,4.806,0.1312
Earth,8.606,4.474,8.137,0.2959
Earth,7.494,5.83,3.456,0.7075
Earth,8.527,3.343,12.287,0.287
Earth,7.688,5.868,13.438,0.6562
Earth,8.769,5.89,12.918,0.2962
Earth,7.863,5.928,7.067,0.5937
Earth,7.737,4.448,11.621,0.5883
Earth,9.304,7.404,2.366,0.2615
Earth,7.253,4.424,1.563,0.6564
Earth,6.861,4.152,11.545,0.6569
Earth,8.254,2.396,6.955,0.3396
Earth,9.408,3.154,14.938,0.1253
Earth,7.634,1.296,2.362,0.5032
Earth,6.686,5.435,12.979,0.7032
Earth,7.518,2.74,7.72,0.5976
Earth,8.018,3.129,12.58,0.4495
Earth,6.986,6.396,12.44,0.7363
Earth,8.474,3.291,13.824,0.3042
Earth,9.493,2.695,5.17,0.0995
Earth,7.855,2.183,14.297,0.4723
Earth,7.564,6.424,3.123,0.7066
Earth,7.702,1.908,2.148,0.5016
Earth,6.845,4.176,7.043,0.6532
Earth,9.15,4.549,12.597,0.1718
Earth,7.744,5.812,7.628,0.6295
Earth,7.662,5.433,12.61,0.6488
Earth,8.479,6.675,11.216,0.4185
Earth,7.826,1.313,3.932,0.4412
Earth,8.445,3.075,14.284,0.307
Earth,6.684,2.961,1.851,0.6055
Earth,8.941,2.022,13.576,0.104
Earth,9.322,3.024,5.262,0.1111
Earth,8.446,3.168,8.002,0.3035
Earth,9.364,4.653,6.913,0.1698
Earth,6.954,5.646,3.406,0.701
Earth,7.932,3.668,6.014,0.4903
Earth,8.305,6.036,3.701,0.4465
Earth,8.245,3.353,3.854,0.3728
Earth,7.704,3.032,3.619,0.5416
Earth,7.514,4.788,7.846,0.6707
Earth,6.88,1.166,12.171,0.553
Earth,7.675,1.559,8.966,0.5051
Earth,6.988,3.926,13.505,0.6509
Earth,8.703,7.6,9.912,0.3749
Earth,7.126,6.051,10.651,0.7224
Earth,6.676,1.617,10.347,0.5669
Earth,8.157,6.924,7.292,0.5306
Earth,8.286,6.126,10.651,0.4632
Earth,9.116,5.277,1.976,0.1867
Earth,8.231,6.742,13.038,0.5054
Earth,7.536,3.829,11.889,0.6337
Earth,8.909,2.551,4.433,0.124
Earth,8.121,4.584,11.752,0.4653
Earth,6.738,4.842,1.177,0.6706
Earth,8.198,4.768,4.041,0.4384
Earth,9.224,4.956,1.912,0.1754
Earth,7.689,7.641,11.923,0.7164
Earth,7.389,7.316,11.582,0.7676
Earth,6.93,7.13,12.391,0.7619
Earth,6.954,6.61,1.063,0.7324
Earth,7.798,7.604,8.017,0.6747
Earth,8.287,1.689,10.868,0.3077
Earth,6.742,2.856,3.176,0.6031
Earth,9.319,4.465,10.097,0.1664
Earth,8.765,6.926,2.178,0.3228
Earth,8.26,4.536,3.539,0.409
Earth,8.985,6.236,7.661,0.2308
Earth,6.741,1.973,10.15,0.5792
Earth,7.931,2.767,3.042,0.4564
Earth,8.39,6.122,3.593,0.4211
Earth,8.986,2.153,3.862,0.0839
Earth,8.85,3.459,4.342,0.1753
Earth,7.331,2.854,4.172,0.6041
Earth,9.323,3.449,6.532,0.1272
Earth,6.873,5.958,10.153,0.7187
Earth,9.125,3.575,7.132,0.1323
Earth,9.413,4.887,11.864,0.1829
Earth,7.031,1.7,11.07,0.5706
Earth,8.666,6.635,2.771,0.3463
Earth,6.621,3.589,1.684,0.6273
Earth,7.716,5.54,13.291,0.6351
Earth,8.049,6.078,2.118,0.5319
Earth,8.242,2.468,3.077,0.3421
Earth,9.308,7.193,1.31,0.2531
Earth,8.517,5.314,9.797,0.3569
Earth,7.944,4.001,9.153,0.5012
Earth,8.929,2.276,14.817,0.1181
Earth,9.352,7.596,13.417,0.2793
Earth,6.566,6.285,6.752,0.7267
Earth,9.448,2.456,6.202,0.0922
Earth,6.758,3.364,5.156,0.6229
Earth,8.943,6.668,3.134,0.2555
Earth,7.341,5.87,2.933,0.7084
Earth,6.897,6.36,2.852,0.7255
Earth,7.82,4.088,2.598,0.5392
Earth,8.432,6.015,4.367,0.4043
Earth,7.643,3.705,5.293,0.5874
Earth,6.664,2.479,14.462,0.6012
Earth,8.298,5.429,9.099,0.433
Earth,9.207,7.832,14.826,0.2889
Earth,7.65,3.174,6.215,0.5674
Earth,7.149,4.227,7.407,0.6553
Earth,7.828,5.718,5.544,0.5964
Earth,6.645,4.791,3.56,0.6712
Earth,8.961,6.904,3.004,0.2575
Earth,8.979,6.332,14.231,0.2429
Earth,8.264,1.408,14.815,0.3094
Earth,7.559,7.989,1.629,0.7615
Earth,8.899,6.267,3.105,0.256
Earth,8.164,7.047,6.929,0.5322
Earth,8.978,5.558,3.609,0.2056
Earth,8.394,6.994,6.094,0.4528
Earth,8.853,1.787,2.807,0.1143
Earth,8.296,3.434,7.391,0.3624
Earth,7.742,7.135,4.804,0.6737
Earth,9.374,2.412,5.927,0.0903
Earth,8.123,1.548,2.32,0.3487
Earth,8.315,6.517,6.994,0.4633
Earth,7.161,6.848,14.766,0.7545
Earth,8.377,2.139,5.604,0.2881
Earth,8.215,6.98,13.27,0.5193
Earth,7.055,5.807,12.805,0.7161
Earth,6.679,4.641,14.329,0.6767
Earth,8.313,6.812,12.062,0.4794
Earth,8.791,3.935,10.234,0.2176
Earth,8.07,2.358,12.992,0.4055
Earth,7.18,2.994,2.059,0.6068
Earth,8.5,4.536,7.48,0.3331
Earth,6.74,4.719,14.85,0.68
Earth,7.826,6.639,11.774,0.6356
Earth,6.99,6.539,14.469,0.7434
Earth,7.053,5.07,11.915,0.6893
Earth,7.107,6.465,13.248,0.7395
Earth,7.66,2.342,10.891,0.5395
Earth,6.653,1.35,11.647,0.5589
Earth,7.693,7.115,8.324,0.6929
Earth,8.035,1.529,13.939,0.3891
Earth,7.95,2.727,12.551,0.458
Earth,7.648,5.867,12.814,0.6687
Earth,9.017,3.866,10.422,0.1457
Earth,6.936,7.134,5.264,0.755
Earth,8.017,3.086,1.499,0.4371
Earth,6.686,1.083,14.099,0.552
Earth,6.713,3.105,9.206,0.6179
Earth,8.222,5.047,5.174,0.4413
Earth,8.198,3.632,3.088,0.3975
Earth,9.134,4.744,12.613,0.1787
Earth,8.174,7.136,12.711,0.5379
Earth,9.379,7.387,12.403,0.271
Earth,6.646,2.862,10.031,0.6102
Earth,6.794,4.235,6.124,0.6543
Earth,6.632,4.844,5.257,0.6748
Earth,7.056,7.644,1.12,0.7687
Earth,8.124,7.99,12.671,0.5844
Earth,8.437,2.648,2.224,0.2827
Earth,6.637,6.089,9.831,0.7229
Earth,9.338,3.646,8.057,0.1357
Earth,9.026,1.057,8.374,0.0454
Earth,7.39,1.065,13.974,0.5512
Earth,6.732,4.224,1.443,0.6493
Earth,7.01,4.418,11.827,0.6665
Earth,6.881,1.158,1.729,0.5423
Earth,6.87,5.808,1.534,0.7048
Earth,8.056,3.058,7.017,0.4288
Earth,7.238,4.919,1.883,0.6741
Earth,7.574,3.106,12.048,0.596
Earth,9.469,2.17,8.414,0.0844
Earth,8.553,3.85,1.407,0.2852
Earth,9.347,2.626,1.567,0.0935
Earth,6.928,4.744,9.577,0.6756
Earth,7.646,2.392,12.286,0.5472
Earth,8.164,4.559,7.129,0.4453
Earth,6.73,2.102,8.764,0.5823
Earth,6.513,5.697,12.198,0.7116
Earth,8.511,6.278,9.547,0.3922
Earth,8.425,1.773,4.147,0.2577
Earth,7.732,4.275,9.583,0.5817
Earth,7.969,1.496,9.796,0.4058
Earth,7.746,5.187,11.277,0.6107
Earth,6.572,2.851,9.692,0.6095
Earth,7.506,4.693,14.569,0.6768
Earth,7.031,4.622,3.762,0.6655
Earth,6.795,7.47,14.315,0.7758
Earth,9.37,4.844,8.537,0.1781
Earth,8.298,5.081,10.407,0.4222
Earth,8.686,3.812,2.392,0.2405
Earth,7.446,7.644,6.328,0.7739
Earth,7.679,6.44,11.771,0.6774
Earth,7.211,2.998,10.897,0.6158
Earth,6.791,6.909,1.562,0.7434
Earth,7.037,4.027,8.652,0.6496
Earth,8.893,6.801,2.236,0.2761
Earth,8.533,6.76,14.942,0.4073
Earth,8.141,2.322,13.562,0.3812
Earth,7.925,5.908,1.295,0.5663
Earth,9.267,3.035,13.021,0.1192
Earth,6.718,3.082,13.872,0.6218
Earth,7.342,3.074,5.95,0.6136
Earth,7.55,6.079,11.073,0.7072
Earth,8.847,2.609,7.189,0.1494
Earth,9.478,1.006,10.173,0.0454
Earth,7.222,6.007,5.764,0.716
Earth,9.123,2.198,5.516,0.0825
Earth,8.992,1.731,6.942,0.0703
Earth,7.174,2.663,3.038,0.5962
Earth,7.698,3.659,12.636,0.5747
Earth,7.729,4.331,5.882,0.5811
Earth,9.435,1.312,6.602,0.0525
Earth,7.043,7.794,13.517,0.7863
Earth,8.897,6.012,7.953,0.2526
Earth,7.503,3.262,8.62,0.6219
Earth,8.693,3.231,14.391,0.2299
Earth,7.76,4.14,13.414,0.5716
Earth,8.235,5.384,3.373,0.4468
Earth,8.998,2.025,7.625,0.0792
Earth,8.912,2.323,14.598,0.1251
Earth,9.099,7.016,6.213,0.2518
Earth,6.679,2.794,6.202,0.604
Earth,8.576,3.661,3.73,0.2732
Earth,6.92,7.099,2.601,0.7511
Earth,7.747,5.642,11.364,0.6264
Earth,8.146,3.392,11.78,0.4152
Earth,7.708,5.786,14.566,0.6477
Earth,8.059,1.138,11.828,0.3654
Earth,9.49,6.149,4.407,0.2196
Earth,6.906,4.409,1.562,0.6559
Earth,8.526,6.692,14.796,0.4069
Earth,7.688,7.682,5.766,0.712
Earth,6.899,7.481,5.368,0.7672
Earth,6.976,7.365,13.683,0.7715
Earth,9.348,4.585,9.191,0.1697
Earth,9.139,3.521,4.008,0.1272
Earth,9.221,4.255,13.447,0.1624
Earth,9.475,5.829,14.907,0.2189
Earth,7.125,7.188,2.213,0.7538
Earth,7.566,2.449,13.072,0.5767
Earth,8.508,7.427,6.467,0.4305
Earth,7.951,6.706,8.337,0.5926
Earth,7.755,7.852,13.807,0.7036
Earth,7.573,7.162,14.627,0.7408
Earth,8.281,2.96,4.67,0.3478
Earth,8.227,1.742,3.98,0.3227
Earth,6.984,1.786,2.127,0.5646
Earth,7.915,3.039,8.865,0.4768
Earth,8.16,5.299,1.19,0.4665
Earth,8.211,6.63,6.767,0.5019
Earth,7.13,7.295,2.027,0.7573
Earth,8.727,5.366,6.673,0.2856
Earth,6.576,1.039,1.559,0.5379
Earth,7.564,2.304,12.693,0.5718
Earth,8.841,1.698,3.936,0.1165
Earth,8.192,3.543,5.596,0.3991
Earth,7.283,4.509,13.181,0.671
Earth,8.585,1.304,11.448,0.1955
Earth,8.202,3.439,4.067,0.3904
Earth,8.889,2.254,2.007,0.118
Earth,8.705,5.529,11.019,0.3029
Earth,8.33,4.25,6.47,0.3784
Earth,7.965,4.467,11.725,0.5132
Earth,6.9,3.994,7.234,0.647
Earth,7.284,7.692,5.844,0.7751
Earth,7.757,2.503,7.317,0.5092
Earth,8.298,4.617,11.48,0.4071
Earth,8.041,6.152,13.631,0.5486
Earth,7.365,4.898,1.697,0.6731
Earth,6.519,7.503,8.338,0.7709
Earth,7.989,3.646,1.46,0.4662
Earth,7.357,4.246,7.558,0.6562
Earth,8.704,1.62,13.394,0.1688
Earth,6.572,5.263,6.062,0.6903
Earth,8.254,3.017,14.054,0.3682
Earth,9.324,2.122,9.829,0.0841
Earth,7.023,4.812,14.078,0.6825
Earth,7.915,4.726,11.6,0.5387
Earth,6.774,1.531,2.448,0.556
Earth,8.377,5.888,4.236,0.418
Earth,8.152,5.366,6.518,0.4771
Earth,7.722,2.323,3.381,0.5107
Earth,8.064,4.286,7.929,0.4699
Earth,9.19,6.042,7.599,0.2191
Earth,7.089,4.706,14.388,0.6791
Earth,6.568,3.768,7.072,0.639
Earth,9.085,3.256,11.999,0.126
Earth,8.231,5.273,14.187,0.4549
Earth,9.172,7.574,13.278,0.2784
Earth,8.291,5.702,3.921,0.4399
Earth,8.93,1.523,7.944,0.0844
Earth,7.789,4.225,5.868,0.5574
Earth,8.75,7.236,6.598,0.3433
Earth,9.239,1.661,6.051,0.0642
Earth,8.216,7.922,12.569,0.5511
Earth,7.042,7.643,7.33,0.7749
Earth,7.306,1.548,8.332,0.5625
Earth,7.096,7.534,14.754,0.7784
Earth,7.241,3.542,1.84,0.6258
Earth,7.419,6.913,7.831,0.7498
Earth,8.165,3.929,11.837,0.4275
Earth,8.264,4.086,3.116,0.3915
Earth,7.779,5.44,9.561,0.6068
Earth,8.346,6.421,4.353,0.447
Earth,6.745,1.237,13.144,0.5564
Earth,6.763,5.152,5.579,0.6859
Earth,7.015,2.307,5.607,0.5864
Earth,8.054,3.422,9.375,0.4444
Earth,7.142,3.436,3.57,0.6238
Earth,7.35,4.283,4.988,0.6549
Earth,7.701,3.339,6.833,0.5567
Earth,8.936,1.752,5.951,0.0887
Earth,6.542,2.019,8.348,0.579
Earth,8.448,1.234,9.395,0.2365
Earth,8.507,4.292,8.933,0.3236
Earth,8.896,7.681,10.158,0.3137
Earth,9.298,1.81,5.308,0.0686
Earth,6.56,7.624,2.77,0.7696
Earth,6.961,6.134,11.651,0.7263
Earth,9.159,5.462,12.911,0.2041
Earth,7.876,5.517,4.598,0.5725
Earth,8.194,6.787,6.699,0.513
Earth,8.489,1.748,7.98,0.2395
Earth,8.537,4.533,8.467,0.3214
Earth,9.295,5.88,10.233,0.216
Earth,9.491,5.108,1.582,0.1804
Earth,8.66,6.829,11.101,0.3633
Earth,7.362,1.506,1.868,0.5546
Earth,9.139,5.835,7.556,0.2118
Earth,6.648,4.738,12.587,0.6784
Earth,7.193,3.654,7.317,0.6352
Earth,9.192,3.382,3.087,0.1215
Earth,7.269,5.346,14.79,0.7019
Earth,7.162,7.237,13.45,0.7667
Earth,6.914,4.473,11.798,0.6684
Earth,9.077,6.773,6.761,0.2438
Earth,8.0,3.815,3.574,0.4704
Earth,8.525,1.717,14.18,0.2327
Earth,7.217,1.431,8.453,0.5585
Earth,8.774,1.359,12.933,0.1358
Earth,8.78,3.661,5.789,0.2073
Earth,7.438,3.361,5.694,0.6233
Earth,7.732,6.026,14.798,0.6483
Earth,7.129,6.2,8.306,0.7253
Earth,9.43,1.356,2.97,0.0504
Earth,8.437,2.548,4.075,0.281
Earth,9.304,2.92,7.747,0.1099
Earth,7.41,4.833,1.595,0.6708
Earth,8.846,2.012,7.475,0.1293
Earth,8.798,1.938,6.865,0.1422
Earth,8.575,7.607,11.911,0.4198
Earth,9.397,6.629,5.969,0.238
Earth,7.681,2.265,14.756,0.5338
Earth,6.892,3.846,3.531,0.6381
Earth,8.515,3.489,9.274,0.293
Earth,8.688,6.537,2.256,0.3351
Earth,8.225,4.571,11.274,0.4295
Earth,7.12,1.895,14.927,0.5812
Earth,8.013,6.173,12.468,0.5574
Earth,7.437,3.778,8.78,0.641
Earth,7.782,2.84,7.786,0.5131
Earth,8.436,3.628,12.69,0.3278
Earth,8.736,4.484,14.104,0.2592
Earth,7.197,3.402,14.849,0.6339
Earth,7.716,2.693,6.552,0.5288
Earth,7.307,3.79,14.873,0.6475
Earth,7.096,1.134,3.183,0.5429
Earth,8.85,6.407,4.55,0.2788
Earth,9.228,2.197,2.246,0.0791
Earth,7.611,1.307,4.804,0.5137
Earth,8.754,5.576,11.751,0.289
Earth,9.191,6.418,12.941,0.2376
Earth,9.038,6.697,11.904,0.2463
Earth,7.048,4.455,9.835,0.6657
Earth,9.369,2.438,8.196,0.0935
Earth,7.63,6.161,10.922,0.6832
Earth,7.518,5.898,6.472,0.707
Earth,6.687,2.724,12.778,0.6081
Earth,7.959,7.324,10.481,0.614
Earth,6.827,1.731,10.769,0.5713
Earth,7.246,7.879,8.503,0.7843
Earth,7.451,7.022,13.393,0.7592
Earth,8.926,5.815,4.528,0.2326
Earth,9.126,7.571,6.336,0.2713
Earth,7.407,6.056,11.887,0.7239
Earth,9.076,2.333,7.898,0.0896
Earth,9.072,4.095,13.449,0.1568
Earth,8.794,1.501,5.85,0.1271
Earth,6.94,3.728,6.171,0.6366
Earth,8.571,6.191,13.442,0.3731
Earth,9.335,3.705,7.501,0.1372
Earth,8.548,3.312,8.226,0.2749
Earth,7.495,5.167,5.659,0.6865
Earth,8.002,7.105,4.873,0.5863
Earth,8.437,1.333,10.183,0.2444
Earth,8.032,3.698,2.678,0.4549
Earth,6.86,2.108,13.31,0.5871
Earth,7.436,5.867,11.909,0.7173
Earth,8.907,1.74,3.67,0.0955
Earth,9.084,5.654,10.716,0.2086
Earth,6.912,3.003,9.437,0.6146
Earth,9.357,2.392,3.583,0.0873
Earth,7.486,7.554,4.825,0.7692
Earth,8.487,1.13,6.726,0.2173
Earth,8.755,4.064,10.789,0.2346
Earth,8.936,1.151,9.942,0.0716
Earth,9.337,4.385,8.451,0.1619
Earth,7.439,4.507,11.758,0.6695
Earth,9.076,3.252,11.611,0.1254
Earth,6.895,1.925,9.65,0.577
Earth,8.615,3.635,12.018,0.2675
Earth,8.726,5.706,5.68,0.2967
Earth,8.533,6.477,13.337,0.3956
Earth,7.257,4.715,9.609,0.6746
Earth,9.119,5.129,12.513,0.192
Earth,7.007,2.404,8.648,0.5928
Earth,6.661,3.011,4.058,0.6095
Earth,8.652,2.133,8.594,0.1991
Earth,7.926,2.745,6.196,0.4601
Earth,9.047,2.574,10.765,0.1009
Earth,7.65,4.636,7.661,0.6199
Earth,7.005,4.939,12.706,0.6856
Earth,9.009,7.615,10.493,0.277
Earth,8.147,2.369,10.584,0.3779
Earth,7.068,5.492,4.04,0.6963
Earth,8.661,6.721,14.779,0.363
Earth,8.033,4.922,12.783,0.5073
Earth,8.313,2.785,12.046,0.3385
Earth,7.883,2.838,5.623,0.4774
Earth,8.986,1.275,8.499,0.0577
Earth,8.989,3.138,2.919,0.1165
Earth,8.628,6.212,8.539,0.3499
Earth,6.816,1.333,3.042,0.5497
Earth,9.017,2.535,8.743,0.0975
Earth,8.513,5.944,10.082,0.3804
Earth,8.591,6.479,6.463,0.3695
Earth,7.589,4.187,7.98,0.6249
Earth,9.138,5.887,13.259,0.2193
Earth,8.676,3.716,2.52,0.2405
Earth,6.838,2.119,12.084,0.5863
Earth,7.723,3.787,3.391,0.5615
Earth,9.159,5.06,1.514,0.1786
Earth,6.642,7.636,3.598,0.7709
Earth,9.384,1.481,11.711,0.0636
Earth,8.537,4.552,6.672,0.3202
Earth,8.394,3.302,13.215,0.3308
Earth,7.312,4.558,8.346,0.6679
Earth,7.246,1.168,1.312,0.5422
Earth,9.326,3.191,11.034,0.1227
Earth,7.395,6.739,2.543,0.7384
Earth,8.827,4.878,12.051,0.2406
Earth,7.679,4.154,3.353,0.589
Earth,6.918,2.999,5.836,0.6108
Earth,6.532,3.086,11.658,0.6197
Earth,8.133,3.682,14.359,0.4323
Earth,9.427,6.849,6.2,0.2459
Earth,7.607,7.77,12.612,0.7488
Earth,7.572,4.071,3.671,0.6223
Earth,7.532,3.753,12.301,0.6329
Earth,8.062,6.926,10.205,0.5654
Earth,7.822,3.988,3.698,0.536
Earth,9.14,4.864,5.235,0.1755
Earth,8.017,2.617,2.845,0.4222
Earth,8.023,6.205,6.362,0.5491
Earth,6.915,4.724,3.851,0.6692
Earth,9.448,6.663,10.016,0.2432
Earth,7.25,6.465,14.923,0.7412
Earth,6.72,2.505,1.168,0.5888
Earth,8.489,6.009,8.573,0.3891
Earth,8.286,6.6,9.031,0.478
Earth,7.745,3.423,13.799,0.5518
Earth,7.767,2.208,8.084,0.4965
Earth,8.855,1.018,8.612,0.0925
Earth,7.087,4.156,7.603,0.6531
Earth,8.961,3.467,4.765,0.1392
Earth,8.446,4.884,1.784,0.3573
Earth,7.757,2.316,6.721,0.5022
Earth,7.874,7.018,1.736,0.6227
Earth,7.27,2.804,8.707,0.6069
Earth,8.756,2.585,5.302,0.177
Earth,8.039,4.365,8.47,0.4817
Earth,7.463,4.492,2.88,0.6601
Earth,8.288,2.506,14.057,0.339
Earth,9.487,2.903,13.523,0.1151
Earth,7.806,2.188,3.66,0.4783
Earth,9.262,6.029,5.808,0.2168
Earth,7.535,6.391,9.589,0.7216
Earth,6.664,4.236,2.34,0.6506
Earth,7.113,5.999,5.964,0.7159
Earth,7.756,6.152,4.516,0.6345
Earth,7.159,1.968,13.817,0.5827
Earth,6.501,7.763,12.935,0.7846
Earth,9.245,6.747,9.118,0.2453
Earth,9.032,2.431,8.285,0.0934
Earth,8.727,2.303,14.03,0.1857
Earth,7.003,1.88,14.054,0.5798
Earth,6.861,1.969,14.571,0.5835
Earth,6.703,6.237,2.755,0.7211
Earth,8.672,4.288,3.248,0.2626
Earth,9.286,6.481,10.474,0.2373
Earth,7.792,6.224,8.58,0.6292
Earth,6.857,5.232,1.259,0.6844
Earth,8.037,5.805,1.868,0.526
Earth,7.546,1.128,13.433,0.5374
Earth,7.624,3.182,13.164,0.5831
Earth,8.364,5.465,6.002,0.4093
Earth,8.656,1.065,13.475,0.1654
Earth,6.832,1.231,9.311,0.5524
Earth,6.607,6.963,12.283,0.756
Earth,9.483,5.788,6.984,0.2096
Earth,7.198,2.858,2.588,0.6026
Earth,6.661,5.816,7.072,0.7106
Earth,7.07,6.547,7.402,0.7366
Earth,6.617,3.148,8.713,0.6189
Earth,7.675,1.252,2.478,0.4878
Earth,8.907,7.529,14.88,0.3093
Earth,7.524,3.416,4.418,0.6161
Earth,7.833,1.745,3.78,0.454
Earth,8.527,4.443,8.375,0.3216
Earth,8.027,6.379,8.521,0.5562
Earth,9.084,2.552,7.157,0.0965
Earth,9.098,2.886,11.806,0.1128
Earth,6.53,2.699,8.233,0.6027
Earth,8.834,7.942,9.536,0.3428
Earth,7.882,2.382,11.132,0.4671
Earth,9.467,5.029,1.35,0.1774
Earth,7.95,7.477,8.989,0.6208
Earth,9.461,2.028,13.379,0.0844
Earth,8.764,7.796,1.243,0.3529
Earth,7.246,7.632,6.673,0.7738
Earth,8.115,7.192,13.967,0.5606
Earth,9.476,2.502,5.944,0.0935
Earth,9.073,5.438,7.422,0.1978
Earth,6.792,6.326,14.742,0.7362
Earth,8.619,7.902,3.791,0.4073
Earth,7.537,2.263,1.914,0.5689
Earth,6.521,6.362,13.032,0.7357
Earth,7.71,3.372,13.159,0.561
Earth,7.204,2.229,7.609,0.5856
Earth,8.957,3.95,8.199,0.1609
Earth,7.512,6.557,12.701,0.7382
Earth,8.983,4.254,11.34,0.166
Earth,6.502,4.763,4.712,0.6714
Earth,7.423,7.966,1.237,0.7801
Earth,7.223,3.794,7.716,0.6405
Earth,7.201,5.308,13.025,0.6988
Earth,6.705,3.557,13.542,0.638
Earth,7.061,3.749,14.387,0.6456
Earth,8.167,5.869,13.314,0.4965
Earth,7.374,7.565,9.121,0.7739
Earth,7.752,4.797,7.224,0.591
Earth,7.631,6.379,11.848,0.6916
Earth,9.128,1.624,11.358,0.0682
Earth,9.216,2.478,8.534,0.0953
Earth,7.979,4.515,2.223,0.5006
Earth,7.49,1.14,13.965,0.5539
Earth,6.82,2.77,7.378,0.6043
Earth,9.36,4.622,6.087,0.1678
Earth,6.681,1.105,9.814,0.5485
Earth,7.393,2.852,10.434,0.6102
Earth,7.394,4.598,3.95,0.6649
Earth,7.461,5.012,12.717,0.6881
Earth,6.993,7.48,5.059,0.7669
Earth,8.849,5.517,3.614,0.2469
Earth,6.867,3.903,6.69,0.6433
Earth,8.405,7.512,11.228,0.4726
Earth,6.872,6.494,14.516,0.7418
Earth,6.712,2.4,12.33,0.5963
Earth,9.228,1.916,14.165,0.0812
Earth,7.07,5.731,2.968,0.7035
Earth,8.964,4.919,1.996,0.1863
Earth,8.134,6.528,8.808,0.526
Earth,6.734,6.172,5.064,0.7211
Earth,9.366,5.376,12.593,0.2008
Earth,7.241,7.905,10.408,0.7871
Earth,9.079,4.735,14.59,0.1803
Earth,7.006,1.792,4.567,0.5673
Earth,9.062,6.798,7.801,0.2457
Earth,6.54,2.763,8.017,0.6047
Earth,8.035,6.441,4.348,0.5513
Earth,8.808,7.7,9.261,0.3426
Earth,9.304,5.878,7.206,0.2129
Earth,9.228,5.172,7.254,0.1883
Earth,8.959,4.223,6.078,0.1676
Earth,9.165,3.551,1.237,0.1255
Earth,7.098,3.471,8.309,0.6298
Earth,7.353,5.455,5.693,0.6966
Earth,7.367,6.259,1.018,0.7201
Earth,7.631,5.75,5.311,0.6628
Earth,7.68,2.389,4.901,0.5285
Earth,8.134,4.458,6.508,0.4513
Earth,6.98,6.541,2.846,0.7318
Earth,8.574,4.33,8.108,0.3017
Earth,7.003,4.756,10.694,0.6772
Earth,7.431,6.398,9.823,0.7338
Earth,8.01,5.629,12.253,0.5393
Earth,8.889,3.865,7.328,0.1795
Earth,8.718,7.268,8.267,0.3565
Earth,8.437,2.138,12.346,0.275
Earth,6.967,7.969,6.988,0.7859
Earth,8.141,1.832,10.822,0.3612
Earth,6.762,1.105,7.084,0.5457
Earth,7.632,7.23,6.848,0.7159
Earth,7.741,2.715,11.643,0.5265
Earth,6.619,6.108,3.448,0.7172
Earth,7.322,6.677,5.74,0.7394
Earth,9.367,7.013,4.138,0.2496
Earth,9.361,7.941,6.028,0.284
Earth,7.557,3.058,4.225,0.5923
Earth,6.629,5.972,9.112,0.7181
Earth,7.037,1.808,12.174,0.5754
Earth,7.677,3.848,12.013,0.5878
Earth,9.343,6.936,6.103,0.2489
Earth,6.924,3.574,14.843,0.6399
Earth,8.791,5.138,9.314,0.2589
Earth,6.826,4.526,6.592,0.665
Earth,9.444,5.522,12.698,0.206
Earth,7.645,7.81,11.218,0.7363
Earth,8.826,1.39,11.49,0.1182
Earth,7.528,5.018,3.746,0.6701
Earth,8.383,7.041,7.557,0.4597
Earth,7.076,4.37,13.066,0.666
Earth,6.938,1.55,8.057,0.5623
Earth,9.314,4.924,10.568,0.1829
Earth,9.253,3.325,9.231,0.1256
Earth,9.162,2.085,12.793,0.0858
Earth,8.376,6.943,4.984,0.4559
Earth,8.925,4.651,9.057,0.1969
Earth,6.707,7.533,2.725,0.7664
Earth,7.504,6.642,10.663,0.7417
Earth,7.441,5.851,11.248,0.716
Earth,8.407,1.035,1.6,0.2355
Earth,7.568,3.995,10.461,0.6277
Earth,6.946,2.382,6.806,0.5902
Earth,8.289,7.376,2.737,0.4977
Earth,8.943,2.222,6.879,0.1036
Earth,7.646,3.002,3.719,0.56
Earth,6.897,4.618,6.818,0.6684
Earth,7.09,2.844,6.381,0.6059
Earth,7.212,2.469,11.337,0.5978
Earth,7.4,5.194,11.839,0.6936
Earth,8.428,1.623,9.498,0.2568
Earth,8.303,1.407,1.318,0.283
Earth,8.588,3.606,14.034,0.2775
Earth,7.588,6.045,10.607,0.693
Earth,8.972,4.884,1.479,0.1817
Earth,7.112,3.96,12.464,0.6511
Earth,7.907,4.96,3.804,0.5417
Earth,8.903,3.558,9.109,0.166
Earth,7.04,7.553,7.533,0.7719
Earth,6.83,1.384,6.878,0.5553
Earth,9.151,5.714,13.456,0.2134
Earth,7.529,7.239,7.123,0.7509
Earth,8.552,6.627,2.055,0.3835
Earth,6.576,2.288,14.253,0.5943
Earth,8.57,3.071,13.887,0.2647
Earth,7.448,6.019,10.582,0.7213
Earth,6.667,1.59,7.55,0.5632
Earth,8.329,6.683,2.3,0.4597
Earth,7.222,6.032,12.07,0.7232
Earth,7.66,6.107,2.057,0.6623
Earth,6.742,1.702,1.96,0.5615
Earth,6.941,6.024,8.523,0.7194
Earth,7.394,5.759,3.242,0.7048
Earth,6.769,6.816,1.108,0.7397
Earth,9.232,1.291,6.924,0.0521
Earth,6.518,1.162,2.921,0.5436
Earth,7.952,3.611,3.247,0.4791
Earth,6.87,2.042,2.077,0.5735
Earth,7.423,4.909,3.871,0.6757
Earth,9.278,7.421,11.017,0.2708
Earth,6.985,3.74,12.325,0.6432
Earth,9.397,6.915,7.335,0.2493
Earth,7.117,1.002,8.092,0.5432
Earth,8.725,2.18,1.457,0.1695
Earth,8.14,1.213,1.97,0.3311
Earth,9.153,3.297,4.606,0.12
Earth,8.162,7.357,8.615,0.5455
Earth,8.104,1.679,11.354,0.3689
Earth,7.086,5.245,9.47,0.693
Earth,6.999,4.16,6.49,0.6521
Earth,9.249,7.569,2.657,0.2676
Earth,7.484,1.858,11.931,0.5769
Earth,7.616,2.484,6.093,0.5543
Earth,8.779,1.207,11.305,0.1271
Earth,7.516,4.038,8.182,0.644
Earth,9.356,2.945,11.341,0.1144
Earth,8.714,7.089,13.702,0.3572
Earth,8.292,5.235,13.894,0.433
Earth,9.143,5.299,8.491,0.1939
Earth,6.649,4.723,8.161,0.6735
Earth,7.271,1.643,4.719,0.5622
Earth,7.895,4.115,14.101,0.5264
Earth,7.181,7.997,7.411,0.7873
Earth,8.732,6.847,2.786,0.3318
Earth,9.258,7.254,7.058,0.261
Earth,7.771,6.763,2.779,0.649
Earth,7.526,1.721,8.035,0.5595
Earth,9.385,2.592,8.858,0.0996
Earth,7.835,1.022,5.729,0.43
Earth,7.967,3.125,2.003,0.4556
Earth,7.555,1.76,14.209,0.5575
Earth,9.229,4.31,11.827,0.1627
Earth,8.207,5.74,12.744,0.478
Earth,8.787,7.122,6.136,0.3265
Earth,8.935,6.245,11.652,0.2517
Earth,7.526,7.57,7.795,0.7642
Earth,7.801,1.377,3.815,0.4517
Earth,9.045,1.085,2.742,0.0407
Earth,7.59,5.629,5.831,0.6729
Earth,8.882,3.025,2.926,0.1482
Earth,9.323,2.775,14.976,0.1121
Earth,8.37,3.316,1.689,0.3279
Earth,8.725,2.889,7.176,0.2
Earth,8.915,4.58,7.329,0.1959
Earth,9.035,4.081,5.209,0.148
Earth,7.685,4.587,8.999,0.6078
Earth,6.654,5.709,3.1,0.7029
Earth,7.706,3.71,11.975,0.5733
Earth,8.521,2.759,5.654,0.2618
Earth,7.851,2.163,9.279,0.468
Earth,8.747,3.446,11.019,0.216
Earth,7.571,6.193,13.447,0.7065
Earth,8.404,6.297,12.701,0.4317
Earth,7.059,5.668,9.516,0.7079
Earth,8.748,2.638,6.438,0.1827
Earth,8.137,5.117,8.045,0.4748
Earth,7.112,4.995,11.762,0.6866
Earth,7.376,4.39,13.286,0.6669
Earth,8.746,4.85,2.453,0.2569
Earth,7.948,4.443,6.388,0.5126
Earth,7.148,4.958,11.866,0.6854
Earth,9.402,6.009,7.043,0.2173
Earth,8.645,1.767,5.651,0.1857
Earth,9.371,6.247,6.759,0.2254
Earth,7.781,1.951,9.44,0.484
Earth,7.925,1.466,14.997,0.4246
Earth,9.194,7.833,7.902,0.282
Earth,8.075,7.699,3.919,0.5817
Earth,8.622,1.423,3.28,0.1791
Earth,7.257,4.103,1.593,0.6452
Earth,7.84,2.304,8.823,0.4761
Earth,6.87,4.397,8.624,0.6625
Earth,7.118,6.811,3.873,0.7423
Earth,6.503,7.654,10.735,0.7786
Earth,6.618,5.44,11.375,0.7018
Earth,9.432,3.477,4.627,0.1263
Earth,7.227,5.223,5.817,0.6886
Earth,8.49,3.184,14.867,0.2963
Earth,9.017,7.369,6.24,0.2641
Earth,8.152,7.093,11.651,0.5426
Earth,6.959,4.908,7.338,0.6791
Earth,8.684,3.274,12.107,0.2319
Earth,8.301,3.054,11.766,0.3517
Earth,8.694,1.234,10.349,0.1556
Earth,8.809,6.711,12.967,0.3114
Earth,9.426,4.153,14.149,0.1595
Earth,8.221,3.276,9.12,0.3835
Earth,7.525,4.298,4.325,0.6464
Earth,8.445,6.731,6.581,0.427
Earth,6.705,1.872,11.616,0.5771
Earth,9.192,7.004,10.112,0.2552
Earth,6.858,7.283,3.489,0.7584
Earth,7.484,7.627,1.717,0.7687
Earth,8.947,3.782,10.561,0.1605
Earth,8.292,2.52,4.515,0.3287
Moon,9.749,6.11,9.619,0.2235
Moon,10.367,2.292,8.038,0.0882
Moon,9.907,3.426,35.21,0.1551
Moon,8.708,5.643,53.306,0.3481
Moon,8.964,4.375,30.136,0.1953
Moon,9.048,6.17,7.576,0.2235
Moon,9.145,7.728,16.061,0.2866
Moon,9.914,1.816,17.24,0.0808
Moon,9.76,5.967,21.893,0.2307
Moon,9.008,2.612,7.18,0.0986
Moon,8.669,3.901,50.245,0.2972
Moon,8.929,1.23,30.778,0.0976
Moon,10.961,1.951,38.547,0.1068
Moon,9.671,3.238,8.359,0.1217
Moon,10.668,3.394,7.706,0.1265
Moon,10.622,7.297,34.323,0.2897
Moon,9.779,6.193,49.365,0.2661
Moon,10.267,7.805,31.424,0.3046
Moon,8.982,5.194,48.891,0.2367
Moon,10.221,2.692,45.55,0.1398
Moon,9.181,3.294,8.793,0.1241
Moon,10.58,3.239,15.098,0.1285
Moon,8.709,3.285,37.886,0.2498
Moon,10.433,5.711,27.175,0.2271
Moon,8.75,4.716,19.535,0.268
Moon,10.703,3.698,25.932,0.1554
Moon,9.261,2.044,27.26,0.0988
Moon,10.136,1.155,50.528,0.091
Moon,9.719,2.532,10.173,0.0988
Moon,9.416,1.752,18.987,0.0803
Moon,10.114,6.498,31.878,0.2593
Moon,10.869,1.787,39.914,0.1025
Moon,8.603,6.07,36.532,0.3812
Moon,10.797,3.7,52.082,0.1816
Moon,10.023,1.514,44.78,0.0978
Moon,10.518,6.689,32.854,0.267
Moon,9.46,5.057,15.734,0.1927
Moon,9.68,2.65,27.544,0.1203
Moon,10.672,7.263,39.669,0.2939
Moon,9.537,1.317,46.898,0.093
Moon,9.837,2.413,52.987,0.1374
Moon,8.55,6.264,35.273,0.4044
Moon,8.896,5.966,31.346,0.2746
Moon,10.104,3.025,5.885,0.1118
Moon,10.292,1.434,8.605,0.0588
Moon,9.957,7.007,12.805,0.258
Moon,8.858,3.196,7.738,0.1668
Moon,9.614,2.37,25.043,0.108
Moon,9.388,4.612,21.844,0.1833
Moon,9.739,7.372,36.868,0.2949
Moon,10.676,1.305,31.783,0.0775
Moon,10.44,6.361,34.799,0.2574
Moon,8.71,5.007,28.599,0.3005
Moon,10.726,3.978,18.887,0.1581
Moon,9.679,6.209,52.641,0.2699
Moon,10.36,7.761,9.32,0.2809
Moon,8.85,2.604,51.945,0.1931
Moon,10.177,2.006,20.562,0.0908
Moon,9.091,7.39,30.633,0.2893
Moon,9.596,5.683,10.442,0.2093
Moon,8.542,4.066,8.547,0.3035
Moon,8.879,5.013,26.477,0.2423
Moon,8.73,6.219,42.085,0.3497
Moon,9.099,6.411,18.468,0.2429
Moon,8.75,7.439,33.117,0.3768
Moon,10.23,3.988,18.933,0.1585
Moon,8.573,3.054,24.431,0.2738
Moon,10.044,5.478,50.322,0.242
Moon,8.852,3.91,47.792,0.2341
Moon,10.863,5.162,30.801,0.2115
Moon,10.833,3.94,16.905,0.1548
Moon,9.064,2.071,14.659,0.0871
Moon,10.036,4.286,52.704,0.2027
Moon,8.57,5.836,15.136,0.3627
Moon,10.829,6.595,45.408,0.2762
Moon,9.807,4.453,23.449,0.1793
Moon,8.608,2.157,54.283,0.2604
Moon,9.356,3.903,23.408,0.16
Moon,8.692,6.504,22.576,0.3528
Moon,9.482,3.89,36.873,0.173
Moon,10.175,5.876,53.076,0.2587
Moon,9.675,4.55,53.81,0.2131
Moon,9.459,2.689,40.36,0.1345
Moon,8.798,6.573,42.73,0.3402
Moon,9.112,1.589,33.17,0.0888
Moon,8.75,4.674,42.789,0.2896
Moon,10.519,2.462,47.989,0.1342
Moon,8.838,1.469,29.305,0.1347
Moon,9.988,4.521,35.993,0.1942
Moon,9.357,4.497,31.866,0.1893
Moon,9.065,5.948,33.124,0.2413
Moon,10.099,6.213,49.502,0.267
Moon,9.643,6.095,22.781,0.2361
Moon,9.5,3.867,15.409,0.1508
Moon,9.982,5.422,27.814,0.2176
Moon,9.728,5.039,15.404,0.1918
Moon,9.259,3.951,29.92,0.1682
Moon,9.898,5.18,50.175,0.2315
Moon,10.174,7.631,35.872,0.3029
Moon,8.567,2.35,47.772,0.2745
Moon,9.665,7.34,13.31,0.2702
Moon,8.644,1.374,50.044,0.2167
Moon,8.966,3.159,35.089,0.157
Moon,9.901,3.017,6.588,0.1122
Moon,10.665,5.385,36.656,0.2251
Moon,10.707,1.919,52.57,0.1197
Moon,8.675,7.176,8.958,0.3685
Moon,9.548,6.8,34.123,0.2721
Moon,9.958,5.564,50.774,0.2455
Moon,8.868,4.209,5.485,0.1969
Moon,10.414,7.531,36.546,0.3001
Moon,10.361,6.815,28.745,0.2673
Moon,10.758,4.495,22.349,0.1797
Moon,8.521,5.913,36.377,0.4029
Moon,9.042,4.969,7.635,0.1815
Moon,10.568,5.116,42.653,0.2217
Moon,10.176,3.317,5.224,0.1213
Moon,10.736,4.235,20.347,0.1686
Moon,8.643,1.547,30.198,0.2034
Moon,9.992,3.501,23.851,0.1464
Moon,9.923,5.871,20.374,0.2259
Moon,8.589,7.673,46.542,0.452
Moon,9.784,7.741,51.742,0.3227
Moon,10.024,4.89,48.686,0.2198
Moon,8.978,5.246,31.122,0.222
Moon,9.183,2.3,49.208,0.1297
Moon,10.101,5.867,51.043,0.2564
Moon,9.671,1.495,25.462,0.0778
Moon,10.645,2.993,19.172,0.1239
Moon,9.356,5.679,9.913,0.2087
Moon,9.167,3.172,28.955,0.14
Moon,10.962,1.349,52.315,0.0995
Moon,10.778,6.823,33.045,0.2719
Moon,8.572,3.172,38.378,0.2919
Moon,10.427,1.442,10.644,0.0611
Moon,8.776,1.524,12.176,0.1402
Moon,8.569,2.762,28.224,0.2687
Moon,9.184,2.246,52.563,0.1312
Moon,9.173,6.42,23.039,0.2477
Moon,10.548,3.252,48.874,0.1627
Moon,10.277,6.633,11.014,0.2432
Moon,10.954,2.217,35.851,0.1134
Moon,10.279,4.45,35.031,0.1908
Moon,9.546,5.816,47.994,0.2516
Moon,10.247,5.564,5.166,0.1999
Moon,10.999,5.208,14.497,0.1968
Moon,10.275,7.474,15.984,0.2776
Moon,10.404,2.6,52.498,0.1435
Moon,10.846,4.456,12.685,0.1686
Moon,8.784,7.188,6.848,0.3304
Moon,10.262,1.545,31.723,0.0858
Moon,10.627,1.391,31.428,0.0801
Moon,10.886,2.633,47.202,0.1394
Moon,9.027,5.431,52.443,0.2425
Moon,9.76,2.819,31.927,0.1306
Moon,10.201,2.332,51.5,0.1331
Moon,9.119,4.212,41.258,0.1887
Moon,10.001,5.295,18.228,0.2036
Moon,9.144,2.74,51.421,0.1473
Moon,9.334,3.105,38.372,0.147
Moon,9.604,5.295,25.705,0.211
Moon,9.823,7.62,39.012,0.3057
Moon,9.623,5.723,25.066,0.2254
Moon,9.733,6.48,10.709,0.2375
Moon,9.246,3.568,40.949,0.1658
Moon,8.897,2.906,46.204,0.1821
Moon,8.618,4.18,41.44,0.3149
Moon,8.99,6.65,16.456,0.2526
Moon,9.955,4.194,52.832,0.1996
Moon,10.465,6.927,6.263,0.2487
Moon,8.923,7.921,21.634,0.3245
Moon,8.771,1.504,18.005,0.1469
Moon,10.373,1.318,7.406,0.0535
Moon,9.263,2.047,25.286,0.0969
Moon,10.879,3.691,36.156,0.1653
Moon,10.286,1.917,49.128,0.1162
Moon,9.317,7.095,54.484,0.3028
Moon,9.224,1.162,45.404,0.0861
Moon,9.809,3.211,28.434,0.1408
Moon,8.698,2.293,41.185,0.2221
Moon,8.794,7.521,47.181,0.379
Moon,8.94,5.686,28.265,0.2474
Moon,10.437,7.384,44.253,0.3027
Moon,9.785,7.806,29.133,0.3024
Moon,8.526,4.48,24.325,0.339
Moon,10.184,2.64,31.305,0.1237
Moon,9.559,2.356,38.793,0.1213
Moon,9.777,2.56,41.344,0.131
Moon,9.035,5.96,22.837,0.2314
Moon,9.879,1.283,33.566,0.0785
Moon,10.948,1.36,50.494,0.0981
Moon,8.684,5.257,53.816,0.3433
Moon,9.21,5.494,16.362,0.2087
Moon,9.107,5.657,14.642,0.2126
Moon,9.121,3.603,38.834,0.1649
Moon,9.447,6.642,25.734,0.2582
Moon,10.545,4.735,6.211,0.1719
Moon,10.782,1.738,22.343,0.0832
Moon,9.006,6.58,45.337,0.2756
Moon,9.857,7.671,44.871,0.3134
Moon,10.092,1.42,29.734,0.0794
Moon,9.805,3.739,28.629,0.1595
Moon,9.585,4.413,33.975,0.1884
Moon,8.98,2.025,15.97,0.0935
Moon,9.721,7.074,31.302,0.2789
Moon,9.503,2.989,5.552,0.1102
Moon,10.489,6.481,28.778,0.2556
Moon,10.409,5.697,21.803,0.2212
Moon,8.835,5.186,38.743,0.2753
Moon,8.721,2.345,36.918,0.2119
Moon,10.77,2.545,24.042,0.1131
Moon,9.839,1.331,5.364,0.052
Moon,10.645,2.685,17.614,0.1116
Moon,8.645,3.418,36.667,0.2745
Moon,9.816,6.832,8.619,0.2477
Moon,9.849,3.565,10.382,0.1351
Moon,10.652,6.282,37.352,0.2572
Moon,8.744,4.076,42.788,0.2708
Moon,9.101,6.494,21.077,0.2484
Moon,9.516,7.834,29.484,0.3037
Moon,10.665,2.679,52.286,0.146
Moon,10.847,7.036,52.277,0.2986
Moon,10.982,5.353,20.375,0.2077
Moon,10.898,6.721,45.499,0.2807
Moon,8.515,5.561,34.697,0.3911
Moon,8.619,3.968,53.774,0.3196
Moon,8.869,2.597,28.881,0.1634
Moon,9.372,1.49,43.735,0.0959
Moon,10.575,4.749,43.407,0.2096
Moon,10.732,7.932,29.872,0.3075
Moon,8.967,6.166,44.782,0.2716
Moon,10.049,3.291,18.052,0.1333
Moon,10.793,6.79,11.113,0.2488
Moon,9.659,6.383,26.258,0.2497
Moon,8.759,2.971,52.182,0.2366
Moon,9.645,1.1,30.037,0.0685
Moon,9.439,1.827,36.763,0.1007
Moon,9.944,7.141,36.208,0.2861
Moon,9.597,6.856,11.629,0.2516
Moon,8.543,3.066,24.515,0.2841
Moon,10.985,2.996,40.347,0.1452
Moon,9.859,6.55,53.6,0.2829
Moon,9.684,7.564,13.401,0.2781
Moon,10.887,6.454,25.522,0.2514
Moon,8.89,5.239,9.755,0.2299
Moon,8.973,2.699,17.119,0.1205
Moon,10.52,4.68,23.838,0.1876
Moon,9.152,2.635,32.032,0.1242
Moon,10.498,6.656,16.528,0.2495
Moon,9.179,3.709,16.378,0.1462
Moon,8.583,6.836,43.891,0.4222
Moon,9.793,3.671,53.132,0.1816
Moon,8.992,6.769,21.181,0.2609
Moon,10.395,3.333,39.4,0.1561
Moon,10.103,4.081,17.904,0.1607
Moon,10.809,5.308,51.398,0.2372
Moon,10.457,1.492,38.645,0.0909
Moon,8.952,7.637,45.134,0.3285
Moon,10.5,5.015,7.468,0.183
Moon,10.104,4.555,34.925,0.1943
Moon,10.172,6.876,31.381,0.272
Moon,10.581,7.06,19.65,0.2668
Moon,9.935,4.656,18.121,0.1811
Moon,9.665,7.491,34.001,0.2962
Moon,10.092,1.453,40.324,0.0912
Moon,9.245,1.793,6.659,0.0694
Moon,8.956,5.178,33.37,0.2291
Moon,10.041,3.478,13.523,0.1353
Moon,9.085,4.25,12.018,0.1608
Moon,8.7,3.297,36.156,0.2516
Moon,8.501,3.833,20.544,0.3209
Moon,10.021,6.759,27.044,0.2636
Moon,9.405,5.154,23.0,0.2034
Moon,10.381,7.981,37.417,0.3168
Moon,9.438,6.508,28.506,0.2563
Moon,9.715,2.916,53.173,0.1552
Moon,9.518,2.85,22.619,0.1224
Moon,10.126,3.351,42.014,0.1593
Moon,9.39,6.903,17.865,0.2595
Moon,10.909,1.191,30.438,0.0721
Moon,10.84,2.611,32.628,0.124
Moon,10.62,7.334,21.455,0.2782
Moon,10.801,5.479,28.589,0.2204
Moon,9.623,2.588,18.964,0.1095
Moon,9.841,2.534,5.3,0.094
Moon,10.355,7.038,15.782,0.2621
Moon,10.24,7.256,40.003,0.294
Moon,10.727,2.793,43.548,0.1413
Moon,10.291,3.944,19.01,0.157
Moon,10.995,6.842,25.402,0.2649
Moon,9.371,6.397,6.868,0.2308
Moon,10.582,6.697,16.853,0.2513
Moon,10.244,4.629,43.961,0.206
Moon,10.228,7.381,35.299,0.2936
Moon,9.315,3.282,15.289,0.1301
Moon,10.464,2.097,17.872,0.0913
Moon,10.751,5.961,45.84,0.2545
Moon,9.046,4.775,15.454,0.1826
Moon,10.064,6.982,21.708,0.2661
Moon,9.48,1.568,38.218,0.0931
Moon,10.974,6.906,33.056,0.2748
Moon,9.697,3.053,28.044,0.1349
Moon,9.071,5.584,49.987,0.2454
Moon,9.455,1.281,15.986,0.0608
Moon,10.135,5.267,42.071,0.2264
Moon,8.69,6.021,12.953,0.3269
Moon,10.009,3.581,35.787,0.1611
Moon,10.828,2.508,48.531,0.1363
Moon,10.626,4.763,27.895,0.1946
Moon,8.669,6.832,41.215,0.3906
Moon,10.983,3.265,46.02,0.1603
Moon,10.247,2.767,11.801,0.1087
Moon,8.906,2.953,40.291,0.1751
Moon,8.531,7.644,50.992,0.4748
Moon,8.928,3.515,33.819,0.1808
Moon,10.595,1.025,14.306,0.0502
Moon,8.554,6.472,11.347,0.3865
Moon,9.083,5.895,17.987,0.2243
Moon,10.393,1.9,10.176,0.0767
Moon,9.965,7.894,30.67,0.307
Moon,10.457,5.256,8.485,0.1925
Moon,10.365,4.505,16.17,0.1739
Moon,8.627,3.676,26.996,0.2801
Moon,10.731,7.291,28.696,0.2839
Moon,9.068,2.708,33.27,0.128
Moon,9.883,3.0,40.281,0.1453
Moon,10.111,1.857,7.361,0.0724
Moon,8.922,6.314,9.031,0.2562
Moon,10.941,5.169,8.043,0.189
Moon,9.72,5.263,26.158,0.2104
Moon,8.644,2.529,7.092,0.2142
Moon,10.843,5.558,42.304,0.2368
Moon,9.966,6.358,16.15,0.2387
Moon,10.248,3.505,51.961,0.1746
Moon,9.813,6.609,29.32,0.2607
Moon,10.587,3.442,27.316,0.1478
Moon,8.583,6.307,44.027,0.4038
Moon,9.171,1.236,40.658,0.0839
Moon,9.674,4.858,35.365,0.2054
Moon,8.692,7.787,51.757,0.4271
Moon,10.265,7.869,26.113,0.3015
Moon,9.484,2.972,45.427,0.1495
Moon,9.182,4.09,24.005,0.1671
Moon,8.508,1.441,46.917,0.2612
Moon,10.3,7.113,17.974,0.2669
Moon,10.585,4.98,19.463,0.1938
Moon,9.488,3.696,38.893,0.1682
Moon,9.911,1.789,15.636,0.0783
Moon,9.069,7.627,16.458,0.2834
Moon,10.055,4.712,20.263,0.1852
Moon,8.53,2.98,38.946,0.2998
Moon,9.722,3.452,49.469,0.1703
Moon,10.111,2.895,38.728,0.14
Moon,10.795,5.213,46.391,0.2288
Moon,9.453,7.51,32.178,0.295
Moon,10.413,6.997,8.446,0.2533
Moon,9.994,4.223,10.023,0.1578
Moon,10.818,6.785,32.72,0.2702
Moon,9.496,3.962,21.39,0.1601
Moon,9.298,2.766,16.028,0.1128
Moon,10.718,7.884,28.313,0.3042
Moon,8.623,3.127,38.325,0.2734
Moon,8.841,3.266,24.25,0.1916
Moon,8.706,7.928,45.127,0.4206
Moon,10.608,1.937,41.926,0.1097
Moon,8.527,6.324,41.746,0.4209
Moon,10.654,7.551,54.259,0.3185
Moon,9.628,4.583,19.761,0.1802
Moon,8.51,1.018,37.236,0.2362
Moon,9.504,3.625,47.774,0.1747
Moon,8.967,1.781,33.976,0.1073
Moon,10.061,3.913,44.475,0.1814
Moon,10.198,6.53,25.723,0.2543
Moon,9.719,4.071,34.525,0.177
Moon,8.601,4.023,7.783,0.2815
Moon,10.14,4.898,54.288,0.2257
Moon,10.605,5.072,45.001,0.2225
Moon,10.301,6.994,48.44,0.2932
Moon,10.575,3.158,39.715,0.1503
Moon,9.001,6.752,14.303,0.2506
Moon,10.722,4.962,6.551,0.1802
Moon,9.305,3.104,48.233,0.1569
Moon,8.534,3.066,24.817,0.2876
Moon,10.608,3.528,18.193,0.1417
Moon,10.855,5.359,33.084,0.2206
Moon,10.139,2.616,26.045,0.1176
Moon,9.079,7.442,37.583,0.2981
Moon,9.129,5.024,29.19,0.205
Moon,9.666,7.44,39.862,0.3003
Moon,10.745,1.325,47.671,0.094
Moon,8.874,3.398,14.778,0.1757
Moon,10.565,1.16,21.472,0.0621
Moon,9.228,2.906,26.841,0.1285
Moon,10.521,7.034,53.103,0.2993
Moon,10.801,1.256,23.267,0.0672
Moon,9.569,4.053,24.055,0.1659
Moon,9.413,1.823,37.674,0.1015
Moon,10.506,3.918,25.96,0.1631
Moon,9.824,6.872,52.561,0.2931
Moon,10.211,5.361,49.723,0.2374
Moon,10.057,6.157,30.67,0.2462
Moon,8.882,3.444,37.239,0.197
Moon,10.612,7.611,7.902,0.2743
Moon,8.989,5.965,39.787,0.2521
Moon,10.831,3.953,40.36,0.1787
Moon,9.126,3.985,22.96,0.1624
Moon,10.335,7.431,15.984,0.2761
Moon,9.212,5.035,50.754,0.227
Moon,9.294,5.945,26.335,0.2344
Moon,9.275,3.919,37.685,0.1749
Moon,10.37,2.566,6.666,0.0965
Moon,9.892,6.065,25.703,0.238
Moon,10.707,5.255,45.863,0.2298
Moon,9.268,4.509,24.379,0.1822
Moon,10.23,5.368,35.158,0.223
Moon,10.382,2.458,15.493,0.1015
Moon,8.879,6.558,25.826,0.2958
Moon,9.501,7.637,51.382,0.3187
Moon,9.707,7.238,33.323,0.2866
Moon,9.389,3.25,50.097,0.1638
Moon,9.305,3.842,50.101,0.1846
Moon,10.216,6.659,52.207,0.2853
Moon,9.04,5.166,49.77,0.2306
Moon,10.273,4.835,5.164,0.1744
Moon,10.838,7.486,51.701,0.3137
Moon,9.913,4.752,11.873,0.1782
Moon,10.029,4.605,6.996,0.1682
Moon,8.672,1.294,7.769,0.1623
Moon,10.661,1.486,22.446,0.0745
Moon,9.214,1.052,36.04,0.0729
Moon,10.038,7.393,25.116,0.2839
Moon,10.948,3.859,6.278,0.1413
Moon,9.989,4.28,28.824,0.1786
Moon,10.312,6.918,27.107,0.2692
Moon,9.613,5.265,42.842,0.2271
Moon,8.651,5.267,18.981,0.3197
Moon,10.494,3.076,15.877,0.1235
Moon,8.587,6.837,17.797,0.3946
Moon,10.252,2.161,20.187,0.0958
Moon,8.557,1.372,34.958,0.2305
Moon,10.656,2.341,28.576,0.1105
Moon,8.894,2.874,21.845,0.1577
Moon,9.786,2.976,23.716,0.1279
Moon,9.993,5.694,23.546,0.2228
Moon,9.644,2.525,53.62,0.142
Moon,9.352,5.737,16.65,0.2174
Moon,9.67,1.638,45.903,0.1032
Moon,9.279,2.03,40.411,0.1115
Moon,9.595,4.562,5.279,0.1649
Moon,9.397,7.453,54.659,0.3155
Moon,9.916,7.017,42.822,0.2884
Moon,9.095,7.781,39.122,0.3115
Moon,10.972,5.553,25.266,0.2196
Moon,9.752,5.731,32.76,0.2333
Moon,8.985,5.375,17.664,0.2107
Moon,9.693,5.36,6.774,0.1944
Moon,10.666,2.03,46.801,0.1178
Moon,8.555,4.806,49.824,0.3665
Moon,10.199,3.702,13.124,0.1427
Moon,9.87,4.098,44.353,0.1878
Moon,8.924,4.665,42.058,0.2307
Moon,10.544,1.899,13.919,0.0804
Moon,9.422,3.516,26.091,0.1492
Moon,9.235,1.444,26.138,0.0767
Moon,10.57,7.858,42.998,0.318
Moon,10.096,1.83,46.883,0.1109
Moon,10.746,2.81,9.739,0.1081
Moon,10.075,7.239,33.148,0.2865
Moon,10.352,4.379,43.087,0.1964
Moon,10.591,1.949,44.31,0.1125
Moon,8.637,3.69,12.4,0.2626
Moon,10.44,1.811,31.275,0.0947
Moon,10.034,2.402,47.878,0.1319
Moon,8.674,1.364,20.926,0.1774
Moon,9.771,4.068,26.256,0.1686
Moon,8.706,6.646,45.218,0.3758
Moon,10.34,5.102,9.466,0.188
Moon,9.866,5.244,47.975,0.2315
Moon,10.884,2.404,20.558,0.1047
Moon,8.958,3.407,5.073,0.1384
Moon,10.015,6.917,16.708,0.2588
Moon,9.029,1.615,9.475,0.066
Moon,10.035,7.006,9.619,0.2548
Moon,10.307,4.386,39.642,0.1931
Moon,10.306,6.86,15.699,0.2558
Moon,10.538,3.226,51.737,0.1646
Moon,10.634,3.372,30.822,0.1488
Moon,8.693,6.261,28.005,0.3494
Moon,9.358,6.495,26.714,0.254
Moon,10.218,2.608,39.629,0.1309
Moon,9.746,7.81,27.613,0.301
Moon,8.977,1.591,11.43,0.0749
Moon,9.882,1.48,49.009,0.1008
Moon,9.519,5.169,26.42,0.2073
Moon,9.475,6.059,8.7,0.2208
Moon,10.524,7.726,31.468,0.3019
Moon,9.519,3.835,37.367,0.1716
Moon,8.566,1.177,18.779,0.2046
Moon,8.645,5.22,45.017,0.346
Moon,10.641,3.028,38.489,0.1445
Moon,10.902,4.031,37.517,0.1786
Moon,10.221,4.419,26.041,0.1807
Moon,9.411,1.452,53.096,0.1039
Moon,10.847,4.402,18.709,0.1728
Moon,10.157,3.984,33.885,0.1733
Moon,10.611,5.988,20.453,0.23
Moon,10.415,5.52,42.24,0.2354
Moon,9.448,2.297,7.39,0.0878
Moon,9.697,2.443,7.295,0.0928
Moon,8.965,2.757,45.543,0.1536
Moon,9.23,2.253,26.713,0.1056
Moon,10.445,5.6,22.059,0.2181
Moon,10.735,7.961,35.376,0.314
Moon,10.311,5.565,40.095,0.2349
Moon,9.663,5.247,15.06,0.1987
Moon,8.716,3.869,14.272,0.2443
Moon,8.642,3.188,52.908,0.2837
Moon,9.436,7.378,34.483,0.2927
Moon,9.66,7.783,24.506,0.2969
Moon,10.023,4.477,45.072,0.2018
Moon,8.516,3.031,31.258,0.2986
Moon,10.974,6.391,17.083,0.2408
Moon,9.41,1.927,15.337,0.0828
Moon,10.62,6.359,24.843,0.2474
Moon,9.837,6.733,47.995,0.2836
Moon,8.826,1.874,8.072,0.1316
Moon,10.494,7.838,15.926,0.2903
Moon,10.275,7.899,49.658,0.3261
Moon,9.819,7.557,11.087,0.2756
Moon,9.786,4.472,36.481,0.193
Moon,8.719,2.723,15.676,0.2047
Moon,10.14,5.074,35.293,0.2129
Moon,10.778,3.94,24.155,0.162
Moon,8.733,2.442,10.084,0.1845
Moon,9.159,3.966,34.124,0.1729
Moon,10.756,5.647,39.152,0.2368
Moon,9.211,1.496,39.014,0.0914
Moon,10.135,3.334,36.852,0.1535
Moon,9.837,1.125,30.011,0.0694
Moon,9.991,6.246,30.974,0.2496
Moon,9.539,5.485,36.782,0.2288
Moon,9.25,1.439,39.513,0.0899
Moon,8.621,7.753,37.744,0.4353
Moon,10.361,1.158,34.347,0.0749
Moon,10.365,5.13,12.792,0.1923
Moon,10.177,6.435,15.531,0.2407
Moon,10.109,6.515,18.011,0.246
Moon,9.109,1.24,50.983,0.0944
Moon,8.556,7.345,42.97,0.4481
Moon,10.522,7.429,32.643,0.2927
Moon,9.728,4.93,17.603,0.1901
Moon,9.267,4.375,10.545,0.1637
Moon,8.755,1.314,49.938,0.1777
Moon,8.657,4.934,49.633,0.3367
Moon,9.372,3.866,10.535,0.1458
Moon,10.512,6.41,44.861,0.2692
Moon,10.797,3.827,27.332,0.1613
Moon,10.742,5.785,21.198,0.2237
Moon,10.8,1.71,41.955,0.1018
Moon,10.769,1.931,35.716,0.1033
Moon,9.818,1.978,44.002,0.1132
Moon,9.049,1.319,8.716,0.0549
Moon,10.495,4.789,20.929,0.1886
Moon,9.034,6.558,20.966,0.2505
Moon,9.168,5.273,21.488,0.206
Moon,9.083,5.025,30.124,0.206
Moon,9.787,5.764,19.151,0.2209
Moon,9.305,3.378,27.219,0.1454
Moon,8.885,3.534,23.389,0.1853
Moon,9.633,3.2,41.765,0.1538
Moon,10.685,5.985,35.175,0.2446
Moon,9.926,2.131,37.681,0.1123
Moon,10.696,1.091,15.529,0.0537
Moon,8.99,5.173,21.275,0.2058
Moon,8.917,7.597,6.058,0.2995
Moon,9.939,5.266,10.419,0.1947
Moon,9.658,6.48,18.253,0.2451
Moon,10.15,5.71,8.273,0.2081
Moon,10.487,4.482,35.132,0.192
Moon,10.378,6.029,54.907,0.2659
Moon,10.856,6.769,10.041,0.2469
Moon,9.496,2.573,46.062,0.1361
Moon,9.016,3.353,10.941,0.1283
Moon,9.877,2.566,38.496,0.1283
Moon,8.777,4.165,37.158,0.2573
Moon,9.222,7.195,50.136,0.302
Moon,9.02,3.416,10.697,0.1303
Moon,9.491,3.621,20.772,0.1475
Moon,8.778,7.023,9.539,0.3293
Moon,8.58,4.608,25.369,0.3268
Moon,10.142,4.748,50.58,0.2168
Moon,10.026,7.026,44.076,0.29
Moon,10.271,4.434,41.145,0.1963
Moon,10.151,5.771,31.651,0.2336
Moon,8.786,1.6,49.174,0.1766
Moon,9.228,2.25,27.472,0.1062
Moon,8.824,3.831,12.484,0.2053
Moon,10.607,4.464,46.879,0.2031
Moon,10.367,7.76,18.982,0.2906
Moon,9.004,7.795,7.682,0.2805
Moon,9.353,6.958,11.302,0.2548
Moon,10.917,3.209,35.453,0.1478
Moon,9.985,7.748,35.354,0.3065
Moon,10.503,5.825,18.009,0.2219
Moon,9.161,3.751,41.359,0.1726
Moon,9.025,5.912,43.682,0.2506
Moon,10.46,1.116,51.025,0.0901
Moon,10.215,2.023,34.247,0.1051
Moon,10.202,6.808,43.971,0.2822
Moon,9.882,5.519,42.655,0.2358
Moon,9.909,3.549,17.89,0.1421
Moon,10.339,4.505,20.511,0.1782
Moon,9.175,7.336,28.924,0.2857
Moon,9.382,5.421,5.952,0.1957
Moon,10.679,3.787,19.87,0.1524
Moon,9.272,1.842,28.694,0.0932
Moon,9.866,3.056,10.403,0.1174
Moon,10.257,7.848,11.314,0.286
Moon,11.0,4.062,28.162,0.1703
Moon,9.588,4.303,41.548,0.1921
Moon,9.57,4.49,46.687,0.2038
Moon,10.606,7.189,32.316,0.2839
Moon,10.514,5.227,28.737,0.2117
Moon,10.328,5.856,24.214,0.2292
Moon,9.658,3.726,14.647,0.1451
Moon,9.31,1.204,12.328,0.0545
Moon,10.022,7.517,44.595,0.3077
Moon,10.691,7.644,28.25,0.2958
Moon,10.709,7.644,44.516,0.3121
Moon,8.771,7.606,40.204,0.3827
Moon,9.571,6.707,14.695,0.2494
Moon,9.662,5.792,30.515,0.2332
Moon,10.944,6.912,27.201,0.2691
Moon,10.195,5.204,26.194,0.2083
Moon,9.518,1.941,32.129,0.1
Moon,8.565,3.739,54.104,0.3299
Moon,9.913,7.799,45.645,0.3186
Moon,8.74,3.458,50.186,0.2578
Moon,10.586,7.075,6.482,0.2541
Moon,10.381,1.652,12.017,0.0699
Moon,9.651,3.339,9.238,0.1261
Moon,9.573,3.457,18.162,0.1391
Moon,10.743,1.361,27.095,0.0747
Moon,9.221,1.834,37.103,0.1013
Moon,9.123,2.352,30.042,0.1124
Moon,10.848,6.865,50.159,0.2904
Moon,10.523,1.444,51.993,0.1025
Moon,10.552,3.091,13.176,0.1214
Moon,8.988,1.071,47.646,0.0891
Moon,8.858,5.869,29.086,0.2818
Moon,8.565,5.342,27.666,0.3596
Moon,9.093,5.515,44.247,0.2373
Moon,10.435,3.621,9.657,0.1364
Moon,9.1,2.458,49.125,0.1352
Moon,10.323,6.042,38.543,0.25
Moon,9.13,6.678,48.763,0.2825
Moon,9.488,1.97,54.724,0.1237
Moon,10.958,4.408,30.9,0.1852
Moon,9.112,2.741,9.663,0.1056
Moon,9.441,2.177,13.326,0.0895
Moon,9.253,6.14,21.181,0.2361
Moon,8.774,4.767,10.178,0.2523
Moon,9.725,2.513,45.767,0.1337
Moon,9.447,3.17,19.843,0.1308
Moon,10.237,7.767,53.794,0.3256
Moon,10.544,6.941,40.13,0.2831
Moon,9.861,7.16,13.672,0.2643
Moon,8.58,4.22,28.802,0.3163
Moon,10.047,5.367,28.344,0.2162
Moon,8.638,3.637,29.626,0.2774
Moon,10.041,1.544,31.785,0.0858
Moon,10.213,3.807,6.559,0.1398
Moon,8.994,5.158,39.315,0.2217
Moon,10.548,3.01,29.36,0.1347
Moon,10.778,6.936,44.548,0.2873
Moon,10.533,2.058,45.767,0.1178
Moon,9.263,3.57,16.527,0.1415
Moon,9.967,1.874,7.421,0.073
Moon,10.787,3.834,40.162,0.1743
Moon,9.302,1.278,53.888,0.0986
Moon,10.55,2.908,27.333,0.1291
Moon,8.524,3.805,17.981,0.3099
Moon,8.509,4.347,12.834,0.3286
Moon,10.399,4.806,19.372,0.1876
Moon,10.404,2.925,21.396,0.1238
Moon,10.472,4.661,26.194,0.1893
Moon,10.825,4.563,37.77,0.1975
Moon,8.795,3.213,18.658,0.1995
Moon,9.08,6.811,7.549,0.2459
Moon,10.759,4.819,23.664,0.1923
Moon,8.943,3.326,47.781,0.1832
Moon,10.206,7.631,29.918,0.297
Moon,9.826,6.916,53.239,0.2953
Moon,8.708,7.878,30.181,0.4033
Moon,9.213,5.846,18.795,0.2234
Moon,9.801,3.648,14.666,0.1423
Moon,10.631,2.966,39.726,0.1435
Moon,10.269,5.643,31.819,0.2293
Moon,10.055,7.866,35.2,0.3105
Moon,9.74,5.387,42.756,0.2313
Moon,9.247,7.171,41.295,0.2923
Moon,8.798,3.304,7.168,0.1901
Moon,9.523,3.849,45.129,0.1798
Moon,8.571,7.344,31.635,0.4316
Moon,9.028,6.298,24.585,0.245
Moon,9.581,7.87,31.876,0.3073
Moon,9.547,6.423,35.623,0.2604
Moon,8.611,4.14,12.475,0.2871
Moon,9.973,4.717,25.871,0.191
Moon,9.874,7.304,21.779,0.2774
Moon,8.695,4.862,22.52,0.2943
Moon,10.858,2.788,9.567,0.1071
Moon,8.748,4.049,12.992,0.2386
Moon,10.637,4.614,13.092,0.1746
Moon,8.501,1.677,23.661,0.2488
Moon,10.706,6.206,49.725,0.2669
Moon,8.549,1.765,15.301,0.2273
Moon,10.395,3.834,25.81,0.16
Moon,9.404,6.632,20.58,0.2527
Moon,10.346,4.273,44.369,0.1939
Moon,9.504,6.894,7.506,0.2488
Moon,8.677,3.393,14.827,0.2412
Moon,10.419,7.703,15.532,0.2852
Moon,8.678,2.466,54.648,0.2483
Moon,10.805,1.268,33.539,0.0779
Moon,8.627,7.107,11.948,0.3849
Moon,9.698,6.265,18.61,0.2379
Moon,10.308,2.624,13.391,0.1052
Moon,9.483,7.893,11.23,0.2875
Moon,9.043,4.516,44.859,0.2029
Moon,10.398,7.657,29.788,0.2978
Moon,10.461,4.535,36.561,0.1953
Moon,10.807,4.303,21.563,0.1722
Moon,9.44,4.144,32.685,0.1777
Moon,9.766,3.344,17.878,0.1349
Moon,9.408,4.736,20.402,0.1862
Moon,9.143,4.168,37.612,0.1835
Moon,10.378,1.257,12.518,0.0565
Moon,9.349,2.823,35.861,0.1347
Moon,9.57,2.492,47.612,0.1348
Moon,9.509,7.072,11.021,0.2585
Moon,10.282,5.192,49.873,0.2316
Moon,10.794,6.346,8.972,0.2311
Moon,10.167,7.698,22.445,0.2919
Moon,9.679,5.508,35.525,0.2283
Moon,10.448,7.878,32.971,0.3087
Moon,10.102,3.182,9.82,0.1212
Moon,8.652,2.304,44.946,0.2417
Moon,8.739,3.823,53.658,0.2744
Moon,8.595,4.296,14.061,0.2995
Moon,9.642,7.268,49.757,0.3041
Moon,10.565,4.92,32.84,0.205
Moon,9.283,3.045,51.797,0.1584
Moon,9.46,6.198,13.804,0.2307
Moon,10.774,4.541,44.601,0.2035
Moon,10.592,2.135,7.989,0.0827
Moon,10.163,5.038,49.16,0.2255
Moon,9.167,7.38,38.708,0.297
Moon,8.793,6.898,23.513,0.3341
Moon,8.54,5.108,14.523,0.3466
Moon,8.768,3.64,45.827,0.2507
Moon,9.231,1.609,35.162,0.0915
Moon,9.879,4.288,23.021,0.1731
Moon,8.66,6.265,27.192,0.3598
Moon,8.841,3.522,46.327,0.2227
Moon,8.953,2.648,21.946,0.1304
Moon,10.08,7.52,9.482,0.2727
Moon,10.039,6.751,50.564,0.2868
Moon,9.877,5.468,24.367,0.2157
Moon,9.126,1.957,22.419,0.0909
Moon,9.428,2.014,15.22,0.0857
Moon,8.742,1.723,49.871,0.1963
Moon,9.066,5.314,15.875,0.2019
Moon,10.744,1.809,36.834,0.1001
Moon,10.949,6.898,49.038,0.2905
Moon,10.119,7.951,6.746,0.285
Moon,10.792,3.564,46.44,0.1712
Moon,10.107,4.176,25.53,0.1717
Moon,8.583,5.982,37.899,0.3863
Moon,10.992,7.56,23.62,0.2882
Moon,8.747,7.259,39.776,0.378
Moon,10.207,1.403,17.715,0.0668
Moon,9.132,2.184,6.097,0.0825
Moon,9.48,6.282,52.389,0.2723
Moon,10.115,5.822,5.818,0.2096
Moon,9.591,1.933,46.205,0.1138
Moon,9.126,4.514,13.457,0.1715
Moon,9.336,6.466,24.611,0.2509
Moon,9.354,2.531,46.125,0.1347
Moon,10.898,7.099,15.297,0.2638
Moon,10.497,1.371,48.285,0.0963
Moon,9.646,6.475,29.888,0.2565
Moon,9.0,5.311,23.308,0.2093
Moon,10.528,3.206,38.122,0.1503
Moon,8.893,6.047,22.069,0.2694
Moon,9.026,6.477,22.364,0.249
Moon,9.415,7.537,41.676,0.3055
Moon,10.701,3.574,20.492,0.1456
Moon,8.829,5.802,15.039,0.275
Moon,8.806,5.218,45.382,0.2928
Moon,9.735,4.676,45.269,0.2089
Moon,9.191,7.233,29.879,0.283
Moon,9.922,1.022,31.333,0.0671
Moon,9.629,2.975,39.804,0.1439
Moon,9.587,4.768,30.464,0.1973
Moon,8.78,2.248,25.852,0.1779
Moon,8.853,7.355,54.745,0.3613
Moon,10.553,5.533,12.382,0.206
Moon,10.715,4.345,34.636,0.1867
Moon,9.087,6.703,49.293,0.2839
Moon,8.784,4.156,39.361,0.2569
Moon,8.634,4.911,49.046,0.3431
Moon,10.021,1.019,21.817,0.0575
Moon,10.288,3.56,18.6,0.1432
Moon,9.432,1.972,47.564,0.1166
Moon,10.199,5.828,24.706,0.2287
Moon,10.282,4.353,40.484,0.1928
Moon,10.838,3.112,12.387,0.1213
Moon,8.662,4.275,42.792,0.305
Moon,8.981,2.467,32.449,0.1252
Moon,8.671,7.476,18.431,0.3896
Moon,10.67,1.378,29.725,0.0779
Moon,10.481,7.058,39.847,0.2869
Moon,9.937,4.58,5.594,0.1659
Moon,8.709,5.333,36.873,0.3205
Moon,9.183,3.118,32.08,0.1412
Moon,9.244,7.767,16.014,0.2879
Moon,9.902,2.973,42.649,0.1467
Moon,9.145,5.122,20.173,0.1994
Moon,8.682,7.954,18.843,0.4031
Moon,10.327,7.168,28.561,0.2794
Moon,9.248,4.754,38.807,0.2052
Moon,9.631,7.933,51.442,0.3291
Moon,8.819,5.91,12.068,0.2792
Moon,10.506,2.461,24.823,0.111
Moon,9.914,3.839,8.349,0.1427
Moon,10.754,3.341,42.928,0.1599
Moon,9.739,3.408,27.387,0.1467
Moon,10.854,6.323,40.346,0.2617
Moon,10.73,5.09,21.11,0.1993
Moon,9.941,1.267,47.216,0.0915
Moon,10.835,7.142,31.741,0.2817
Moon,9.308,3.078,52.18,0.1599
Moon,9.414,7.98,8.941,0.2882
Moon,8.614,7.679,30.714,0.4283
Moon,9.973,7.584,43.323,0.3088
Moon,10.305,6.678,35.008,0.2687
Moon,10.434,2.544,6.16,0.0952
Moon,8.875,4.728,53.617,0.2609
Moon,9.61,2.57,19.913,0.1099
Moon,8.942,2.818,17.464,0.1354
Moon,10.155,5.277,29.283,0.214
Moon,8.895,1.286,32.108,0.1122
Moon,10.76,7.786,43.314,0.3158
Moon,9.077,7.431,24.664,0.2847
Moon,9.229,3.665,26.998,0.1553
Moon,10.627,4.608,31.748,0.193
Moon,9.646,4.263,24.719,0.1739
Moon,8.56,7.175,50.727,0.4485
Moon,9.736,5.82,47.563,0.2513
Moon,8.711,2.947,27.749,0.2271
Moon,10.963,4.128,5.01,0.1495
Moon,9.97,4.003,50.047,0.1901
Moon,9.141,7.715,11.217,0.2813
Moon,9.909,2.227,17.226,0.0952
Moon,8.692,1.627,12.618,0.1722
Moon,10.5,7.164,13.991,0.2647
Moon,10.813,7.277,45.144,0.2998
Moon,10.686,7.102,33.975,0.2826
Moon,9.354,4.577,52.805,0.213
Moon,9.314,5.618,16.573,0.2132
Moon,8.588,4.944,29.282,0.3397
Moon,10.129,1.486,53.871,0.1059
Moon,9.837,5.171,46.322,0.2273
Moon,9.648,1.095,41.431,0.0798
Moon,10.769,3.275,14.449,0.1291
Moon,8.92,7.526,43.47,0.3336
Moon,8.524,3.128,22.378,0.2905
Moon,8.683,7.579,31.527,0.4024
Moon,9.058,2.751,35.458,0.1317
Moon,8.583,3.202,35.468,0.2865
Moon,9.757,5.399,41.326,0.2303
Moon,9.285,6.331,38.085,0.2597
Moon,8.951,4.51,8.419,0.1825
Moon,10.375,7.175,27.867,0.279
Moon,9.011,1.282,38.201,0.0831
Moon,10.219,7.455,19.8,0.2807
Moon,9.373,2.374,20.653,0.1037
Moon,9.78,7.19,11.228,0.2629
Moon,10.835,3.806,25.931,0.1591
Moon,8.593,6.829,54.342,0.4289
Moon,9.751,5.702,19.266,0.2188
Moon,10.636,2.232,31.572,0.1097
Moon,9.97,7.426,42.162,0.3021
Moon,9.192,2.719,5.675,0.1008
Moon,9.494,2.709,50.022,0.1448
Moon,10.201,6.699,24.328,0.2588
Moon,10.727,1.741,48.456,0.1094
Moon,8.603,2.554,6.947,0.2288
Moon,8.679,4.526,12.283,0.2777
Moon,9.313,6.813,21.126,0.2596
Moon,9.082,2.032,22.273,0.0934
Moon,9.162,4.834,47.39,0.2166
Moon,9.053,5.979,5.56,0.2148
Moon,8.99,7.024,37.056,0.2864
Moon,8.827,7.549,11.566,0.3336
Moon,10.835,6.492,46.161,0.2734
Moon,8.86,5.57,43.929,0.2854
Moon,9.011,4.035,29.996,0.1712
Moon,9.116,1.785,15.634,0.0781
Moon,10.833,5.968,36.725,0.2456
Moon,10.389,7.949,12.813,0.291
Moon,10.474,6.157,14.501,0.23
Moon,8.762,1.117,36.334,0.1548
Moon,10.591,4.474,54.561,0.2111
Moon,9.52,5.303,49.553,0.2351
Moon,9.157,5.828,34.655,0.2386
Moon,9.939,6.038,31.927,0.2433
Moon,10.555,4.907,54.919,0.2267
Moon,10.447,2.564,32.37,0.1221
Moon,10.725,7.595,26.006,0.2918
Moon,10.82,5.877,50.478,0.2562
Moon,9.095,2.658,16.709,0.1097
Moon,9.56,3.256,9.876,0.1238
Moon,8.537,7.453,36.705,0.4521
Moon,10.698,7.212,9.792,0.2622
Moon,8.886,3.836,23.657,0.1958
Moon,10.654,1.268,26.179,0.0706
Moon,9.323,1.339,32.377,0.0793
Moon,9.42,2.987,54.583,0.1591
Moon,8.598,5.404,16.049,0.3392
Moon,9.317,5.089,23.788,0.2019
Moon,10.721,5.437,11.612,0.2019
Moon,8.564,6.021,35.381,0.3915
Moon,9.516,1.133,41.384,0.081
Moon,8.578,1.736,29.104,0.2304
Moon,9.427,3.516,17.292,0.1404
Moon,8.932,2.084,36.044,0.1318
Moon,9.131,1.527,31.958,0.0854
Moon,10.694,5.487,13.559,0.2056
Moon,9.59,6.707,25.284,0.26
Moon,9.184,6.268,26.76,0.2462
Moon,9.973,6.719,54.131,0.2893
Moon,8.855,5.661,47.464,0.2938
Moon,9.148,6.147,41.719,0.2569
Moon,9.866,2.902,49.439,0.151
Moon,9.094,7.951,41.774,0.3201
Moon,10.198,2.282,50.17,0.13
Moon,9.729,2.501,7.728,0.0953
Moon,10.43,3.022,27.803,0.1336
Moon,10.871,7.827,42.345,0.3163
Moon,8.79,7.918,34.165,0.3815
Moon,9.337,6.564,13.758,0.2435
Moon,9.299,5.403,22.025,0.2111
Moon,8.878,4.64,20.889,0.224
Moon,10.526,7.794,18.067,0.2909
Moon,10.4,5.869,22.157,0.2276
Moon,9.711,7.613,30.743,0.2972
Moon,9.844,3.216,47.743,0.1603
Moon,8.649,3.336,42.102,0.2759
Moon,9.889,6.983,46.762,0.2912
Moon,10.478,2.049,49.18,0.1209
Moon,9.935,7.621,25.808,0.2926
Moon,9.163,4.552,22.301,0.1816
Moon,10.169,7.485,7.881,0.2699
Moon,9.404,3.358,51.525,0.169
Moon,9.862,6.012,8.291,0.2187
Moon,9.719,4.38,42.057,0.1954
Moon,9.453,5.388,23.905,0.2125
Moon,10.297,4.531,52.439,0.211
Moon,10.71,7.77,25.98,0.2979
Moon,8.513,5.845,45.83,0.4127
Moon,10.834,2.759,19.133,0.1157
Moon,9.779,7.368,19.954,0.2778
Moon,10.252,3.058,34.776,0.1418
Moon,10.639,3.601,54.899,0.1809
Moon,9.668,1.715,30.879,0.0909
Moon,10.587,7.3,51.815,0.3073
Moon,8.944,3.003,44.312,0.1681
Moon,8.898,2.812,44.793,0.1773
Moon,10.144,7.442,26.798,0.2873
Moon,10.675,6.639,24.327,0.2567
Moon,10.731,1.988,14.596,0.0842
Moon,10.109,6.385,53.197,0.2767
Moon,9.814,7.391,52.97,0.3117
Moon,9.328,1.55,42.353,0.0966
Moon,10.95,6.777,19.813,0.257
Moon,9.299,4.832,17.259,0.1864
Moon,10.36,5.684,54.431,0.2534
Moon,9.83,4.45,8.327,0.1641
Moon,10.021,5.885,47.178,0.2531
Moon,9.484,1.239,22.773,0.0661
Moon,10.912,6.339,25.943,0.2478
Moon,9.929,1.233,46.599,0.0898
Moon,10.844,4.187,9.53,0.1561
Moon,8.519,2.057,22.708,0.255
Moon,9.932,6.765,52.601,0.2894
Moon,10.293,3.196,39.953,0.1518
Moon,10.363,4.179,42.747,0.189
Moon,10.762,4.001,42.875,0.1829
Moon,8.511,6.408,8.029,0.3953
Moon,8.501,4.368,15.16,0.3344
Moon,9.681,6.523,29.563,0.2579
Moon,8.573,1.515,23.408,0.2187
Moon,10.936,2.341,25.546,0.1075
Moon,9.055,4.861,44.072,0.2142
Moon,9.682,7.63,5.734,0.2728
Moon,8.653,1.523,38.025,0.2071
Moon,9.805,1.302,5.006,0.0506
Moon,9.45,2.096,8.153,0.0815
Moon,8.612,5.488,25.414,0.3469
Moon,9.338,3.793,47.047,0.1798
Moon,9.479,6.779,12.25,0.2495
Moon,10.975,1.504,32.731,0.0854
Moon,9.02,2.375,38.925,0.122
Moon,9.862,3.1,16.477,0.125
Moon,10.968,5.387,30.617,0.2192
Moon,10.48,5.796,50.57,0.2534
Moon,10.983,1.869,30.611,0.096
Moon,10.921,7.607,12.866,0.2791
Moon,9.724,3.387,36.391,0.1549
Moon,10.241,5.992,34.61,0.2443
Moon,8.776,4.669,6.348,0.2444
Moon,9.603,2.559,9.53,0.0991
Moon,10.523,6.924,12.839,0.2552
Moon,9.763,6.728,11.814,0.2473
Moon,10.257,3.773,17.973,0.15
Moon,10.364,5.12,27.705,0.2069
Moon,9.134,2.805,23.586,0.1218
Moon,10.689,5.829,49.532,0.2535
Moon,9.65,3.163,35.605,0.1463
Moon,9.025,6.909,48.807,0.2906
Moon,10.664,2.522,31.352,0.1196
Moon,9.545,1.104,9.494,0.0481
Moon,10.376,2.88,28.164,0.1289
Moon,9.87,2.337,46.102,0.1279
Moon,9.455,4.558,14.705,0.1742
Moon,10.525,2.426,9.561,0.0945
Moon,9.961,6.342,21.472,0.2435
Moon,9.476,2.69,24.445,0.1186
Moon,8.774,5.949,20.313,0.3039
Moon,10.739,5.049,11.762,0.1885
Moon,8.589,7.904,17.542,0.4313
Moon,10.658,7.999,39.114,0.3191
Moon,9.4,7.087,24.296,0.2723
Moon,10.098,6.32,36.627,0.2578
Moon,10.805,3.705,31.815,0.1615
Moon,8.879,6.273,32.453,0.2922
Moon,9.917,7.697,17.427,0.2868
Moon,10.411,1.164,31.077,0.0718
Moon,10.394,4.765,6.18,0.173
Moon,9.814,2.526,26.587,0.115
Moon,10.062,4.905,33.631,0.2053
Moon,10.394,4.265,14.1,0.1634
Moon,10.603,5.03,17.828,0.1939
Moon,10.405,4.857,15.977,0.186
Moon,9.385,7.721,8.528,0.2788
Moon,10.992,4.865,22.393,0.1927
Moon,9.586,6.924,53.948,0.2963
Moon,8.561,3.239,22.694,0.2823
Moon,9.407,4.067,28.027,0.1704
Moon,8.819,4.293,37.654,0.2481
Moon,8.804,2.951,37.425,0.2062
Moon,9.204,3.659,52.495,0.1805
Moon,8.633,5.19,47.878,0.3517
Moon,10.221,5.061,44.698,0.2218
Moon,8.685,5.455,52.581,0.3485
Moon,9.008,3.463,16.538,0.1377
Moon,8.732,3.211,35.853,0.2375
Moon,8.658,5.281,49.36,0.3482
Moon,9.169,1.93,36.207,0.1038
Moon,9.93,2.771,53.871,0.1509
Moon,10.912,1.295,10.018,0.0553
Moon,10.689,1.508,26.967,0.0798
Moon,10.69,2.704,53.868,0.1485
Moon,8.94,1.137,23.978,0.0837
Moon,9.162,2.718,41.978,0.1371
Moon,8.691,5.585,6.52,0.305
Moon,10.446,1.428,39.742,0.0897
Moon,8.675,4.057,51.731,0.3022
Moon,9.892,7.392,24.135,0.2828
Moon,9.12,6.539,6.065,0.2349
Moon,9.109,3.138,6.395,0.1162
Moon,10.977,7.474,49.601,0.3112
Moon,10.392,3.308,41.126,0.1569
Moon,10.592,1.508,10.334,0.0631
Moon,9.93,7.958,7.73,0.2863
Moon,10.678,7.09,45.241,0.2934
Moon,10.114,4.262,45.493,0.1946
Moon,10.865,5.665,11.026,0.2093
Moon,9.203,5.699,20.076,0.2195
Moon,9.988,2.361,44.001,0.1266
Moon,10.225,2.4,31.271,0.1153
Moon,9.482,4.287,52.829,0.2029
Moon,10.699,7.381,29.053,0.2874
Moon,10.95,1.07,38.848,0.0763
Moon,9.734,6.478,30.489,0.2572
Moon,9.477,1.403,52.148,0.1012
Moon,9.68,4.348,24.933,0.1771
Moon,10.632,5.465,16.49,0.2078
Moon,10.114,5.807,21.332,0.2246
Moon,8.612,1.409,47.639,0.2263
Moon,9.855,3.93,29.897,0.1675
Moon,8.543,5.087,22.713,0.353
Moon,10.446,1.462,32.213,0.0834
Moon,9.321,1.946,11.661,0.0798
Moon,9.68,5.646,5.268,0.2029
Moon,10.497,4.651,19.029,0.1818
Moon,8.616,2.133,35.25,0.2379
Moon,8.896,4.747,40.584,0.2413
Moon,9.495,7.389,46.331,0.3049
Moon,9.075,1.109,51.333,0.0902
Moon,9.345,5.498,25.606,0.2181
Moon,10.995,1.516,42.026,0.0951
Moon,10.564,1.045,8.734,0.0453
Moon,10.71,2.055,7.876,0.0798
Moon,10.843,3.96,11.24,0.1499
Moon,9.352,6.616,27.428,0.259
Moon,9.243,2.972,15.564,0.1196
Moon,9.085,5.38,19.346,0.2076
Moon,10.575,3.878,37.394,0.1731
Moon,10.199,2.64,22.926,0.1153
Moon,9.09,4.6,32.869,0.1939
Moon,9.442,6.582,25.62,0.256
Moon,9.767,6.827,13.448,0.2524
Moon,9.82,6.926,8.701,0.2511
Moon,10.722,3.37,16.812,0.1348
Moon,9.451,6.554,7.885,0.2373
Moon,10.771,2.485,35.931,0.1229
Moon,9.603,6.169,44.786,0.2607
Moon,10.366,7.639,21.987,0.2893
Moon,10.826,1.096,24.356,0.0627
Moon,10.769,4.083,45.81,0.1887
Moon,8.642,5.534,16.131,0.329
Moon,9.014,5.912,10.958,0.2179
Moon,9.692,2.233,30.056,0.1082
Moon,9.579,7.805,37.31,0.3105
Moon,10.102,5.307,34.983,0.2207
Moon,10.862,2.15,40.694,0.116
Moon,8.781,1.144,7.838,0.1209
Moon,9.63,6.483,26.41,0.2533
Moon,8.981,1.558,16.929,0.0778
Moon,10.735,1.987,42.956,0.1125
Moon,10.911,5.024,48.637,0.2245
Moon,9.697,5.225,19.067,0.2019
Moon,8.76,5.808,9.761,0.293
Moon,10.463,3.755,17.671,0.1491
Moon,10.243,6.417,10.2,0.2348
Moon,9.387,7.821,21.121,0.2948
Moon,10.719,2.898,31.91,0.1333
Moon,10.94,5.921,53.684,0.2609
Moon,9.895,7.499,24.969,0.2874
Moon,9.914,5.804,16.002,0.2191
Moon,9.244,5.768,13.34,0.2152
Moon,9.961,2.566,13.652,0.1035
Moon,9.599,4.746,14.63,0.1807
Moon,9.255,4.938,43.113,0.2159
Moon,8.668,5.901,8.051,0.3253
Moon,9.132,7.978,54.87,0.3341
Moon,8.995,1.236,31.134,0.0762
Moon,9.855,1.457,32.214,0.0832
Moon,10.004,1.546,22.878,0.077
Moon,10.021,6.201,39.513,0.2565
Moon,9.47,1.954,28.573,0.097
Moon,9.553,5.357,21.453,0.209
Moon,10.586,3.273,18.257,0.1328
Moon,9.691,4.201,51.283,0.1983
Moon,10.969,2.51,19.549,0.1074
Moon,9.599,7.063,26.82,0.274
Moon,10.124,5.103,22.517,0.2011
Moon,8.626,7.612,9.309,0.4004
Moon,10.133,5.022,14.297,0.1901
Moon,10.629,1.867,14.475,0.0798
Moon,10.856,2.196,39.682,0.1165
Moon,10.993,7.924,25.329,0.3027
Moon,9.205,6.079,44.098,0.2569
Moon,9.938,1.345,40.448,0.0875
Moon,9.627,5.926,14.602,0.222
Moon,9.91,3.885,33.146,0.1691
Moon,8.894,3.15,42.145,0.1879
Moon,10.64,2.078,36.652,0.1094
Moon,10.774,6.879,35.001,0.2758
Moon,9.624,1.447,41.981,0.0926
Moon,9.201,3.029,7.839,0.1138
Moon,8.852,3.145,41.571,0.2009
Moon,10.209,2.126,18.633,0.0931
Moon,9.281,4.557,33.594,0.1931
Moon,10.774,1.082,17.115,0.055
Moon,10.178,3.107,46.941,0.1557
Moon,10.114,7.535,29.028,0.2928
Moon,9.899,3.174,37.147,0.1482
Moon,8.614,3.523,44.704,0.2965
Moon,10.83,4.312,49.766,0.2007
Moon,10.07,4.932,41.603,0.2142
Moon,10.985,6.661,12.438,0.2456
Moon,9.843,2.332,47.727,0.1294
Moon,10.275,7.102,35.929,0.2845
Moon,8.641,6.303,35.472,0.3759
Moon,10.079,6.059,51.067,0.2631
Moon,10.412,1.608,17.442,0.0737
Moon,10.446,1.151,16.979,0.0573
Moon,10.425,5.158,30.66,0.2112
Moon,9.066,7.042,42.543,0.289
Moon,10.938,5.091,27.362,0.2056
Moon,10.988,2.493,36.695,0.1239
Moon,8.689,1.634,27.626,0.1885
Moon,10.841,5.897,35.519,0.2419
Moon,9.224,6.052,46.113,0.2579
Moon,10.223,2.208,14.024,0.0913
Moon,9.345,1.197,39.769,0.0817
Moon,10.919,3.858,44.371,0.1794
Moon,8.754,5.079,27.356,0.2872
Moon,9.744,5.942,21.162,0.2291
Moon,9.57,6.67,5.677,0.2391
Moon,9.315,5.274,44.855,0.2294
Moon,10.114,1.776,21.397,0.0836
Moon,8.828,5.778,22.865,0.2826
Moon,10.292,7.889,21.8,0.2979
Moon,10.951,7.339,29.937,0.2868
Moon,10.511,7.102,40.125,0.2887
Moon,10.65,3.115,43.593,0.1526
Moon,9.399,6.256,24.629,0.2436
Moon,9.312,6.958,38.155,0.2817
Moon,9.793,5.748,41.034,0.2422
Moon,8.614,2.754,19.846,0.2448
Moon,10.863,7.677,9.831,0.2785
Moon,8.859,4.156,49.733,0.242
Moon,10.758,1.909,38.856,0.1057
Moon,8.709,1.768,37.406,0.1963
Moon,10.557,5.533,7.945,0.2016
Moon,8.88,4.064,45.894,0.2282
Moon,8.595,1.661,33.303,0.2263
Moon,10.299,6.183,47.394,0.2638
Moon,9.201,6.595,53.728,0.2846
Moon,10.286,6.078,52.855,0.2656
Moon,9.888,2.416,47.804,0.1324
Moon,8.772,5.828,5.547,0.2855
Moon,10.83,1.075,49.286,0.0869
Moon,9.631,3.136,8.753,0.1185
Moon,10.336,3.792,47.56,0.1803
Moon,9.753,6.847,19.009,0.2586
Moon,10.011,3.733,35.503,0.1662
Moon,9.257,1.079,6.903,0.0447
Moon,9.001,3.466,43.559,0.1649
Moon,9.856,4.492,10.585,0.1678
Moon,9.601,7.643,25.534,0.293
Moon,9.475,7.587,45.872,0.3114
Moon,10.181,2.266,39.767,0.1191
Moon,10.226,2.296,5.302,0.0857
Moon,8.615,2.144,25.152,0.2286
Moon,9.347,6.522,7.096,0.2354
Moon,9.529,1.042,38.675,0.0752
Moon,8.742,1.89,53.447,0.2055
Moon,9.09,4.766,37.763,0.2046
Moon,8.629,2.733,16.219,0.2355
Moon,10.991,1.646,22.762,0.0804
Moon,10.341,3.519,53.833,0.177
Moon,8.719,2.919,16.203,0.2122
Moon,8.551,4.578,33.076,0.3431
Moon,10.298,7.855,25.023,0.2999
Moon,9.598,1.87,43.416,0.1089
Moon,10.467,3.609,48.369,0.1747
Moon,10.809,7.524,22.042,0.2854
Moon,9.998,7.138,38.02,0.2879
Moon,8.968,3.76,32.452,0.1748
Moon,10.455,5.893,18.922,0.2252
Moon,10.89,1.615,18.597,0.0751
Moon,9.951,5.988,31.932,0.2415
Moon,10.205,7.81,12.7,0.2861
Moon,9.344,4.762,45.54,0.2122
Moon,9.454,4.489,8.45,0.1656
Moon,10.337,2.311,9.729,0.0906
Moon,10.819,5.437,22.111,0.2124
Moon,10.072,5.133,10.905,0.1906
Moon,10.475,5.564,28.785,0.2235
Moon,8.929,1.183,24.984,0.09
Moon,9.03,4.841,41.09,0.2105
Moon,9.83,5.165,52.65,0.2334
Moon,8.941,2.453,42.678,0.1481
Moon,10.087,2.458,13.972,0.1
Moon,9.229,2.934,51.776,0.1544
Moon,10.479,5.982,24.607,0.234
Moon,10.52,5.244,28.709,0.2122
Moon,9.659,6.92,26.079,0.2683
Moon,8.952,3.07,19.027,0.1425
Moon,10.117,7.384,49.752,0.3082
Moon,10.982,6.206,21.612,0.2388
Moon,10.056,3.765,33.93,0.1657
Moon,8.589,1.667,17.002,0.2122
Moon,8.543,2.799,44.869,0.2951
Moon,9.301,7.697,43.71,0.3131
Moon,8.989,3.173,19.816,0.1344
Moon,10.533,3.309,39.078,0.1549
Moon,10.612,2.327,40.194,0.1216
Moon,9.147,6.648,33.126,0.2658
Moon,9.314,2.93,35.03,0.1376
Moon,9.091,3.312,33.723,0.1496
Moon,10.771,3.9,9.093,0.1456
Moon,9.757,4.036,38.513,0.1798
Moon,10.14,3.879,28.489,0.1643
Moon,9.539,4.526,26.923,0.1853
Moon,10.078,6.702,48.0,0.2826
Moon,9.465,6.735,6.161,0.2419
Moon,9.349,6.588,17.566,0.2482
Moon,10.086,1.708,11.07,0.0708
Moon,9.978,6.598,6.767,0.2377
Moon,9.234,1.842,18.784,0.0832
Moon,8.873,1.873,54.424,0.1622
Moon,9.421,7.635,18.511,0.2857
Moon,9.538,6.736,38.185,0.2739
Moon,10.072,4.867,10.915,0.1813
Moon,10.786,7.125,35.092,0.2845
Moon,8.59,7.926,54.224,0.4681
Moon,9.109,5.274,19.592,0.2042
Moon,8.984,5.29,47.404,0.2378
Moon,9.756,6.281,54.879,0.2747
Moon,9.574,2.625,34.428,0.1263
Moon,10.323,2.17,20.47,0.0964
Moon,9.106,6.317,38.677,0.2598
Moon,9.986,3.414,47.242,0.1667
Moon,10.71,1.945,13.568,0.0817
Moon,10.777,3.204,27.626,0.1398
Moon,10.897,3.51,20.959,0.1438
Moon,10.433,7.757,19.168,0.2906
Moon,10.765,5.886,48.041,0.254
Moon,9.086,4.716,26.083,0.1911
Moon,8.994,7.782,21.954,0.2963
Moon,8.516,7.322,35.176,0.4527
Moon,10.267,4.584,15.97,0.1764
Moon,10.844,7.34,16.495,0.2734
Moon,8.967,3.83,31.014,0.176
Moon,10.092,2.613,25.464,0.1169
Moon,10.366,2.629,19.749,0.1118
Moon,10.819,5.636,7.698,0.205
Moon,10.117,4.507,31.039,0.1888
Moon,10.926,5.613,45.83,0.2423
Moon,9.362,5.803,47.569,0.2507
Moon,9.375,1.156,16.772,0.0572
Moon,9.858,1.378,34.982,0.0832
Moon,9.459,4.729,47.794,0.2133
Moon,8.504,2.337,25.436,0.2727
Moon,10.329,5.428,51.607,0.2416
Moon,10.379,4.865,50.149,0.2204
Moon,10.367,5.1,15.407,0.1939
Moon,9.363,3.117,17.948,0.127
Moon,9.806,5.479,14.022,0.2058
Moon,9.4,6.806,14.803,0.253
Moon,8.54,7.986,50.393,0.4832
Moon,9.906,6.869,51.557,0.292
Moon,8.809,4.902,7.595,0.2427
Moon,8.7,2.354,34.68,0.217
Moon,10.389,5.77,33.212,0.2352
Moon,8.524,7.564,24.527,0.448
Moon,10.898,2.483,36.585,0.1235
Moon,9.788,2.792,52.368,0.1501
Moon,10.958,2.043,13.513,0.085
Moon,8.645,6.157,11.021,0.3449
Moon,9.959,3.846,6.67,0.1413
Moon,9.373,1.439,23.192,0.0736
Moon,10.609,7.125,21.881,0.2712
Moon,9.403,4.904,26.541,0.1982
Moon,9.151,3.318,30.166,0.1463
Moon,10.644,3.408,42.891,0.1622
Moon,9.437,3.032,24.606,0.1307
Moon,8.542,4.188,21.531,0.3208
Moon,9.476,3.359,46.344,0.1639
Moon,10.136,4.836,47.49,0.2167
Moon,9.136,6.415,16.638,0.2412
Moon,9.58,5.721,20.734,0.221
Moon,8.642,3.061,46.256,0.2728
Moon,9.97,4.701,8.97,0.1735
Moon,10.391,6.881,21.292,0.2621
Moon,9.533,1.477,27.418,0.0791
Moon,9.551,1.548,14.354,0.0685
Moon,8.721,4.893,13.996,0.2784
Moon,9.005,5.474,26.243,0.2178
Moon,8.887,2.48,42.726,0.1673
Moon,9.704,6.217,47.012,0.2646
Moon,9.823,5.524,53.962,0.2473
Moon,10.872,7.463,8.699,0.2699
Moon,8.683,2.183,15.834,0.1979
Moon,10.0,6.26,42.831,0.2619
Moon,9.816,1.586,32.03,0.0875
Moon,9.791,4.957,21.384,0.1949
Moon,10.683,4.863,15.279,0.1855
Moon,9.014,3.719,19.024,0.1492
Moon,8.602,6.912,26.464,0.4011
Moon,10.181,1.031,13.858,0.0499
Moon,9.363,4.641,53.211,0.2157
Moon,8.544,2.52,10.379,0.2506
Moon,9.128,6.204,54.279,0.2714
Moon,9.273,1.301,47.095,0.0926
Moon,10.042,6.821,26.158,0.2649
Moon,8.931,6.867,41.991,0.3052
Moon,9.533,6.83,38.576,0.2776
Moon,9.706,2.068,15.664,0.088
Moon,9.648,5.413,21.954,0.2114
Moon,10.935,1.101,30.656,0.0692
Moon,8.614,6.936,36.892,0.4084
Moon,10.877,6.061,32.145,0.2443
Moon,9.955,4.718,28.649,0.1938
Moon,10.489,6.114,27.158,0.2412
Moon,9.576,1.66,29.913,0.088
Moon,9.635,4.701,26.718,0.1912
Moon,10.698,3.039,32.067,0.1384
Moon,10.74,7.808,49.399,0.3227
Moon,9.097,7.0,36.641,0.2816
Moon,8.998,6.133,41.131,0.2564
Moon,9.741,7.536,34.874,0.2986
Moon,10.751,3.428,37.151,0.1571
Moon,9.306,7.306,33.917,0.2896
Moon,10.13,3.277,6.343,0.121
Moon,10.27,6.13,54.98,0.2695
Moon,10.447,6.155,6.68,0.2221
Moon,9.91,1.128,24.757,0.0643
Moon,9.506,3.527,10.256,0.1337
Moon,10.918,1.136,9.846,0.0496
Moon,10.028,7.98,44.676,0.324
Moon,10.321,1.855,26.296,0.0912
Moon,9.362,4.8,45.057,0.213
Moon,10.175,6.534,18.639,0.2473
Moon,9.144,2.409,17.823,0.1021
Moon,9.113,4.395,17.562,0.1714
Moon,10.287,5.252,35.807,0.2196
Moon,9.803,2.121,45.75,0.12
Moon,10.208,6.45,27.613,0.2534
Moon,9.174,3.095,23.962,0.1323
Moon,9.997,2.477,53.679,0.1404
Moon,9.61,4.908,10.838,0.1826
Moon,9.992,3.872,29.332,0.1649
Moon,9.227,7.442,25.424,0.2859
Moon,10.289,7.16,9.906,0.2605
Moon,10.515,4.383,18.41,0.1718
Moon,9.15,3.515,6.422,0.1294
Moon,9.252,3.279,48.848,0.1636
Moon,10.153,2.873,35.392,0.1359
Moon,10.239,4.812,45.751,0.2142
Moon,10.26,6.635,31.078,0.2633
Moon,10.207,3.175,34.975,0.1461
Moon,9.482,2.331,40.043,0.1216
Moon,9.487,4.328,50.401,0.2019
Moon,9.137,1.483,9.588,0.0615
Moon,8.892,5.909,21.547,0.2643
Moon,10.231,4.629,40.451,0.2024
Moon,8.733,4.475,52.918,0.2985
Moon,10.844,3.103,54.04,0.1626
Moon,10.567,7.333,36.905,0.2936
Moon,10.644,1.633,14.68,0.0718
Moon,10.767,7.089,10.96,0.2591
Moon,9.522,3.637,52.302,0.1796
Moon,10.617,7.164,26.696,0.2774
Moon,8.895,6.101,14.741,0.2632
Moon,8.554,1.729,51.695,0.2608
Moon,10.462,6.821,10.226,0.249
Moon,8.687,5.775,41.479,0.3479
Moon,10.971,1.226,36.263,0.0792
Moon,10.187,1.936,9.387,0.0771
Moon,10.384,5.449,21.937,0.2127
Moon,9.115,5.638,12.497,0.2098
Moon,10.185,6.227,35.225,0.2532
Moon,8.608,6.042,28.856,0.371
Moon,10.595,5.617,5.214,0.2018
Moon,8.924,6.364,53.786,0.3018
Moon,10.243,5.026,22.479,0.1984
Moon,9.061,2.826,17.91,0.1168
Moon,8.671,7.387,16.122,0.3843
Moon,9.704,1.127,12.941,0.0524
Moon,8.923,3.566,54.957,0.2054
Moon,10.324,6.102,19.755,0.2333
Moon,9.094,3.99,25.276,0.1649
Moon,9.356,1.174,48.568,0.0897
Moon,9.919,1.462,37.094,0.0883
Moon,9.212,5.54,23.435,0.2174
Moon,9.445,7.754,49.916,0.3213
Moon,10.539,4.863,42.486,0.2127
Moon,8.948,4.547,16.395,0.1929
Moon,8.706,3.228,37.187,0.2483
Moon,9.321,2.797,51.12,0.149
Moon,9.561,1.147,29.823,0.07
Moon,9.857,2.911,41.681,0.1436
Moon,9.431,4.144,53.555,0.1986
Moon,10.475,2.386,39.521,0.123
Moon,8.598,1.611,10.122,0.2004
Moon,9.579,6.024,17.228,0.2281
Moon,9.456,7.262,34.755,0.2889
Moon,10.119,7.557,18.778,0.2833
Moon,10.916,5.326,52.877,0.2393
Moon,9.776,1.369,25.268,0.0732
Moon,10.967,6.186,27.862,0.2444
Moon,9.256,1.771,40.08,0.1021
Moon,8.577,5.688,31.212,0.3712
Moon,8.914,6.456,24.107,0.2787
Moon,9.488,6.081,8.832,0.2217
Moon,9.291,7.663,34.822,0.303
Moon,8.743,6.167,48.379,0.35
Moon,9.582,5.852,39.288,0.2441
Moon,9.345,2.832,24.075,0.1232
Moon,8.807,7.473,11.386,0.3374
Moon,9.24,2.257,45.817,0.1248
Moon,10.716,7.334,52.087,0.3088
Moon,9.255,3.189,24.414,0.136
Moon,10.285,1.911,41.432,0.1083
Moon,10.03,6.787,25.538,0.2631
Moon,9.568,1.017,30.113,0.0657
Moon,9.098,6.825,46.824,0.2857
Moon,9.423,2.836,9.171,0.1084
Moon,9.98,7.193,31.517,0.2833
Moon,9.377,5.84,15.731,0.2201
Moon,9.037,5.663,21.99,0.2202
Moon,8.791,3.557,37.221,0.2313
Moon,10.699,1.416,6.361,0.0559
Moon,9.601,6.811,34.691,0.2731
Moon,10.063,2.196,19.172,0.096
Moon,9.726,3.606,38.474,0.1647
Moon,10.681,5.202,12.079,0.1942
Moon,9.867,4.376,41.791,0.1949
Moon,9.702,2.391,37.282,0.121
Moon,10.812,1.984,53.562,0.123
Moon,10.299,1.863,50.562,0.1158
Moon,8.779,7.041,19.165,0.3393
Moon,8.944,1.221,6.366,0.0677
Moon,10.468,7.839,37.768,0.3121
Moon,10.59,2.39,35.144,0.1188
Moon,9.863,1.772,6.371,0.0684
Moon,9.886,5.039,11.134,0.1875
Moon,10.08,1.56,34.235,0.0888
Moon,9.598,5.217,50.591,0.2332
Moon,10.2,6.954,50.325,0.2937
Moon,8.771,1.335,12.574,0.1356
Moon,10.903,6.599,24.229,0.2552
Moon,10.375,3.761,7.16,0.1388
Moon,10.078,2.116,28.464,0.1025
Moon,9.291,2.233,42.654,0.1208
Moon,8.902,7.431,44.499,0.3371
Moon,9.523,1.774,29.949,0.092
Moon,10.154,7.067,9.793,0.2572
Moon,10.084,4.81,24.068,0.1924
Moon,9.457,1.273,51.605,0.0962
Moon,10.033,4.251,16.481,0.1653
Moon,10.534,6.722,20.988,0.2563
Moon,8.566,6.083,42.341,0.4
Moon,9.627,4.421,41.679,0.1964
Moon,10.396,7.02,50.61,0.2963
Moon,9.865,1.843,24.406,0.0889
Moon,10.129,7.37,30.73,0.2887
Moon,9.792,6.925,28.37,0.2707
Moon,10.98,5.958,51.388,0.2599
Moon,8.637,6.725,43.467,0.4
Moon,9.728,4.807,46.572,0.2148
Moon,8.729,5.726,11.655,0.3026
Moon,8.899,4.924,44.592,0.2505
Moon,9.458,3.488,26.649,0.1487
Moon,8.889,4.982,6.167,0.2176
Moon,10.909,2.802,8.004,0.1061
Moon,10.867,4.082,38.895,0.1818
Moon,9.34,2.965,23.601,0.1274
Moon,10.099,1.86,48.406,0.1135
Moon,9.834,3.253,41.714,0.1556
Moon,10.539,6.964,6.084,0.2498
Moon,10.069,3.668,39.344,0.1677
Moon,8.501,6.236,14.618,0.3993
Moon,10.408,2.226,26.129,0.1041
Moon,10.367,3.971,36.237,0.1752
Moon,9.774,1.804,48.636,0.1118
Moon,10.757,1.97,27.805,0.0968
Moon,10.771,5.322,45.425,0.2317
Moon,9.81,5.252,44.148,0.228
Moon,10.02,2.494,25.727,0.113
Moon,10.991,4.321,30.049,0.1813
Moon,9.247,7.043,40.024,0.2865
Moon,9.312,2.219,6.557,0.0842
Moon,8.957,1.134,49.541,0.1036
Moon,10.74,5.564,43.491,0.2382
Moon,10.361,1.374,17.471,0.0656
Moon,8.764,7.86,54.059,0.4078
Moon,10.954,5.267,13.97,0.1983
Moon,10.327,4.293,50.704,0.201
Moon,10.626,4.01,21.224,0.1616
Moon,8.62,5.011,43.157,0.3451
Moon,9.762,1.634,27.819,0.085
Moon,10.246,7.51,41.823,0.3047
Moon,9.857,5.379,12.789,0.2011
Moon,10.167,2.288,18.475,0.0986
Moon,10.545,4.938,9.993,0.1828
Moon,9.436,1.933,48.257,0.1159
Moon,10.622,1.123,19.815,0.0591
Moon,8.907,5.414,39.724,0.2601
Moon,9.177,5.539,46.011,0.2399
Moon,8.608,5.086,50.071,0.3586
Moon,9.411,2.284,10.315,0.0903
Moon,9.45,5.224,49.651,0.2325
Moon,10.513,1.396,14.863,0.0637
Moon,10.133,5.265,41.845,0.2261
Moon,9.592,4.878,41.442,0.2122
Moon,10.13,5.587,5.425,0.201
Moon,8.632,7.268,16.031,0.3931
Moon,8.951,6.953,29.595,0.2894
Moon,10.067,7.865,26.002,0.3013
Moon,10.103,7.834,50.929,0.3251
Moon,10.435,6.406,22.987,0.2472
Moon,9.507,7.695,51.849,0.3212
Moon,10.306,7.071,27.971,0.2755
Moon,10.21,6.093,53.218,0.2665
Moon,10.908,1.528,41.868,0.0953
Moon,9.038,1.343,46.467,0.0935
Moon,9.879,6.863,10.244,0.2505
Moon,10.004,4.428,34.307,0.1893
Moon,10.997,6.702,12.135,0.2467
Moon,9.003,3.19,19.881,0.1315
Moon,9.808,3.784,36.178,0.1686
Moon,9.365,5.901,41.311,0.2479
Moon,9.815,7.407,6.959,0.2662
Moon,9.08,1.614,31.547,0.088
Moon,8.619,7.03,33.266,0.4063
Moon,9.931,6.551,8.941,0.2382
Moon,9.34,3.209,30.034,0.1423
Moon,8.955,3.487,40.692,0.1778
Moon,9.31,1.325,7.661,0.054
Moon,8.623,1.11,43.013,0.2075
Moon,10.876,4.339,33.821,0.1857
Moon,9.953,1.669,46.661,0.1051
Moon,10.537,2.358,15.903,0.0984
Moon,9.558,6.927,46.664,0.2891
Moon,10.758,4.997,9.728,0.1846
Moon,9.708,5.435,25.191,0.2154
Moon,9.935,2.312,14.974,0.0959
Moon,9.729,6.801,48.801,0.2868
Moon,10.333,7.076,40.246,0.2879
Moon,9.917,4.663,6.268,0.1695
Moon,9.179,7.388,5.476,0.2641
Moon,8.864,6.914,19.562,0.3069
Moon,10.015,6.119,12.164,0.2263
Moon,9.723,6.139,36.515,0.2514
Moon,8.74,1.738,38.19,0.1857
Moon,9.489,2.896,52.098,0.1535
Moon,9.787,1.468,52.602,0.104
Moon,10.567,1.061,37.945,0.0751
Moon,8.69,2.108,5.284,0.1823
Moon,9.371,7.163,22.95,0.2737
Moon,10.557,2.679,30.657,0.1244
Moon,10.121,7.791,29.959,0.3026
Moon,9.225,5.181,35.167,0.2165
Moon,10.613,2.661,53.028,0.1462
Moon,9.733,4.48,49.26,0.2061
Moon,9.746,2.534,10.445,0.0991
Moon,10.941,7.888,18.299,0.2944
Moon,10.868,6.931,46.655,0.2892
Moon,9.396,1.184,46.215,0.0876
Moon,8.851,7.634,18.769,0.3355
Moon,9.314,6.047,41.529,0.2532
Moon,8.576,1.577,38.602,0.235
Moon,8.552,5.694,28.676,0.3773
Moon,9.489,5.528,15.073,0.2086
Moon,10.853,2.532,49.432,0.138
Moon,10.678,6.309,38.893,0.2597
Moon,9.779,1.609,13.45,0.0698
Moon,9.913,4.426,40.24,0.1952
Moon,8.515,1.069,42.072,0.2412
Moon,9.039,7.781,49.344,0.3217
Moon,8.562,6.261,16.142,0.3813
Moon,10.386,2.112,54.438,0.1284
Moon,8.864,3.392,12.67,0.1767
Moon,10.673,2.124,35.034,0.1094
Moon,10.108,6.366,37.859,0.2607
Moon,9.074,1.412,25.948,0.0754
Moon,8.894,6.883,28.752,0.3049
Moon,10.069,7.595,49.546,0.3154
Moon,10.752,5.736,37.264,0.238
Moon,10.296,2.491,29.85,0.117
Moon,9.371,3.521,11.417,0.1346
Moon,9.968,4.341,5.367,0.1573
Moon,9.277,5.232,11.248,0.1944
Moon,10.998,5.681,52.809,0.2516
Moon,10.372,4.88,43.204,0.214
Moon,10.036,3.459,53.356,0.1744
Moon,9.558,7.236,6.785,0.2601
Moon,10.045,1.57,39.011,0.094
Moon,9.354,4.264,7.215,0.1564
Moon,8.572,6.429,44.103,0.4117
Moon,9.488,1.426,24.048,0.074
Moon,10.826,5.937,9.788,0.2176
Moon,10.066,6.738,33.402,0.2692
Moon,8.71,5.626,19.006,0.3126
Moon,10.712,1.091,37.979,0.0761
Moon,9.172,2.261,37.909,0.117
Moon,9.109,3.395,40.25,0.1591
Moon,9.243,2.636,54.623,0.1469
Moon,9.943,7.739,24.335,0.2952
Moon,9.862,5.561,28.266,0.2229
Moon,9.729,3.079,45.231,0.153
Moon,10.294,7.508,33.919,0.2967
Moon,9.291,6.184,6.863,0.2233
Moon,10.455,2.992,47.154,0.1519
Moon,8.938,3.652,7.575,0.156
Moon,10.457,2.396,13.541,0.0974
Moon,10.16,7.798,10.104,0.283
Moon,10.208,4.621,8.896,0.1706
Moon,9.704,7.272,6.284,0.2608
Moon,10.168,3.425,7.751,0.1276
Moon,8.699,7.026,27.122,0.3732
Moon,10.629,1.377,17.643,0.0658
Moon,8.639,7.875,11.327,0.4073
Moon,8.872,7.384,37.935,0.3391
Moon,9.942,3.542,16.306,0.1403
Moon,10.349,6.423,5.947,0.2308
Moon,8.691,6.266,25.921,0.3483
Moon,10.802,7.309,20.522,0.2763
Moon,10.934,3.151,20.93,0.1312
Moon,10.015,4.259,27.264,0.1763
Moon,9.703,7.055,38.446,0.2854
Moon,10.353,6.45,35.824,0.2616
Moon,9.321,3.754,51.863,0.1833
Moon,9.733,6.92,30.886,0.2731
Moon,10.79,1.329,28.628,0.0751
Moon,10.889,6.474,15.671,0.2423
Moon,10.818,2.447,42.769,0.1284
Moon,9.156,3.003,12.039,0.1171
Moon,9.081,4.453,29.557,0.1854
Moon,9.244,4.148,26.066,0.1713
Moon,9.603,4.644,37.915,0.2005
Moon,9.285,4.813,50.881,0.2194
Moon,9.436,3.321,52.33,0.1686
Moon,10.052,2.227,13.39,0.0913
Moon,10.406,6.379,18.091,0.2414
Moon,10.339,3.8,45.582,0.1786
Moon,10.536,4.541,30.914,0.1898
Moon,8.58,5.513,27.652,0.3604
Moon,8.619,7.367,40.531,0.4253
Moon,10.473,5.953,35.096,0.2434
Moon,9.833,1.318,53.536,0.0997
Moon,9.945,6.87,34.199,0.2746
Moon,8.631,7.925,28.299,0.4285
Moon,9.138,4.307,32.141,0.1829
Moon,10.096,7.787,45.427,0.318
Moon,10.648,4.831,35.634,0.2047
Moon,10.792,4.217,37.352,0.185
Moon,9.751,3.32,53.572,0.1698
Moon,9.864,5.603,35.92,0.232
Moon,10.583,2.609,24.014,0.1153
Moon,9.844,1.735,39.566,0.1003
Moon,9.792,1.191,37.973,0.0796
Moon,10.763,3.047,5.692,0.1123
Moon,10.475,3.77,28.366,0.1603
Moon,10.773,4.865,42.145,0.2124
Moon,9.046,3.049,29.952,0.1367
Moon,9.811,7.888,43.981,0.3201
Moon,10.606,3.042,27.544,0.134
Moon,8.778,4.087,54.166,0.2712
Moon,10.487,1.723,19.645,0.0799
Moon,8.957,2.824,9.606,0.1226
Moon,10.52,1.338,26.501,0.0733
Moon,10.03,4.917,32.085,0.2042
Moon,8.983,6.257,22.455,0.2471
Moon,9.683,2.37,17.114,0.1001
Moon,10.205,3.575,38.603,0.1637
Moon,10.085,1.116,23.856,0.0629
Moon,9.568,6.877,36.568,0.2773
Moon,10.748,6.46,43.954,0.27
Moon,9.798,1.443,43.05,0.0935
Moon,9.765,3.554,23.765,0.1482
Moon,8.656,7.687,33.395,0.4172
Moon,10.805,3.744,27.483,0.1585
Moon,8.943,4.683,48.54,0.2315
Moon,9.821,3.487,48.938,0.171
Moon,10.509,5.173,22.187,0.2032
Moon,9.039,7.847,9.587,0.2842
Moon,9.818,7.983,13.379,0.2928
Moon,9.102,6.423,23.35,0.2482
Moon,10.399,3.83,33.212,0.1673
Moon,9.911,4.461,37.839,0.194
Moon,10.64,3.497,21.569,0.144
Moon,10.736,7.899,38.375,0.3148
Moon,10.122,5.954,51.887,0.2603
Moon,10.313,4.143,37.601,0.1826
Moon,9.873,1.085,12.928,0.0509
Moon,9.461,4.643,33.983,0.1965
Moon,10.12,7.887,32.095,0.3082
Moon,10.771,4.661,48.535,0.2117
Moon,9.542,2.277,22.515,0.1022
Moon,9.286,1.155,26.147,0.0666
Moon,9.471,3.483,34.933,0.1568
Moon,9.588,7.428,31.221,0.2912
Moon,8.684,7.976,40.951,0.4255
Moon,9.746,7.618,7.019,0.2736
Moon,9.736,6.106,33.176,0.2469
Moon,9.971,4.907,11.084,0.1828
Moon,9.407,5.135,20.76,0.2005
Moon,10.033,4.773,38.081,0.2051
Moon,10.696,5.949,12.871,0.2211
Moon,10.889,3.932,20.442,0.1581
Moon,9.959,5.684,40.15,0.2391
Moon,8.606,1.851,37.54,0.2335
Moon,10.923,2.86,9.552,0.1096
Moon,10.265,6.852,33.863,0.2737
Moon,9.34,7.326,12.363,0.2688
Moon,8.868,4.773,17.614,0.2287
Moon,8.859,1.221,27.961,0.1179
Moon,8.919,7.489,10.467,0.2995
Moon,8.614,5.914,54.682,0.3904
Moon,10.755,3.898,13.268,0.1497
Moon,9.852,5.189,44.066,0.2257
Moon,10.25,4.008,46.492,0.1868
Moon,10.57,4.257,54.723,0.2037
Moon,10.479,7.208,26.433,0.2787
Moon,10.707,2.128,48.705,0.1232
Moon,10.918,1.726,52.877,0.1133
Moon,9.598,1.019,13.645,0.0493
Moon,10.876,3.198,28.972,0.1409
Moon,10.308,2.032,8.001,0.0791
Moon,8.677,2.54,36.036,0.2327
Moon,10.204,1.079,34.07,0.0718
Moon,10.217,2.59,15.206,0.1059
Moon,10.765,3.329,44.895,0.1614
Moon,9.432,1.221,6.863,0.0496
Moon,9.962,5.255,45.311,0.2292
Moon,8.53,4.982,6.332,0.3372
Moon,9.33,1.679,37.841,0.0966
Moon,8.656,5.165,8.938,0.3045
Moon,9.805,7.991,17.561,0.2972
Moon,10.544,7.611,41.096,0.3075
Moon,9.016,1.019,19.02,0.0547
Moon,9.819,6.568,30.559,0.2604
Moon,9.01,3.475,50.762,0.1724
Moon,8.802,1.446,7.482,0.1242
Moon,9.777,3.072,45.554,0.1531
Moon,8.698,3.252,8.264,0.2228
Moon,9.968,4.663,11.34,0.1745
Moon,8.578,5.628,10.966,0.3485
Moon,8.767,6.243,54.705,0.351
Moon,9.875,2.721,14.009,0.1093
Moon,9.979,3.252,49.838,0.1637
Moon,8.572,3.159,54.547,0.3076
Moon,9.933,3.539,24.189,0.1481
Moon,10.596,7.998,36.552,0.3165
Moon,10.306,6.446,43.955,0.2696
Moon,8.828,7.825,24.632,0.3559
Moon,9.981,5.852,13.091,0.2179
Moon,10.181,3.844,26.688,0.1612
Moon,8.593,3.728,43.594,0.3097
Moon,10.638,4.42,44.038,0.1987
Moon,10.766,3.918,16.527,0.1537
Moon,10.626,6.798,13.748,0.2517
Moon,10.562,4.255,51.028,0.2
Moon,10.362,3.069,7.2,0.1146
Moon,10.084,6.424,41.737,0.2666
Moon,10.197,6.981,7.321,0.2517
Moon,10.516,3.943,46.895,0.1849
Moon,10.156,5.675,50.271,0.2489
Moon,9.319,1.412,19.871,0.0693
Moon,9.44,4.706,8.697,0.1734
Moon,10.743,1.315,29.034,0.0751
Moon,8.543,1.204,19.923,0.2145
Moon,10.247,5.29,25.857,0.211
Moon,10.887,3.123,38.249,0.1476
Moon,10.266,6.198,15.491,0.2324
Moon,10.985,7.273,22.848,0.2774
Moon,10.219,1.976,44.128,0.1133
Moon,8.586,6.072,37.188,0.3877
Moon,10.568,4.602,21.314,0.1824
Moon,9.212,1.785,38.215,0.1007
Moon,9.615,5.561,43.266,0.2379
Moon,9.28,5.266,34.624,0.2189
Moon,9.171,4.609,16.975,0.1783
Moon,9.579,7.485,5.012,0.267
Moon,9.447,4.648,45.142,0.2078
Moon,10.083,7.934,46.132,0.3238
Moon,10.533,4.565,39.88,0.1996
Moon,9.243,1.811,8.829,0.0722
Moon,9.034,4.293,34.261,0.1845
Moon,10.167,2.276,46.051,0.1257
Moon,10.176,5.18,24.483,0.2058
Moon,10.753,5.852,14.9,0.2197
Moon,8.54,4.279,34.381,0.3375
Moon,10.633,1.684,46.315,0.1053
Moon,9.803,4.28,7.443,0.1573
Moon,10.053,1.57,34.848,0.0898
Moon,8.728,5.775,37.159,0.3298
Moon,9.582,6.533,35.118,0.2638
Moon,9.068,7.737,37.502,0.3083
Moon,9.136,2.042,36.569,0.108
Moon,9.76,4.727,11.52,0.177
Moon,10.531,4.973,16.747,0.1908
Moon,10.359,7.457,35.95,0.297
Moon,9.977,5.391,5.885,0.1946
Moon,9.849,2.019,36.737,0.1074
Moon,9.568,4.054,38.269,0.1802
Moon,10.932,5.583,16.959,0.2124
Moon,9.9,5.902,34.907,0.2415
Moon,9.135,7.042,31.705,0.2782
Moon,9.075,2.264,18.035,0.0973
Moon,10.028,7.661,28.149,0.2963
Moon,9.807,1.414,50.481,0.1
Moon,8.519,7.886,26.33,0.4626
Moon,10.575,7.004,36.492,0.2816
Moon,10.26,5.622,6.768,0.2035
Moon,10.155,6.145,8.89,0.224
Moon,8.672,1.509,9.065,0.1712
Moon,9.405,1.29,43.912,0.0891
Moon,10.838,1.712,22.513,0.0824
Moon,10.656,1.612,16.381,0.0728
Moon,9.214,4.832,42.366,0.2115
Moon,8.893,2.508,13.498,0.1371
Moon,9.623,7.021,17.325,0.2631
Moon,9.39,4.12,26.547,0.1708
Moon,10.206,5.869,21.572,0.227
Moon,10.916,5.57,34.27,0.2292
Moon,9.408,3.239,21.892,0.1353
Moon,8.656,2.702,24.648,0.234
Moon,10.744,3.397,48.144,0.167
Moon,8.595,6.577,49.227,0.4144
Moon,10.882,5.104,46.386,0.225
Moon,10.161,2.775,48.242,0.1454
Moon,10.854,6.725,33.486,0.2689
Moon,8.999,1.383,37.312,0.086
Moon,8.602,5.894,32.859,0.3719
Moon,9.721,4.074,44.279,0.1869
Moon,9.627,6.119,32.55,0.2467
Moon,9.329,7.492,10.554,0.2728
Moon,10.894,6.25,45.479,0.2642
Moon,10.556,4.094,43.029,0.1863
Moon,10.154,2.057,46.015,0.118
Moon,8.907,6.644,14.521,0.278
Moon,10.336,4.225,18.581,0.1665
Moon,10.318,1.527,19.788,0.0732
Moon,9.563,6.033,30.404,0.2416
Moon,10.812,3.043,11.694,0.1182
Moon,8.917,1.342,24.269,0.0988
Moon,9.168,7.319,14.108,0.2703
Moon,8.658,4.382,18.238,0.2856
Moon,10.489,2.967,40.319,0.1442
Moon,10.054,6.015,47.741,0.2583
Moon,9.287,7.201,6.145,0.2582
Moon,8.91,1.002,33.295,0.0985
Moon,8.6,5.815,6.803,0.3435
Moon,8.917,6.369,9.262,0.2599
Moon,9.633,2.469,40.254,0.1267
Moon,9.118,4.427,41.78,0.1967
Moon,9.147,1.625,45.699,0.1026
Moon,10.689,6.227,28.712,0.2467
Moon,9.788,6.932,47.99,0.2906
Moon,10.323,1.757,13.342,0.0748
Moon,8.589,6.715,17.486,0.3894
Moon,9.413,6.401,11.725,0.2358
Moon,9.698,3.428,44.877,0.1649
Moon,8.966,5.832,16.434,0.2319
Moon,8.8,1.0,12.776,0.1143
Moon,10.676,7.523,36.156,0.2994
Moon,10.849,4.853,8.854,0.1787
Moon,8.697,5.342,7.245,0.2952
Moon,9.373,5.653,10.336,0.2082
Moon,10.896,4.93,5.012,0.1775
Moon,8.708,6.997,39.85,0.3821
Moon,10.109,5.268,33.112,0.2175
Moon,10.931,7.354,15.494,0.2729
Moon,10.946,5.076,16.65,0.1943
Moon,9.678,2.198,45.548,0.1225
Moon,8.907,7.395,30.091,0.32
Moon,9.005,5.771,39.926,0.2419
Moon,10.724,5.895,27.638,0.234
Moon,10.779,7.898,16.886,0.2933
Moon,10.02,1.526,53.52,0.1069
Moon,10.415,4.0,33.282,0.1733
Moon,10.35,2.674,11.549,0.1051
Moon,10.155,5.413,25.305,0.2148
Moon,10.568,6.648,21.467,0.2541
Moon,10.214,7.764,15.704,0.2875
Moon,9.835,4.182,51.672,0.198
Moon,9.092,6.504,49.046,0.2767
Moon,10.36,7.419,14.957,0.2746
Moon,9.684,5.783,22.607,0.225
Moon,9.237,2.699,43.116,0.1376
Moon,10.505,5.255,15.425,0.1993
Moon,10.242,7.79,34.578,0.3072
Moon,10.843,7.913,39.99,0.3169
Moon,8.914,5.497,37.699,0.2589
Moon,10.123,7.209,40.32,0.2926
Moon,9.111,2.402,40.335,0.1244
Moon,10.759,2.723,53.24,0.1485
Moon,8.749,7.67,22.325,0.3745
Moon,10.14,1.947,48.93,0.1171
Moon,10.478,2.338,6.09,0.0879
Moon,9.387,3.944,19.41,0.1574
Moon,10.885,5.127,7.433,0.1869
Moon,10.627,5.227,37.56,0.2205
Moon,9.237,3.044,10.04,0.1166
Moon,8.519,7.444,47.285,0.4682
Moon,9.242,7.406,37.33,0.2965
Moon,9.203,3.744,6.441,0.1375
Moon,10.725,4.04,40.739,0.1821
Moon,10.918,5.917,48.102,0.2552
Moon,8.676,5.641,38.056,0.3435
Moon,9.678,3.676,6.526,0.1352
Moon,9.871,3.9,47.896,0.1844
Moon,8.732,3.436,41.623,0.2511
Moon,9.444,2.648,23.923,0.1166
Moon,9.293,4.207,21.432,0.1687
Moon,9.84,5.805,28.991,0.2322
Moon,10.153,6.194,48.355,0.2651
Moon,10.259,6.452,17.603,0.2434
Moon,8.842,3.623,10.048,0.1896
Moon,10.532,6.352,48.232,0.2706
Moon,10.196,1.046,6.314,0.0429
Moon,10.723,4.339,50.55,0.2024
Moon,9.623,6.557,20.287,0.2498
Moon,10.735,5.41,30.411,0.2198
Moon,10.664,4.318,11.615,0.1628
Moon,9.596,5.512,50.113,0.2431
Moon,9.453,7.349,42.492,0.2997
Moon,10.832,4.965,51.208,0.225
Moon,10.288,6.599,39.161,0.2701
Moon,10.821,7.865,14.235,0.2895
Moon,10.492,5.939,20.413,0.2283
Moon,10.023,5.013,29.342,0.2048
Moon,8.79,1.262,35.363,0.1497
Moon,9.229,3.621,51.323,0.1781
Moon,10.922,4.958,24.198,0.1977
Moon,9.299,6.58,40.154,0.2705
Moon,8.733,4.067,53.05,0.2843
Moon,10.269,7.72,12.619,0.2828
Moon,10.335,2.903,48.135,0.1497
Moon,9.214,6.212,26.035,0.2435
Moon,9.244,3.933,41.621,0.1793
Moon,9.672,4.402,19.677,0.1737
Moon,8.554,6.618,21.699,0.4018
Moon,10.473,3.074,6.357,0.1139
Moon,9.293,1.678,53.57,0.1123
Moon,10.634,4.642,45.673,0.2081
Moon,10.507,4.702,9.696,0.1743
Moon,10.154,6.58,54.975,0.2853
Moon,9.312,7.778,35.251,0.3075
Moon,9.791,1.387,47.686,0.0962
Moon,9.612,5.142,8.333,0.1883
Moon,9.347,5.769,24.473,0.2264
Moon,10.62,7.901,38.483,0.315
Moon,9.709,7.598,10.322,0.2763
Moon,10.582,5.987,29.445,0.239
Moon,8.763,4.653,27.134,0.269
Moon,8.853,2.131,15.802,0.1395
Moon,10.943,3.689,20.013,0.1491
Moon,9.969,5.096,53.356,0.2317
Moon,9.774,6.076,19.432,0.2321
Moon,9.808,5.448,15.671,0.2063
Moon,9.038,5.999,31.81,0.2418
Moon,10.297,4.004,38.548,0.1787
Moon,8.712,6.093,41.255,0.3505
Moon,9.933,2.006,42.712,0.1129
Moon,9.927,2.138,6.842,0.0817
Moon,10.785,2.14,24.688,0.0996
Moon,9.815,7.236,43.698,0.297
Moon,8.843,1.532,50.243,0.1563
Moon,9.932,6.611,35.11,0.2665
Moon,8.728,2.635,7.615,0.1904
Moon,9.009,4.279,24.832,0.1746
Moon,8.578,7.412,8.711,0.4089
Moon,9.783,5.102,42.427,0.221
Moon,8.711,2.471,8.175,0.1909
Moon,9.673,2.989,14.287,0.1189
Moon,10.832,7.443,25.848,0.2864
Moon,10.299,3.99,28.132,0.1678
Moon,8.694,5.109,25.324,0.3063
Moon,9.061,4.22,28.17,0.1759
Moon,10.184,3.649,40.662,0.1684
Moon,10.737,2.563,23.463,0.1132
Moon,8.582,5.803,32.388,0.3747
Moon,10.531,6.028,20.168,0.2311
Moon,9.905,2.924,22.681,0.125
Moon,9.865,6.523,35.69,0.264
Moon,10.895,6.982,29.525,0.2739
Moon,10.369,7.445,41.152,0.3017
Moon,10.625,2.128,33.027,0.1075
Moon,9.385,3.127,45.179,0.1546
Moon,9.886,7.022,27.17,0.273
Moon,10.039,2.39,29.552,0.1132
Moon,9.304,1.024,38.499,0.0743
Moon,9.926,7.096,16.062,0.2644
Moon,9.092,3.285,24.296,0.1393
Moon,8.858,3.901,36.242,0.22
Moon,9.435,4.124,6.444,0.1508
Moon,10.348,6.938,26.849,0.2697
Moon,10.79,3.365,34.942,0.1527
Moon,9.644,7.246,53.369,0.307
Moon,10.107,5.319,48.851,0.235
Moon,8.758,4.691,19.037,0.264
Moon,10.761,3.279,30.361,0.1451
Moon,9.922,2.706,7.821,0.1025
Moon,10.451,5.368,17.038,0.2049
Moon,10.486,4.128,43.743,0.1882
Moon,9.141,7.374,11.166,0.2692
Moon,9.823,4.441,17.885,0.1733
Moon,10.901,4.583,52.202,0.2126
Moon,8.724,3.917,46.193,0.2753
Moon,10.208,6.525,44.091,0.2725
Moon,10.906,3.974,48.228,0.1873
Moon,9.251,2.885,42.48,0.1435
Moon,10.654,7.034,11.029,0.2572
Moon,10.834,5.178,30.828,0.2121
Moon,10.368,5.141,27.212,0.2071
Moon,9.078,5.276,20.558,0.2052
Moon,9.335,6.032,46.702,0.2578
Moon,8.59,3.191,28.207,0.2767
Moon,10.579,1.237,8.015,0.0513
Moon,10.624,6.674,18.748,0.2523
Moon,10.082,1.902,16.431,0.083
Moon,9.381,6.053,49.374,0.2612
Moon,8.692,1.576,37.372,0.1952
Moon,10.383,3.627,33.019,0.16
Moon,10.316,1.441,30.332,0.0808
Moon,10.782,4.655,37.506,0.2004
Moon,10.326,5.572,42.744,0.2378
Moon,10.572,2.2,32.719,0.1097
Moon,10.365,3.601,51.914,0.178
Moon,10.077,7.512,53.842,0.3168
Moon,9.567,4.097,54.767,0.1982
Moon,10.755,6.618,38.47,0.2701
Moon,10.127,7.49,51.631,0.3138
Moon,9.496,7.82,25.224,0.2989
Moon,8.709,7.288,47.98,0.4002
Moon,9.227,3.222,50.459,0.1632
Moon,9.859,7.738,50.207,0.321
Moon,9.189,6.687,46.542,0.2806
Moon,9.053,6.86,25.33,0.2654
Moon,9.818,1.106,12.945,0.0517
Moon,8.925,7.68,21.698,0.3156
Moon,10.501,6.447,43.364,0.269
Moon,9.711,6.376,16.644,0.2398
Moon,9.935,1.571,28.914,0.0839
Moon,8.868,2.628,33.27,0.1691
Moon,9.311,7.736,35.193,0.3059
Moon,9.525,4.505,51.786,0.2095
Moon,10.521,3.785,38.075,0.1705
Moon,10.425,6.88,44.315,0.2851
Moon,9.057,1.611,34.094,0.0905
Moon,10.04,3.919,46.679,0.1838
Moon,9.109,3.63,18.183,0.1452
Moon,10.971,3.449,15.494,0.1362
Moon,10.88,3.154,51.316,0.1617
Moon,9.908,2.471,39.674,0.1261
Moon,10.247,2.21,38.576,0.1159
Moon,10.504,5.483,28.365,0.2203
Moon,10.302,7.436,23.835,0.2841
Moon,10.25,4.562,32.785,0.1925
Moon,10.896,3.086,11.028,0.119
Moon,9.991,2.114,27.736,0.1017
Moon,10.091,6.811,27.768,0.2662
Moon,10.623,7.8,31.917,0.3049
Moon,10.175,3.444,36.734,0.1573
Moon,10.332,3.037,52.866,0.1591
Moon,9.085,5.21,37.608,0.22
Moon,9.428,6.427,49.186,0.2741
Moon,8.868,4.188,32.815,0.2233
Moon,9.764,5.411,36.346,0.2257
Moon,9.639,6.016,8.492,0.219
Moon,10.993,7.724,11.663,0.282
Moon,10.028,2.155,33.984,0.1094
Moon,10.466,7.982,24.786,0.3041
Moon,9.335,3.745,44.941,0.176
Moon,10.579,6.062,32.159,0.2443
Moon,10.038,5.007,49.115,0.2244
Moon,10.242,4.407,53.617,0.2079
Moon,9.236,5.887,12.382,0.2184
Moon,9.872,3.77,24.741,0.1567
Moon,10.085,1.883,38.249,0.1041
Moon,9.973,4.422,20.274,0.1751
Moon,10.788,4.653,18.352,0.1812
Moon,10.746,2.413,45.687,0.1302
Moon,10.927,7.549,54.019,0.3182
Moon,10.169,2.592,43.69,0.1344
Moon,10.93,3.865,31.184,0.1664
Moon,10.581,2.085,27.126,0.1001
Moon,9.177,4.751,31.982,0.1983
Moon,9.569,3.153,28.142,0.1385
Moon,9.096,4.425,30.144,0.185
Moon,8.51,2.572,15.173,0.2684
Moon,8.97,1.376,50.187,0.1083
Moon,8.51,6.455,42.727,0.4319
Moon,10.3,5.488,39.049,0.2311
Moon,9.564,3.385,52.496,0.171
Moon,9.281,1.332,19.22,0.0659
Moon,10.404,7.059,9.058,0.2561
Moon,10.581,2.189,46.307,0.1229
Moon,10.938,7.515,54.921,0.318
Moon,10.105,4.35,33.922,0.1862
Moon,9.654,3.383,7.94,0.1263
Moon,9.263,6.192,44.023,0.2608
Moon,9.056,7.138,8.687,0.2585
Moon,9.032,3.595,32.001,0.1578
Moon,9.523,3.851,18.877,0.1537
Moon,10.979,4.032,50.751,0.1919
Moon,8.502,7.456,27.567,0.4545
Moon,8.993,5.848,49.923,0.2569
Moon,8.971,2.734,19.954,0.1253
Moon,10.293,2.295,24.368,0.1047
Moon,9.381,2.613,52.356,0.1438
Moon,9.643,2.845,15.066,0.1146
Moon,8.872,2.611,33.925,0.1681
Moon,9.512,5.61,24.426,0.2208
Moon,8.758,1.812,43.708,0.1878
Moon,9.833,3.712,11.465,0.1414
Moon,8.745,5.375,26.861,0.3001
Moon,10.476,3.036,39.947,0.1462
Moon,9.917,1.457,25.351,0.0763
Moon,10.31,1.573,7.927,0.063
Moon,9.546,1.882,40.256,0.1061
Moon,9.454,6.851,30.16,0.2699
Moon,8.746,5.605,5.565,0.2866
Moon,9.81,1.452,35.633,0.0864
Moon,9.786,3.737,50.994,0.1818
Moon,9.67,2.95,10.551,0.1138
Moon,10.351,5.046,34.534,0.2112
Moon,10.581,4.66,41.433,0.2045
Moon,10.377,4.368,8.539,0.1614
Moon,8.86,3.202,6.131,0.165
Moon,10.055,1.965,28.21,0.097
Moon,8.701,6.197,44.559,0.3612
Moon,10.237,7.159,13.036,0.2636
Moon,9.455,7.609,46.832,0.3131
Moon,8.831,1.41,37.829,0.1434
Moon,10.655,6.179,21.609,0.2379
Moon,10.035,6.086,30.791,0.2438
Moon,9.387,7.63,53.279,0.3203
Moon,8.577,2.77,15.822,0.2538
Moon,9.843,6.195,29.977,0.2468
Moon,10.808,1.382,36.224,0.0846
Moon,9.991,5.419,11.901,0.2016
Moon,10.929,3.456,7.176,0.1281
Moon,8.841,6.382,5.673,0.282
Moon,9.921,7.043,21.235,0.2677
Moon,10.495,3.554,8.697,0.1331
Moon,9.814,4.679,45.188,0.209
Moon,8.728,1.822,54.866,0.2094
Moon,9.957,3.918,8.065,0.1452
Moon,10.029,3.526,26.636,0.15
Moon,10.322,2.282,6.287,0.0862
Moon,10.403,7.261,11.7,0.2658
Moon,10.427,2.037,21.146,0.0924
Moon,10.159,5.45,24.685,0.2154
Moon,9.04,7.231,51.989,0.3051
Moon,9.511,7.384,24.792,0.2832
Moon,10.44,6.553,29.814,0.2592
Moon,10.884,2.233,17.279,0.0954
Moon,8.697,6.722,5.006,0.3412
Moon,9.839,2.936,49.967,0.1527
Moon,9.281,7.457,9.086,0.2701
Moon,9.063,5.964,53.212,0.2619
Moon,9.765,6.497,11.542,0.2389
Moon,10.015,1.595,35.244,0.0911
Moon,8.524,5.079,54.971,0.3913
Moon,10.451,6.748,11.923,0.2481
Moon,10.55,7.031,26.197,0.2723
Moon,10.914,1.2,44.021,0.086
Moon,8.952,7.574,6.61,0.2878
Moon,9.986,1.303,39.489,0.0851
Moon,9.567,5.302,9.019,0.1946
Moon,9.337,5.854,16.826,0.2217
Moon,9.914,1.751,13.004,0.0743
Moon,10.456,1.336,50.367,0.0971
Moon,8.558,6.494,14.023,0.3888
Moon,10.924,3.693,7.022,0.1363
Moon,10.525,1.75,34.381,0.0956
Moon,10.378,6.339,22.309,0.2442
Moon,10.401,6.944,25.285,0.2683
Moon,9.473,5.112,10.953,0.1899
Moon,10.379,2.129,42.412,0.1169
Moon,9.467,1.107,35.078,0.0738
Moon,10.747,5.906,23.211,0.2299
Moon,8.943,4.851,13.579,0.2023
Moon,9.231,5.556,34.673,0.2291
Moon,9.878,6.692,43.93,0.2782
Moon,9.298,4.04,20.62,0.162
Moon,9.561,1.872,6.293,0.0718
Moon,9.731,7.58,15.717,0.281
Moon,10.641,4.817,39.12,0.2077
Moon,9.808,5.307,54.455,0.2402
Moon,9.406,7.534,5.669,0.2694
Moon,9.119,7.521,20.308,0.2835
Moon,9.522,5.005,8.101,0.1833
Moon,9.789,3.083,20.817,0.1287
Moon,10.365,7.98,25.296,0.3046
Moon,8.803,5.766,51.043,0.3186
Moon,9.054,3.859,9.028,0.1441
Moon,9.449,4.919,43.857,0.216
Moon,9.401,3.911,24.777,0.1617
Moon,9.479,7.218,45.563,0.2982
Moon,10.484,4.377,30.67,0.1839
Moon,9.31,6.765,6.964,0.2437
Moon,9.755,6.881,52.31,0.2932
Moon,10.06,6.77,9.137,0.2461
Moon,9.08,6.055,34.884,0.2468
Moon,10.297,6.984,48.883,0.2933
Moon,9.868,3.711,8.988,0.1389
Moon,9.617,1.803,32.695,0.0958
Moon,10.524,6.897,46.214,0.2876
Moon,9.109,4.487,54.316,0.2114
Moon,10.708,1.892,41.216,0.1074
Moon,9.903,1.807,18.917,0.0822
Moon,10.023,2.115,39.979,0.114
Moon,10.688,6.257,40.288,0.2593
Moon,10.544,5.976,39.998,0.2492
Moon,10.004,2.427,47.713,0.1326
Moon,10.383,6.928,9.369,0.2519
Moon,9.583,2.969,10.421,0.1143
Moon,9.868,6.551,37.031,0.2663
Moon,8.655,4.422,52.694,0.3224
Moon,8.725,6.121,28.292,0.3343
Moon,10.574,3.67,53.028,0.1815
Moon,8.649,3.43,51.904,0.2889
Moon,8.923,6.89,50.145,0.3168
Moon,10.49,1.247,50.493,0.0941
Moon,8.503,7.823,49.916,0.4894
Moon,9.206,5.537,45.994,0.2398
Moon,9.96,4.027,39.749,0.1807
Moon,9.989,5.396,6.22,0.1951
Moon,10.443,1.859,11.613,0.0767
Moon,9.765,4.598,11.712,0.1727
Moon,9.774,7.896,6.177,0.2825
Moon,10.313,2.647,10.835,0.1035
Moon,9.747,6.056,50.987,0.2629
Moon,10.021,4.045,38.19,0.1798
Moon,10.744,5.567,20.604,0.2155
Moon,9.504,2.434,44.668,0.1299
Moon,9.463,4.293,29.418,0.1797
Moon,8.509,7.861,12.106,0.4509
Moon,10.034,2.367,49.225,0.1321
Moon,8.574,5.455,21.933,0.3547
Moon,9.76,5.029,39.943,0.216
Moon,10.511,4.955,19.53,0.193
Moon,9.875,5.306,30.004,0.2157
Moon,9.174,4.516,45.813,0.2039
Moon,10.465,1.119,12.839,0.052
Moon,9.174,7.301,53.863,0.3094
Moon,10.333,6.789,8.511,0.2461
Moon,10.026,2.219,31.7,0.1094
Moon,8.925,3.893,50.801,0.2121
Moon,10.763,6.394,52.285,0.2761
Moon,9.002,7.86,16.605,0.2917
Moon,10.974,7.658,12.199,0.2802
Moon,8.518,7.296,41.22,0.4571
Moon,9.159,2.109,7.099,0.0809
Moon,9.0,7.401,29.262,0.2884
Moon,8.535,7.149,44.818,0.45
Moon,10.331,3.639,33.013,0.1604
Moon,10.234,3.762,14.401,0.1461
Moon,10.481,4.219,29.352,0.177
Moon,9.142,5.593,51.064,0.2468
Moon,9.611,2.826,35.861,0.1348
Moon,10.148,1.161,41.075,0.0817
Moon,9.599,1.989,21.813,0.0914
Moon,10.243,4.081,14.424,0.1573
Moon,10.085,2.974,17.782,0.1219
Moon,8.787,6.352,31.659,0.3251
Moon,10.453,1.747,19.011,0.0802
Moon,10.302,7.422,32.098,0.2919
Moon,10.14,7.267,40.39,0.2947
Moon,8.888,7.361,41.72,0.3368
Moon,9.17,6.177,13.234,0.2294
Moon,9.483,1.749,42.522,0.1037
Moon,9.2,4.067,38.634,0.181
Moon,9.07,1.92,5.6,0.0728
Moon,10.513,7.914,7.944,0.2849
Moon,10.096,3.331,37.312,0.1539
Moon,9.914,5.097,24.185,0.2026
Moon,9.065,6.456,12.305,0.2383
Moon,10.795,7.444,7.22,0.2678
Moon,8.978,6.289,12.97,0.2404
Moon,10.487,5.722,52.876,0.2531
Moon,10.917,4.262,41.378,0.1905
Moon,10.318,5.238,31.385,0.2147
Moon,10.982,1.659,52.077,0.1101
Moon,10.128,7.187,35.956,0.2875
Moon,9.044,4.806,41.282,0.2095
Moon,9.01,1.281,19.133,0.064
Moon,9.311,7.439,34.449,0.2948
Moon,8.518,4.425,12.174,0.3278
Moon,10.204,7.08,25.224,0.273
Moon,9.172,6.998,6.662,0.2516
Moon,10.538,6.71,15.831,0.2507
Moon,9.398,1.43,8.743,0.0588
Moon,9.7,2.729,24.389,0.1199
Moon,10.914,7.129,47.152,0.2967
Moon,9.105,7.293,23.897,0.2791
Moon,10.303,4.206,46.582,0.1938
Moon,10.388,4.08,37.825,0.1806
Moon,9.052,2.226,30.476,0.1084
Moon,9.752,7.779,16.845,0.2891
Moon,9.376,2.492,51.108,0.1383
Moon,10.43,2.337,7.71,0.0895
Moon,10.056,5.625,39.446,0.2363
Moon,9.69,2.7,36.062,0.1306
Moon,10.448,7.571,27.052,0.2921
Moon,9.088,1.076,17.016,0.0547
Moon,10.384,1.04,26.535,0.0629
Moon,10.663,4.534,48.639,0.2073
Moon,10.697,4.416,46.838,0.2014
Moon,10.459,2.144,52.069,0.1271
Moon,9.52,4.462,20.39,0.1765
Moon,10.955,3.882,24.355,0.1602
Moon,9.449,7.232,5.936,0.2591
Moon,10.097,1.065,52.147,0.0894
Moon,8.903,7.834,21.47,0.3281
Moon,10.951,5.371,25.208,0.2132
Moon,10.26,2.063,50.39,0.1226
Moon,10.383,1.327,31.33,0.0778
Moon,8.664,4.767,33.309,0.312
Moon,10.409,2.644,13.812,0.1064
Moon,10.437,3.108,29.933,0.1387
Moon,10.179,2.716,50.91,0.146
Moon,9.23,5.551,32.936,0.2272
Moon,9.724,4.875,17.756,0.1884
Moon,8.776,1.546,6.559,0.1353
Moon,9.679,4.686,21.815,0.1858
Moon,9.11,6.538,33.63,0.2625
Moon,9.373,1.568,7.131,0.062
Moon,8.907,7.228,35.49,0.3196
Moon,9.075,5.048,31.171,0.2079
Moon,8.691,7.654,44.172,0.4149
Moon,10.8,2.037,6.444,0.0777
Moon,9.826,7.955,44.042,0.3225
Moon,9.492,5.51,31.044,0.2239
Moon,9.838,4.972,23.526,0.1976
Moon,10.071,4.607,53.269,0.2145
Moon,10.805,1.166,13.006,0.0538
Moon,8.947,7.577,32.066,0.315
Moon,9.239,5.508,21.049,0.2138
Moon,10.939,1.641,31.374,0.0888
Moon,9.428,1.147,32.614,0.0727
Moon,8.556,1.355,9.472,0.2048
Moon,8.869,5.266,38.057,0.266
Moon,8.566,5.298,36.724,0.3669
Moon,10.975,4.498,43.473,0.2009
Moon,9.197,3.147,9.533,0.1197
Moon,10.809,4.722,19.863,0.1851
Moon,10.99,4.614,37.506,0.199
Moon,10.0,1.136,11.837,0.0516
Moon,8.583,2.977,38.88,0.2821
Moon,8.704,1.372,7.951,0.1547
Moon,9.704,7.301,21.747,0.2773
Moon,9.515,6.077,47.336,0.26
Moon,10.015,7.973,43.715,0.3228
Moon,9.597,3.115,37.238,0.1463
Moon,10.835,7.149,48.523,0.2988
Moon,9.837,5.221,40.463,0.2232
Moon,10.234,4.172,30.969,0.177
Moon,10.741,2.558,53.986,0.1435
Moon,8.867,6.169,39.743,0.2999
Moon,9.074,7.329,35.068,0.2916
Moon,8.768,2.647,25.444,0.1953
Moon,8.849,2.228,50.121,0.1784
Moon,9.781,5.874,19.785,0.2254
Moon,9.303,7.839,5.461,0.2798
Moon,9.558,6.25,14.837,0.2336
Moon,10.956,2.992,10.476,0.1152
Moon,8.892,3.94,20.95,0.1949
Moon,9.852,3.69,46.294,0.1755
Moon,8.747,6.965,37.576,0.3656
Moon,9.296,6.4,13.449,0.2374
Moon,9.819,5.123,44.441,0.2237
Moon,10.867,2.925,30.211,0.1326
Moon,9.478,7.566,30.636,0.2954
Moon,8.662,5.573,23.106,0.3307
Moon,9.47,7.793,48.231,0.321
Moon,8.864,5.061,20.916,0.2433
Moon,9.075,6.748,9.707,0.2459
Moon,10.045,6.692,20.136,0.2543
Moon,8.669,3.361,40.768,0.2689
Moon,9.662,7.748,37.879,0.3091
Moon,10.024,1.154,14.401,0.0548
Moon,9.555,6.381,10.589,0.2339
Moon,8.548,7.759,38.043,0.4603
Moon,10.964,3.372,38.819,0.1569
Moon,9.418,5.537,23.307,0.2171
Moon,10.446,4.936,47.14,0.2199
Moon,9.314,6.331,53.91,0.2755
Moon,9.688,7.063,15.282,0.2625
Moon,9.471,5.221,33.853,0.2166
Moon,9.356,6.711,5.267,0.2402
Moon,8.555,3.186,40.653,0.3006
Moon,9.4,2.6,25.714,0.1167
Moon,10.724,4.015,14.663,0.1552
Moon,10.226,5.744,42.611,0.2437
Moon,8.864,2.311,45.532,0.1719
Moon,9.978,5.762,10.558,0.2122
Moon,10.731,3.759,7.05,0.1386
Moon,10.25,6.569,21.704,0.2516
Moon,8.872,1.258,36.3,0.1231
Moon,10.67,5.676,44.671,0.2433
Moon,9.254,5.549,32.303,0.2265
Moon,9.635,7.587,34.037,0.2996
Moon,9.815,5.994,44.993,0.2548
Moon,10.626,6.574,31.442,0.2615
Moon,10.829,7.332,35.558,0.2922
Moon,10.824,5.725,30.811,0.2312
Moon,8.52,3.031,49.023,0.3151
Moon,10.805,7.088,16.776,0.2649
Moon,8.636,6.233,18.2,0.3577
Moon,9.164,3.971,11.398,0.1504
Moon,9.787,5.974,45.973,0.2551
Moon,9.7,7.074,25.589,0.2732
Moon,10.012,7.83,22.395,0.2964
Moon,9.699,7.666,54.067,0.3224
Moon,10.836,3.277,51.34,0.166
Moon,9.101,3.952,53.599,0.1919
Moon,9.185,1.767,12.115,0.074
Moon,10.802,2.733,49.563,0.1452
Moon,8.692,7.177,21.435,0.3753
Moon,10.024,3.526,5.633,0.129
Moon,10.204,5.344,24.565,0.2116
Moon,9.764,5.662,30.46,0.2286
Moon,10.236,6.473,10.411,0.237
Moon,8.932,2.28,31.884,0.1344
Moon,10.632,3.134,45.973,0.1557
Moon,8.85,4.138,23.883,0.2187
Moon,9.502,3.554,22.632,0.147
Moon,8.688,7.88,21.941,0.4017
Moon,9.863,6.845,51.155,0.2907
Moon,10.174,4.358,7.438,0.16
Moon,10.853,7.155,27.254,0.2777
Moon,10.348,3.434,18.23,0.1384
Moon,9.853,6.501,49.69,0.2772
Moon,10.832,2.566,9.803,0.0996
Moon,9.696,6.406,25.572,0.2498
Moon,9.903,4.195,25.341,0.1722
Moon,9.99,1.752,49.42,0.1108
Moon,9.525,2.913,15.775,0.1177
Moon,10.596,3.816,37.245,0.1708
Moon,8.963,6.245,11.72,0.2427
Moon,9.887,1.511,52.699,0.1056
Moon,10.306,5.617,34.651,0.2312
Moon,10.76,6.012,36.313,0.2467
Moon,10.71,5.577,26.689,0.2219
Moon,9.772,6.325,22.114,0.2435
Moon,10.108,2.247,15.634,0.0943
Moon,9.486,5.11,35.199,0.214
Moon,9.67,7.588,52.728,0.3183
Moon,10.766,5.275,22.99,0.2076
Moon,10.827,5.279,49.158,0.2339
Moon,10.739,6.155,12.439,0.2279
Moon,8.846,3.332,51.806,0.2198
Moon,10.625,5.903,22.524,0.2291
Moon,10.871,7.414,23.986,0.2835
Moon,9.403,1.076,28.142,0.0658
Moon,9.797,7.091,40.912,0.2891
Moon,10.448,2.53,40.983,0.1295
Moon,9.905,4.191,28.979,0.1757
Moon,10.984,6.966,31.158,0.275
Moon,9.639,6.767,6.501,0.2434
Moon,10.285,7.243,20.215,0.2737
Moon,10.481,7.583,22.301,0.2877
Moon,9.735,4.13,32.936,0.1775
Moon,10.642,5.595,32.915,0.2287
Moon,9.865,3.733,40.495,0.1712
Moon,9.529,3.455,40.851,0.1618
Moon,8.77,4.021,16.761,0.2343
Moon,9.484,6.202,43.509,0.2606
Moon,10.335,4.51,5.98,0.1638
Moon,10.803,6.698,40.808,0.2753
Moon,9.129,6.217,10.103,0.2277
Moon,9.388,1.143,41.482,0.0815
Moon,8.885,5.412,31.356,0.2591
Moon,10.227,4.056,26.863,0.1688
Moon,10.9,4.196,39.533,0.1864
Moon,10.102,6.729,6.819,0.2423
Moon,10.043,4.833,16.174,0.1853
Moon,9.884,7.199,35.822,0.2878
Moon,8.721,5.99,47.361,0.35
Moon,10.324,4.87,24.055,0.1945
Moon,10.005,6.282,17.938,0.2378
Moon,10.154,1.268,30.937,0.0753
Moon,10.747,1.19,36.116,0.0778
Moon,10.46,1.583,26.005,0.0814
Moon,10.452,4.063,48.836,0.191
Moon,10.818,2.648,31.172,0.1239
Moon,10.975,7.89,6.791,0.2829
Moon,9.953,4.796,16.153,0.184
Moon,8.772,5.637,27.532,0.3008
Moon,9.648,2.952,39.886,0.1432
Moon,10.469,3.253,15.988,0.1298
Moon,8.569,3.348,53.813,0.3146
Moon,8.642,5.891,20.928,0.3464
Moon,8.668,4.316,31.624,0.2934
Moon,10.328,4.624,5.948,0.1678
Moon,9.753,5.144,49.245,0.2293
Moon,9.422,6.382,44.442,0.2678
Moon,8.764,1.633,14.773,0.1506
Moon,10.331,6.438,51.662,0.277
Moon,9.303,4.943,20.792,0.1938
Moon,9.163,5.684,39.609,0.2385
Moon,10.131,3.293,45.949,0.1612
Moon,9.898,3.866,42.046,0.1773
Moon,9.406,2.618,50.879,0.1425
Moon,10.104,7.855,48.214,0.3231
Moon,9.178,4.479,54.731,0.2115
Moon,10.487,7.973,14.131,0.2932
Moon,9.073,4.429,20.238,0.1752
Moon,8.897,2.538,36.811,0.16
Moon,10.456,4.552,41.652,0.201
Moon,10.27,1.277,31.73,0.0764
Moon,8.957,7.333,8.696,0.2798
Moon,8.791,6.73,47.08,0.3524
Moon,10.596,6.081,53.044,0.2659
Moon,10.441,5.269,25.276,0.2097
Moon,9.318,5.059,16.241,0.1933
Moon,10.145,7.977,5.966,0.2852
Moon,8.81,2.946,16.865,0.1832
Moon,9.768,6.458,39.996,0.266
Moon,8.547,5.07,50.579,0.3791
Moon,9.479,7.831,9.676,0.2838
Moon,8.687,6.795,32.663,0.3748
Moon,9.688,7.99,39.777,0.3194
Moon,9.554,5.118,18.819,0.198
Moon,9.611,2.432,33.495,0.1186
Moon,8.613,4.526,40.762,0.3281
Moon,9.404,5.978,46.886,0.2561
Moon,10.391,6.421,27.625,0.2523
Moon,9.422,1.004,42.393,0.0775
Moon,10.288,4.535,20.089,0.1788
Moon,9.424,2.647,15.652,0.1083
Moon,9.558,7.124,14.366,0.2637
Moon,9.91,2.07,22.944,0.0954
Moon,10.877,5.665,6.794,0.2051
Moon,8.772,2.862,19.15,0.1953
Moon,8.582,3.496,37.611,0.2992
Moon,10.02,7.584,37.396,0.3028
Moon,10.873,2.683,8.678,0.1026
Moon,10.974,1.665,19.371,0.0776
Moon,9.71,1.485,33.478,0.0855
Moon,9.67,4.532,20.928,0.1796
Moon,10.112,5.492,25.899,0.2181
Moon,9.889,3.291,40.641,0.1558
Moon,10.085,5.832,5.463,0.2096
Moon,10.685,1.427,18.82,0.0688
Moon,10.366,7.001,12.119,0.2572
Moon,9.742,6.716,11.38,0.2464
Moon,9.655,7.898,52.952,0.3294
Moon,10.099,7.556,23.828,0.2883
Moon,9.639,3.493,31.354,0.1536
Moon,9.644,3.795,41.691,0.1745
Moon,8.541,6.222,7.372,0.3782
Moon,8.935,1.939,17.051,0.1065
Moon,9.721,3.198,46.607,0.1585
Moon,10.557,1.83,48.1,0.1121
Moon,9.197,4.184,23.648,0.1701
Moon,9.807,4.864,23.743,0.194
Moon,9.362,2.478,42.845,0.1296
Moon,8.762,1.186,19.754,0.1406
Moon,10.896,6.035,10.855,0.2221
Moon,10.637,1.14,17.877,0.0578
Moon,8.696,7.814,24.367,0.3991
Moon,10.299,2.551,7.61,0.0969
Moon,9.369,5.647,28.934,0.2266
Moon,10.987,4.043,42.0,0.1835
Moon,9.256,1.418,30.687,0.0803
Moon,9.097,4.305,8.595,0.1593
Moon,9.92,4.617,27.007,0.1886
Moon,10.588,6.983,40.445,0.2848
Moon,8.981,6.126,7.905,0.2286
Moon,10.274,1.555,7.992,0.0624
Moon,8.654,2.464,23.53,0.2253
Moon,10.797,3.183,14.748,0.1262
Moon,8.703,1.815,51.739,0.2144
Moon,10.786,4.198,34.067,0.181
Moon,9.727,7.89,19.366,0.2955
Moon,9.62,4.602,40.239,0.2013
Moon,10.933,6.193,23.746,0.2405
Moon,10.976,5.781,11.606,0.2139
Moon,10.125,6.949,16.862,0.2601
Moon,8.818,2.51,37.137,0.1857
Moon,9.765,6.277,7.594,0.2273
Moon,9.823,7.169,18.634,0.2696
Moon,9.786,2.201,15.416,0.0924
Moon,9.924,3.428,15.057,0.135
Moon,8.547,7.791,39.138,0.4629
Moon,10.278,6.466,46.291,0.2726
Moon,10.281,2.978,40.793,0.145
Moon,8.789,4.948,37.286,0.2809
Moon,9.926,3.83,50.823,0.1849
Moon,9.921,4.43,7.92,0.163
Moon,10.206,3.486,13.374,0.1354
Moon,8.713,2.955,25.72,0.2247
Moon,10.066,5.723,23.623,0.2239
Moon,9.202,6.45,25.903,0.2516
Moon,9.768,7.118,15.323,0.2644
Moon,10.433,2.087,12.475,0.0855
Moon,10.264,6.76,30.46,0.2671
Moon,8.797,2.784,51.403,0.2164
Moon,9.978,3.991,24.598,0.1643
Moon,10.923,7.31,7.168,0.263
Moon,8.892,4.182,40.308,0.2227
Moon,10.632,2.379,19.555,0.1028
Moon,10.256,2.119,17.255,0.0914
Moon,10.435,4.311,21.213,0.1721
Moon,9.205,6.339,41.191,0.263
Moon,9.22,7.98,45.941,0.3253
Moon,10.765,6.512,34.403,0.2623
Moon,9.4,7.139,21.124,0.271
Moon,8.658,6.235,20.524,0.3529
Moon,10.001,7.268,11.215,0.2656
Moon,8.812,1.534,51.665,0.168
Moon,10.491,7.51,36.907,0.2997
Moon,10.104,3.775,6.349,0.1385
Moon,10.687,7.451,38.118,0.2989
Moon,10.462,1.53,27.358,0.0809
Moon,8.78,6.007,53.628,0.3371
Moon,9.453,6.15,45.953,0.2612
Moon,10.436,7.978,13.566,0.2928
Moon,9.543,6.382,41.006,0.2644
Moon,10.931,3.678,29.278,0.158
Moon,10.339,4.901,14.352,0.1859
Moon,8.539,3.566,39.937,0.3185
Moon,10.7,2.372,32.369,0.1154
Moon,8.752,2.74,6.519,0.1851
Moon,8.851,2.554,37.329,0.1763
Moon,10.336,4.842,36.749,0.2062
Moon,10.662,7.343,12.204,0.2692
Moon,9.841,7.389,22.449,0.2811
Moon,9.223,1.383,34.295,0.0827
Moon,9.378,1.559,11.939,0.0665
Moon,9.357,2.716,47.636,0.1427
Moon,9.317,2.785,6.374,0.1039
Moon,9.107,1.664,10.142,0.0684
Moon,10.022,3.719,10.805,0.141
Moon,10.751,5.114,31.405,0.2104
Moon,9.268,5.047,36.006,0.2127
Moon,8.967,4.804,25.187,0.2044
Moon,10.596,3.371,19.433,0.1374
Moon,10.354,5.945,45.466,0.2535
Moon,10.827,6.785,8.414,0.2459
Moon,8.914,3.424,19.015,0.1676
Moon,8.861,1.599,6.956,0.1094
Moon,9.854,3.074,5.695,0.1133
Moon,10.036,1.962,22.669,0.0913
Moon,9.7,4.272,14.741,0.1642
Moon,9.997,2.092,18.418,0.0916
Moon,8.951,4.24,46.047,0.2108
Moon,9.699,2.547,13.149,0.1023
Moon,10.145,6.171,44.012,0.26
Moon,9.582,1.193,38.753,0.0805
Moon,10.199,4.883,21.322,0.1922
Moon,9.628,2.186,32.328,0.1089
Moon,9.334,1.007,27.222,0.0625
Moon,9.259,7.084,11.42,0.2594
Moon,9.527,5.701,50.359,0.2499
Moon,8.558,1.693,33.481,0.2401
Moon,10.171,5.649,49.012,0.2467
Moon,10.613,5.282,46.191,0.231
Moon,9.387,4.313,8.989,0.16
Moon,8.615,3.935,15.364,0.2814
Moon,10.967,7.209,12.263,0.2646
Moon,9.159,2.716,46.539,0.1416
Moon,8.817,3.788,48.122,0.2419
Moon,9.424,3.304,31.399,0.147
Moon,10.346,6.398,10.209,0.2342
Moon,9.235,7.415,11.781,0.2713
Moon,9.937,6.948,45.677,0.2889
Moon,9.539,6.584,51.46,0.2819
Moon,8.794,7.908,14.974,0.3603
Moon,9.326,5.88,5.557,0.2114
Moon,10.312,6.257,21.548,0.2406
Moon,10.03,7.88,6.525,0.2823
Moon,8.799,1.049,46.399,0.15
Moon,8.908,5.438,29.576,0.2505
Moon,10.102,6.173,37.093,0.2531
Moon,10.534,7.425,25.574,0.2854
Moon,9.374,7.187,22.275,0.2738
Moon,9.988,6.894,16.11,0.2574
Moon,8.927,7.621,43.527,0.3347
Moon,9.278,4.762,39.777,0.2064
Moon,8.551,1.048,23.036,0.2095
Moon,10.421,1.077,21.056,0.0588
Moon,9.503,4.812,5.062,0.1735
Moon,10.54,4.047,8.178,0.1498
Moon,10.271,4.159,36.163,0.1817
Moon,10.572,3.803,30.73,0.1638
Moon,9.214,7.424,26.74,0.2866
Moon,8.963,3.514,46.375,0.1818
Moon,10.93,6.994,30.195,0.275
Moon,10.293,7.32,24.225,0.2804
Moon,10.585,4.497,13.063,0.1704
Moon,8.533,4.129,46.034,0.3463
Moon,9.386,6.327,33.812,0.2553
Moon,10.357,5.956,9.623,0.2181
Moon,8.695,3.3,37.445,0.2546
Moon,9.918,1.718,26.254,0.0864
Moon,9.573,2.854,45.569,0.1455
Moon,8.544,1.917,50.946,0.27
Moon,9.09,3.063,35.023,0.1422
Moon,9.212,2.833,41.581,0.1407
Moon,8.78,5.464,7.83,0.2725
Moon,10.079,7.681,33.013,0.3019
Moon,9.106,5.8,42.767,0.2458
Moon,9.194,7.487,29.838,0.2919
Moon,10.746,6.489,34.678,0.2618
Moon,9.668,6.095,49.947,0.2633
Moon,9.48,3.898,14.905,0.1514
Moon,10.31,3.274,9.912,0.1245
Moon,10.774,6.924,39.532,0.2819
Moon,8.563,7.338,46.142,0.4488
Moon,9.621,4.163,47.525,0.1932
Moon,10.027,1.063,37.082,0.0743
Moon,9.296,6.548,46.661,0.2758
Moon,10.431,2.995,40.033,0.1449
Moon,10.929,1.069,9.369,0.0468
Moon,10.859,6.635,43.102,0.2753
Moon,9.165,4.622,13.968,0.1757
Moon,9.066,5.796,16.83,0.2197
Moon,10.894,7.403,24.733,0.2838
Moon,9.647,4.788,20.728,0.1883
Moon,9.021,4.522,21.083,0.1794
Moon,10.267,3.035,13.463,0.1197
Moon,9.211,3.136,19.694,0.1295
Moon,9.168,6.576,5.983,0.2361
Moon,10.698,4.143,28.646,0.1737
Moon,8.906,2.145,43.43,0.1498
Moon,8.661,1.662,48.112,0.2193
Moon,9.173,4.31,46.021,0.1969
Moon,10.017,4.255,25.823,0.1747
Moon,8.808,5.574,41.521,0.3007
Moon,9.679,4.297,19.395,0.1698
Moon,10.068,2.004,7.778,0.0779
Moon,10.622,4.555,38.799,0.1982
Moon,9.075,7.348,37.44,0.2946
Moon,10.543,2.116,45.081,0.1191
Moon,9.087,5.828,35.805,0.2398
Moon,10.192,5.157,12.845,0.1933
Moon,9.577,6.24,47.658,0.2661
Moon,8.787,2.054,36.363,0.1794
Moon,10.286,7.591,45.38,0.3111
Moon,9.044,5.347,43.705,0.2308
Moon,8.942,6.929,19.893,0.2819
Moon,9.396,2.726,8.728,0.1041
Moon,10.133,6.176,13.825,0.23
Moon,9.085,6.467,9.643,0.236
Moon,8.959,3.782,17.171,0.1632
Moon,8.525,3.688,27.977,0.3154
Moon,9.679,5.605,50.341,0.2465
Moon,9.572,1.654,48.601,0.1065
Moon,9.085,6.149,40.93,0.2562
Moon,8.634,1.3,6.206,0.1737
Moon,9.573,2.334,22.069,0.1038
Moon,10.471,5.649,39.117,0.2368
Moon,10.288,1.688,11.451,0.0705
Moon,10.652,7.803,45.054,0.3182
Moon,8.524,7.079,50.729,0.4572
Moon,10.916,5.384,22.705,0.2111
Moon,9.354,6.733,40.292,0.276
Moon,10.976,7.213,12.41,0.2649
Moon,9.132,2.816,39.541,0.1381
Moon,9.679,6.946,6.073,0.2492
Moon,9.385,2.364,12.539,0.0953
Moon,9.389,3.893,40.494,0.1768
Moon,10.606,4.908,40.593,0.2124
Moon,10.366,5.997,37.058,0.247
Moon,10.98,1.211,28.868,0.0713
Moon,10.034,3.034,38.745,0.1449
Moon,9.658,5.26,43.69,0.2278
Moon,8.725,3.502,53.324,0.2675
Moon,10.991,6.425,49.432,0.2743
Moon,9.879,5.562,44.727,0.2394
Moon,10.251,2.641,39.738,0.1322
Moon,9.517,2.022,33.708,0.1045
Moon,9.869,5.403,11.03,0.2001
Moon,10.856,4.153,13.278,0.1586
Moon,8.916,2.183,46.014,0.1504
Moon,9.231,3.285,45.166,0.1601
Moon,8.88,3.121,35.723,0.1849
Moon,10.481,1.757,26.942,0.0884
Moon,8.655,4.828,6.302,0.2903
Moon,8.704,6.346,21.359,0.3421
Moon,9.246,5.028,26.032,0.202
Moon,9.785,6.784,29.291,0.2667
Moon,9.516,1.893,51.466,0.1177
Moon,8.612,4.049,10.435,0.2815
Moon,10.894,5.266,30.943,0.2153
Moon,10.882,5.732,23.396,0.224
Moon,9.198,5.871,54.505,0.26
Moon,10.329,6.103,48.093,0.2617
Moon,9.946,5.56,26.939,0.2215
Moon,9.094,1.66,54.985,0.1131
Moon,9.155,5.867,30.703,0.2361
Moon,9.728,6.073,13.356,0.2259
Moon,9.548,7.954,32.794,0.3112
Moon,9.228,5.854,16.31,0.2212
Moon,10.519,5.808,36.816,0.2401
Moon,9.704,4.604,51.872,0.213
Moon,10.137,7.075,44.31,0.292
Moon,8.973,7.978,18.658,0.3068
Moon,9.834,6.453,19.843,0.2457
Moon,9.295,5.288,8.464,0.1935
Moon,9.816,1.553,19.293,0.0736
Moon,10.452,6.087,9.631,0.2227
Moon,10.422,5.96,29.972,0.2386
Moon,9.386,6.429,40.417,0.2654
Moon,10.236,1.872,42.559,0.1081
Moon,10.853,5.576,7.976,0.2031
Moon,10.064,3.07,21.998,0.1295
Moon,8.871,6.322,19.409,0.2837
Moon,10.199,2.683,10.215,0.1041
Moon,8.762,5.788,23.124,0.3049
Moon,10.68,3.065,19.966,0.1272
Moon,9.792,1.063,36.725,0.0739
Moon,9.463,5.434,49.165,0.2393
Moon,8.643,1.793,27.742,0.2097
Moon,9.452,5.615,42.333,0.2389
Moon,10.758,7.479,12.301,0.2741
Moon,8.552,7.785,49.748,0.4714
Moon,9.687,2.651,12.63,0.1054
Moon,10.828,6.665,14.605,0.2479
Moon,9.487,3.475,10.323,0.1319
Moon,9.57,7.303,20.484,0.2761
Moon,9.946,6.512,32.621,0.2606
Moon,9.657,1.517,54.4,0.1075
Moon,8.922,3.85,44.668,0.2056
Moon,8.546,3.361,24.022,0.2929
Moon,10.025,6.496,33.792,0.2612
Moon,10.802,3.872,36.165,0.1717
Moon,8.766,5.792,46.136,0.3269
Moon,9.027,5.217,41.823,0.2244
Moon,9.426,7.829,33.465,0.3075
Moon,10.522,7.564,38.459,0.3032
Moon,9.173,3.994,42.296,0.1821
Moon,10.705,6.065,11.657,0.2239
Moon,8.637,6.806,15.023,0.3741
Moon,10.852,7.292,39.429,0.2947
Moon,9.902,1.477,47.521,0.0992
Moon,10.147,3.115,25.463,0.1345
Moon,9.419,3.242,53.995,0.1675
Moon,10.455,4.041,15.804,0.1572
Moon,8.916,2.185,25.835,0.1302
Moon,8.622,4.473,23.926,0.3064
Moon,9.489,5.643,51.515,0.249
Moon,10.634,4.482,19.269,0.1761
Moon,10.387,5.661,28.54,0.2267
Moon,9.793,1.465,14.362,0.0656
Moon,9.93,7.132,31.063,0.2807
Moon,8.825,7.573,47.87,0.3714
Moon,10.602,5.325,20.202,0.2066
Moon,10.467,7.17,45.54,0.2965
Moon,10.141,1.92,50.566,0.1178
Moon,9.665,6.582,8.648,0.239
Moon,10.911,1.834,42.821,0.107
Moon,10.698,3.856,17.767,0.1527
Moon,10.111,3.267,13.766,0.1281
Moon,9.43,5.099,35.056,0.2135
Moon,10.045,3.111,40.28,0.1492
Moon,9.939,5.461,24.738,0.2159
Moon,9.486,3.572,6.959,0.132
Moon,9.267,7.026,50.435,0.2963
Moon,9.518,5.437,41.537,0.2318
Moon,9.935,2.507,18.583,0.1063
Moon,9.57,3.353,29.843,0.1472
Moon,9.159,6.932,6.39,0.249
Moon,10.402,3.705,21.964,0.1517
Moon,9.829,4.751,31.127,0.1974
Moon,8.669,5.543,30.861,0.3351
Moon,9.421,3.435,15.409,0.1356
Moon,10.712,3.058,43.837,0.1509
Moon,10.388,4.327,19.943,0.1714
Moon,9.308,2.504,34.021,0.1217
Moon,10.845,2.989,18.576,0.1232
Moon,8.692,1.435,26.258,0.1793
Moon,10.903,3.128,15.376,0.1248
Moon,9.114,3.245,36.65,0.1502
Moon,8.523,7.733,26.279,0.456
Moon,9.585,5.128,5.806,0.1853
Moon,9.397,6.512,6.408,0.2343
Moon,9.848,1.318,28.557,0.0747
Moon,10.492,1.746,14.161,0.0753
Moon,10.606,6.702,34.252,0.2688
Moon,9.503,5.365,25.41,0.2132
Moon,9.575,2.337,37.721,0.1195
Moon,8.87,3.834,52.62,0.23
Moon,8.619,4.771,31.437,0.3255
Moon,10.103,6.905,44.369,0.2861
Moon,8.661,1.423,42.652,0.2054
Moon,10.335,5.177,51.09,0.2323
Moon,9.848,6.019,15.701,0.2264
Moon,8.996,7.845,46.366,0.3221
Moon,9.849,6.65,50.276,0.283
Moon,8.957,2.934,24.638,0.1415
Moon,9.597,5.967,20.691,0.2295
Moon,10.499,6.343,52.602,0.2746
Moon,9.655,6.108,36.382,0.2502
Moon,8.872,6.741,24.034,0.3027
Moon,10.31,7.326,44.591,0.301
Moon,8.967,1.689,20.224,0.0904
Moon,10.346,1.733,13.82,0.0745
Moon,9.698,6.575,32.198,0.2623
Moon,9.634,2.767,33.311,0.1301
Moon,10.629,1.41,46.287,0.0956
Moon,10.272,3.809,27.851,0.1612
Moon,8.582,6.739,45.729,0.4208
Moon,9.24,1.886,20.566,0.0866
Moon,10.677,5.703,33.768,0.2334
Moon,8.546,1.025,15.424,0.2027
Moon,9.863,1.768,24.272,0.0862
Moon,10.32,3.456,47.877,0.1688
Moon,10.055,1.585,15.799,0.0713
Moon,10.401,6.921,45.512,0.2878
Moon,10.314,7.048,19.144,0.2658
Moon,10.23,6.289,6.724,0.2268
Moon,10.554,2.697,10.497,0.1049
Moon,10.114,4.663,42.294,0.2055
Moon,9.506,2.289,18.104,0.0982
Moon,9.68,2.969,37.707,0.1416
Moon,10.292,4.612,39.96,0.2014
Moon,10.691,6.145,22.256,0.2373
Moon,9.181,1.663,28.746,0.0869
Moon,9.355,3.077,25.188,0.1329
Moon,10.827,7.486,52.367,0.3144
Moon,9.946,4.004,20.997,0.1611
Moon,8.947,7.572,14.166,0.2967
Moon,10.159,7.94,23.28,0.3012
Moon,10.977,4.687,38.476,0.2025
Moon,10.559,3.016,39.868,0.1454
Moon,10.364,6.535,51.203,0.2799
Moon,9.02,2.115,49.088,0.1231
Moon,10.69,2.764,19.416,0.1162
Moon,9.814,6.494,27.758,0.2551
Moon,10.723,4.036,42.363,0.1836
Moon,9.325,2.411,50.827,0.1352
Moon,8.655,5.558,21.858,0.3313
Moon,9.69,6.129,27.222,0.2417
Moon,9.175,1.875,49.974,0.1156
Moon,10.288,2.939,22.924,0.1258
Moon,10.893,2.549,29.026,0.1182
Moon,10.227,3.659,50.225,0.1783
Moon,10.717,6.344,45.112,0.2672
Moon,9.633,5.996,17.172,0.227
Moon,10.429,5.638,21.24,0.2186
Moon,10.608,1.044,22.648,0.0592
Moon,10.277,1.995,50.637,0.1205
Moon,9.769,2.563,54.947,0.1447
Moon,10.065,2.904,43.7,0.1453
Moon,10.251,2.025,29.216,0.1001
Moon,9.133,3.872,5.509,0.141
Moon,10.524,1.526,39.874,0.0933
Moon,10.876,6.25,24.468,0.2432
Moon,9.663,6.514,36.649,0.2646
Moon,10.253,5.02,35.335,0.211
Moon,10.343,1.628,29.042,0.086
Moon,10.156,7.231,52.219,0.3053
Moon,9.868,7.759,6.157,0.2777
Moon,10.704,2.417,40.607,0.1252
Moon,9.622,5.932,25.492,0.2331
Moon,8.653,6.894,40.69,0.3977
Moon,10.611,4.779,38.761,0.206
Moon,10.185,3.263,5.512,0.1197
Moon,10.623,4.35,19.267,0.1715
Moon,8.846,4.586,14.455,0.2262
Moon,8.577,3.804,13.349,0.2875
Moon,10.836,7.509,41.424,0.3042
Moon,8.869,6.207,16.978,0.2778
Moon,10.524,2.689,28.737,0.1229
Moon,10.558,5.099,17.349,0.1958
Moon,10.272,5.821,34.012,0.2377
Moon,8.828,1.981,41.029,0.1676
Moon,10.168,3.509,21.554,0.1444
Moon,10.723,7.339,35.151,0.292
Moon,9.564,4.97,46.243,0.2202
Moon,9.534,2.519,9.711,0.0979
Moon,9.607,1.859,40.534,0.1056
Moon,8.706,4.628,21.157,0.2812
Moon,10.73,4.834,11.132,0.1803
Moon,10.673,3.341,32.283,0.1492
Moon,10.995,5.413,16.313,0.2058
Moon,9.963,1.481,46.068,0.0979
Moon,10.378,2.016,7.145,0.0777
Moon,9.007,4.824,9.933,0.1788
Moon,10.169,1.433,31.05,0.0812
Moon,10.124,7.166,34.447,0.2853
Moon,10.753,1.995,41.494,0.1113
Moon,10.577,5.717,17.963,0.2181
Moon,10.846,3.738,47.088,0.1779
Moon,10.672,3.799,52.657,0.1856
Moon,10.672,6.354,29.952,0.2523
Moon,8.659,4.496,43.027,0.314
Moon,10.615,6.08,31.242,0.244
Moon,10.019,4.536,8.473,0.1672
Moon,9.451,5.15,21.306,0.2016
Moon,8.641,6.325,9.374,0.3503
Moon,10.194,5.251,54.444,0.2382
Moon,9.321,5.309,16.451,0.2023
Moon,9.669,6.525,36.795,0.2652
Moon,10.204,7.644,19.217,0.2867
Moon,10.779,3.637,37.662,0.165
Moon,10.564,5.04,15.52,0.1919
Moon,9.626,1.604,44.264,0.1004
Moon,9.469,3.512,10.541,0.1334
Moon,9.099,3.884,49.758,0.1857
Moon,9.431,6.847,47.021,0.2867
Moon,8.778,4.594,38.94,0.2738
Moon,10.928,6.117,8.371,0.2225
Moon,9.935,1.133,15.428,0.0551
Moon,8.82,4.251,47.968,0.2569
Moon,9.382,7.309,11.099,0.2669
Moon,9.868,2.57,12.797,0.1028
Moon,9.832,1.221,32.2,0.0749
Moon,8.589,4.034,18.709,0.297
Moon,10.877,5.931,16.104,0.2237
Moon,9.188,4.181,33.791,0.1801
Moon,8.54,4.22,23.629,0.3245
Moon,8.691,5.689,12.028,0.3141
Moon,9.95,2.781,31.743,0.1291
Moon,8.844,6.263,24.351,0.2954
Moon,8.604,2.072,41.726,0.2461
Moon,9.449,3.77,10.138,0.1421
Moon,10.057,5.592,36.031,0.2318
Moon,8.78,6.799,26.825,0.3382
Moon,9.283,6.541,25.303,0.2542
Moon,9.544,6.052,16.614,0.2284
Moon,8.899,3.514,6.521,0.1633
Moon,9.765,1.856,47.384,0.1123
Moon,8.713,2.518,21.321,0.2051
Moon,8.616,7.054,39.055,0.4138
Moon,9.8,7.001,52.379,0.2974
Moon,9.12,7.661,33.25,0.3014
Moon,8.738,1.532,24.857,0.1657
Moon,9.56,4.758,18.414,0.1849
Moon,10.788,5.541,51.702,0.2456
Moon,10.31,5.975,39.104,0.2482
Moon,10.539,5.507,38.264,0.231
Moon,10.68,6.39,26.308,0.25
Moon,10.932,3.516,47.252,0.1703
Moon,10.408,2.256,40.684,0.1196
Moon,10.021,2.432,19.159,0.1043
Moon,9.414,1.084,34.979,0.0729
Moon,8.954,3.452,26.51,0.1626
Moon,10.217,1.642,5.33,0.0628
Moon,10.987,3.25,45.381,0.1591
Moon,9.668,5.397,11.142,0.2001
Moon,10.309,7.261,30.498,0.2846
Moon,9.738,6.877,21.811,0.2625
Moon,9.58,2.769,22.104,0.119
Moon,9.526,1.939,28.868,0.0967
Moon,9.762,2.352,54.851,0.1372
Moon,9.417,7.797,25.419,0.2983
Moon,10.372,4.846,14.116,0.1837
Moon,10.686,2.278,35.68,0.1154
Moon,10.707,6.885,16.814,0.2578
Moon,9.069,3.766,10.277,0.1421
Moon,10.74,7.295,7.509,0.2628
Moon,9.354,2.825,6.144,0.105
Moon,9.273,3.753,26.558,0.1579
Moon,10.317,4.535,26.336,0.185
Moon,9.262,7.248,14.277,0.268
Moon,8.632,7.081,44.201,0.4146
Moon,9.434,5.02,11.464,0.1872
Moon,10.304,2.552,50.766,0.1401
Moon,9.317,3.823,34.379,0.1682
Moon,10.074,7.829,6.381,0.2804
Moon,10.15,5.254,53.149,0.2371
Moon,10.334,6.468,20.397,0.2468
Moon,10.743,4.149,27.499,0.1727
Moon,9.581,4.724,19.213,0.1846
Moon,8.916,4.003,41.421,0.2095
Moon,9.297,5.92,29.284,0.2365
Moon,9.58,6.96,11.619,0.2552
Moon,10.285,4.552,10.21,0.1695
Moon,8.533,4.366,41.269,0.3498
Moon,9.289,3.382,16.854,0.1352
Moon,10.45,2.24,11.89,0.0903
Moon,10.177,7.575,29.971,0.2951
Moon,10.329,3.213,45.138,0.1576
Moon,10.53,6.605,18.939,0.2501
Moon,10.458,6.007,18.822,0.2291
Moon,10.205,6.536,46.694,0.2755
Moon,9.599,7.557,12.392,0.2769
Moon,10.959,5.364,35.836,0.2236
Moon,9.923,7.286,52.751,0.3077
Moon,9.007,2.174,47.065,0.1232
Moon,9.232,5.387,8.091,0.1966
Moon,10.234,6.406,20.996,0.2452
Moon,10.812,2.901,12.119,0.1137
Moon,8.947,6.185,52.462,0.2867
Moon,8.706,6.449,54.297,0.3781
Moon,10.704,6.818,16.75,0.2554
Moon,10.788,3.19,38.485,0.1501
Moon,9.191,5.771,47.082,0.2491
Moon,9.443,3.13,16.684,0.1262
Moon,10.15,6.173,14.384,0.2304
Moon,9.325,4.241,5.561,0.154
Moon,10.693,5.183,25.598,0.207
Moon,8.769,3.911,49.972,0.2639
Moon,8.595,2.134,50.149,0.2598
Moon,9.021,2.246,11.387,0.09
Moon,9.215,1.543,15.218,0.0692
Moon,8.782,5.327,25.402,0.2844
Moon,8.664,6.94,44.031,0.3989
Moon,10.389,1.146,35.593,0.0757
Moon,8.911,1.464,30.692,0.1117
Moon,10.785,4.202,34.597,0.1817
Moon,9.42,6.164,9.81,0.2256
Moon,10.177,2.104,28.883,0.1025
Moon,9.064,2.902,54.603,0.1562
Moon,9.101,2.624,9.422,0.1013
Moon,9.937,3.793,30.962,0.1637
Moon,9.902,2.575,19.782,0.1099
Moon,10.422,3.468,31.996,0.1534
Moon,10.395,6.1,33.691,0.2472
Moon,10.177,5.277,33.874,0.2186
Moon,9.623,1.568,47.61,0.1025
Moon,10.727,5.464,24.487,0.2157
Moon,10.056,4.34,30.818,0.1827
Moon,10.975,7.542,5.546,0.2695
Moon,10.548,3.025,44.478,0.1504
Moon,8.611,6.083,17.974,0.3606
Moon,9.301,6.116,45.828,0.2599
Moon,9.93,2.551,18.282,0.1075
Moon,10.304,7.323,5.539,0.2618
Moon,9.876,4.438,12.742,0.1681
Moon,10.465,5.752,54.284,0.2556
Moon,9.207,2.021,20.99,0.0917
Moon,8.96,2.805,10.441,0.122
Moon,8.635,5.103,10.938,0.3113
Moon,9.933,3.233,20.517,0.1337
Moon,10.221,4.498,6.882,0.1643
Moon,9.315,3.618,30.574,0.1572
Moon,10.034,5.484,15.687,0.2076
Moon,8.63,4.41,30.966,0.3085
Moon,8.748,1.032,12.038,0.1321
Moon,10.254,5.548,26.493,0.2207
Moon,9.42,3.955,34.896,0.1733
Moon,10.178,3.392,8.1,0.1268
Moon,10.579,1.659,24.937,0.083
Moon,10.632,2.543,20.126,0.1091
Moon,8.93,2.566,17.018,0.13
Moon,9.716,7.548,35.227,0.2994
Moon,10.335,4.028,34.427,0.1754
Moon,10.435,1.294,36.535,0.0818
Moon,10.462,1.972,12.944,0.082
Moon,9.07,1.553,19.285,0.0736
Moon,8.981,5.122,15.484,0.201
Moon,9.975,2.306,32.025,0.1127
Moon,10.353,4.49,28.053,0.1852
Moon,9.298,3.59,21.515,0.1472
Moon,8.762,6.627,44.301,0.3557
Moon,10.292,3.243,9.699,0.1232
Moon,9.249,4.208,53.745,0.201
Moon,8.916,6.049,10.827,0.2506
Moon,8.869,4.033,43.654,0.2284
Moon,9.287,6.553,23.412,0.2527
Moon,9.982,5.632,48.263,0.2454
Moon,9.396,3.874,8.708,0.1443
Moon,8.552,4.528,23.736,0.3317
Moon,8.742,7.77,21.772,0.3796
Moon,9.226,5.631,54.658,0.2518
Moon,10.149,7.335,54.277,0.311
Moon,8.746,2.251,14.49,0.1779
Moon,9.902,4.383,36.497,0.1899
Moon,8.8,7.361,31.776,0.3562
Moon,9.029,3.258,12.719,0.1268
Moon,8.93,7.774,13.389,0.3086
Moon,8.668,1.68,54.463,0.2239
Moon,10.178,7.319,27.636,0.2838
Moon,9.659,4.116,11.29,0.1554
Moon,10.578,1.516,15.74,0.0688
Moon,8.747,7.157,18.417,0.3532
Moon,8.862,2.764,30.546,0.1733
Moon,9.266,1.156,21.777,0.0622
Moon,10.415,1.951,27.751,0.096
Moon,9.264,5.614,13.325,0.2098
Moon,9.521,7.845,21.336,0.2959
Moon,9.254,1.78,8.516,0.0708
Moon,8.701,4.234,49.486,0.2975
Moon,10.849,2.264,14.938,0.0942
Moon,9.871,6.215,42.845,0.2604
Moon,10.47,1.826,22.478,0.0864
Moon,10.146,2.679,28.72,0.1225
Moon,9.786,2.375,19.563,0.1027
Moon,8.724,4.868,39.822,0.3021
Moon,10.107,7.112,47.227,0.2962
Moon,8.888,4.578,19.314,0.2167
Moon,9.536,1.408,17.111,0.0664
Moon,10.073,4.944,39.072,0.2121
Moon,10.456,6.583,14.758,0.2452
Moon,10.213,1.925,36.992,0.1044
Moon,10.179,1.509,9.721,0.0625
Moon,8.873,2.315,36.007,0.1595
Moon,9.365,6.223,30.67,0.2485
Moon,8.607,5.142,10.695,0.3216
Moon,10.299,4.784,37.455,0.2049
Moon,10.881,2.746,27.328,0.1235
Moon,9.16,3.326,15.856,0.1323
Moon,8.719,7.761,22.669,0.3879
Moon,9.689,2.684,29.605,0.1236
Moon,10.642,7.312,9.578,0.2655
Moon,9.88,5.064,52.88,0.2301
Moon,8.617,1.863,38.278,0.2312
Moon,10.936,4.271,10.127,0.1596
Moon,10.572,7.64,46.143,0.3135
Moon,8.829,3.93,21.128,0.2157
Moon,10.804,7.044,34.84,0.2814
Moon,9.627,2.795,18.857,0.1167
Moon,9.43,4.996,41.67,0.2165
Moon,9.653,6.907,41.15,0.2829
Moon,10.586,7.445,32.602,0.2932
Moon,10.149,4.401,17.046,0.1711
Moon,8.648,5.478,17.685,0.3267
Moon,10.894,1.021,24.143,0.0599
Moon,8.869,2.773,12.251,0.1528
Moon,10.364,2.951,21.883,0.1252
Moon,10.09,1.654,39.218,0.0971
Moon,8.969,2.958,46.542,0.1605
Moon,8.927,3.248,21.629,0.1597
Moon,10.676,7.781,16.68,0.289
Moon,9.549,5.68,46.632,0.2454
Moon,10.136,3.982,49.535,0.1889
Moon,9.76,7.916,25.501,0.3026
Moon,10.318,2.073,6.345,0.0789
Moon,9.698,4.332,39.748,0.1914
Moon,9.218,5.529,44.202,0.2377
Moon,9.408,1.389,5.901,0.0545
Moon,10.648,6.019,34.752,0.2454
Moon,9.67,1.699,34.418,0.0939
Moon,9.034,1.982,23.935,0.0933
Moon,10.837,2.118,42.488,0.1166
Moon,10.492,7.502,26.409,0.289
Moon,8.639,5.783,38.839,0.3615
Moon,10.997,5.588,30.856,0.2264
Moon,10.237,4.888,17.423,0.1885
Moon,8.901,3.05,35.325,0.1752
Moon,9.093,5.346,41.845,0.229
Moon,10.231,3.871,53.695,0.1892
Moon,10.449,2.018,24.005,0.0946
Moon,9.098,5.827,8.224,0.2122
Moon,9.142,1.907,54.399,0.1211
Moon,9.268,2.335,36.19,0.1179
Moon,9.995,6.724,52.323,0.2877
Moon,8.93,5.621,10.191,0.2304
Moon,8.761,5.417,22.102,0.2915
Moon,10.197,3.927,11.697,0.1492
Moon,10.448,3.774,46.776,0.1789
Moon,9.752,5.832,49.017,0.2531
Moon,9.41,6.18,30.066,0.2464
Moon,9.58,4.571,14.33,0.1743
Moon,9.471,7.785,11.356,0.2838
Moon,10.9,7.69,34.408,0.3036
Moon,10.42,3.887,30.319,0.1664
Moon,9.02,6.744,39.739,0.2758
Moon,9.46,4.803,20.26,0.1884
Moon,9.86,4.582,25.118,0.1855
Moon,10.032,1.385,6.068,0.0545
Moon,9.67,5.018,35.507,0.2111
Moon,10.525,7.304,26.157,0.2818
Moon,10.419,6.461,50.988,0.2771
Moon,9.763,6.504,37.089,0.2647
Moon,10.636,2.12,24.935,0.0991
Moon,10.378,3.509,18.179,0.141
Moon,10.446,2.632,50.264,0.1424
Moon,10.891,3.211,5.813,0.1182
Moon,9.166,5.057,21.346,0.1983
Moon,9.169,3.553,52.175,0.1765
Moon,10.722,4.925,37.702,0.2101
Moon,10.431,4.07,31.636,0.1741
Moon,10.816,3.006,15.177,0.1204
Moon,8.658,1.668,46.669,0.2191
Moon,10.069,7.243,15.21,0.2687
Moon,8.862,1.08,17.413,0.1013
Moon,9.76,1.012,14.593,0.05
Moon,8.889,6.788,12.907,0.2874
Moon,8.82,7.978,52.666,0.3918
Moon,8.53,6.09,35.102,0.4048
Moon,10.076,1.107,36.892,0.0756
Moon,9.398,2.587,52.716,0.1433
Moon,8.763,7.803,16.529,0.3686
Moon,9.307,6.66,5.296,0.2384
Moon,8.922,4.968,34.944,0.2347
Moon,10.854,2.658,30.392,0.1234
Moon,9.3,1.101,28.883,0.0674
Moon,9.335,1.146,8.094,0.0482
Moon,10.6,5.284,27.722,0.2127
Moon,10.119,1.153,19.378,0.0597
Moon,10.275,7.955,18.728,0.2972
Moon,10.09,2.284,16.119,0.096
Moon,10.865,5.975,21.626,0.2307
Moon,9.018,2.085,22.657,0.0956
Moon,10.973,4.781,20.439,0.1878
Moon,10.577,1.564,53.938,0.1087
Moon,9.972,6.367,51.637,0.2745
Moon,10.156,5.094,33.726,0.212
Moon,10.122,1.603,54.053,0.1102
Moon,8.646,6.94,54.56,0.4155
Moon,9.045,4.829,22.797,0.1918
Moon,10.904,7.451,27.259,0.288
Moon,9.836,7.416,52.953,0.3125
Moon,9.446,7.444,35.431,0.296
Moon,10.405,1.544,15.646,0.0697
Moon,9.811,1.847,39.469,0.1041
Moon,8.533,7.914,15.287,0.448
Moon,10.341,4.413,21.968,0.1764
Moon,10.331,2.667,16.378,0.1097
Moon,8.913,6.388,17.249,0.2699
Moon,10.892,2.85,5.233,0.105
Moon,9.06,6.091,49.035,0.2622
Moon,9.644,6.861,19.8,0.2599
Moon,8.787,6.49,9.319,0.3075
Moon,10.008,2.918,9.349,0.1115
Moon,9.439,3.811,32.801,0.1662
Moon,9.383,3.893,54.646,0.1909
Moon,10.567,4.439,12.251,0.1676
Moon,8.524,2.172,9.981,0.2447
Moon,10.495,4.167,26.915,0.1728
Moon,9.929,4.575,33.167,0.1933
Moon,10.965,4.722,19.719,0.185
Moon,9.974,6.739,20.126,0.256
Moon,8.638,4.621,26.224,0.3085
Moon,8.627,2.615,20.707,0.2367
Moon,10.708,5.642,50.767,0.2482
Moon,10.603,6.581,7.098,0.2374
Moon,9.365,3.236,16.729,0.13
Moon,10.045,5.517,45.428,0.2385
Moon,9.724,2.029,46.698,0.1177
Moon,10.918,3.393,10.578,0.1293
Moon,10.875,7.365,53.688,0.3114
Moon,10.96,7.379,39.668,0.2979
Moon,10.666,5.027,18.63,0.1946
Moon,10.774,5.916,27.802,0.2349
Moon,9.043,6.978,19.857,0.2641
Moon,10.578,7.71,12.501,0.2823
Moon,10.272,4.429,19.559,0.1746
Moon,10.907,4.931,34.005,0.2066
Moon,9.928,3.909,46.298,0.1831
Moon,8.713,1.504,23.176,0.1715
Moon,9.993,3.96,22.395,0.161
Moon,10.216,6.534,28.4,0.2571
Moon,9.051,6.634,37.228,0.2694
Moon,9.485,7.247,42.581,0.2962
Moon,9.996,1.36,21.34,0.0689
Moon,9.435,4.69,34.318,0.1985
Moon,9.437,1.752,24.468,0.0858
Moon,8.833,2.405,40.82,0.1808
Moon,10.852,7.302,13.234,0.2688
Moon,10.376,4.478,17.846,0.1746
Moon,8.503,6.31,26.303,0.4128
Moon,10.414,1.451,49.471,0.1002
Moon,10.349,3.918,33.666,0.1708
Moon,8.524,5.72,53.27,0.412
Moon,9.424,1.934,10.164,0.0778
Moon,10.017,3.281,28.009,0.1428
Moon,9.632,1.452,25.954,0.0768
Moon,10.445,5.559,35.01,0.2296
Moon,9.564,7.796,45.598,0.3185
Moon,8.885,6.789,47.072,0.3231
Moon,10.941,7.822,38.51,0.3123
Moon,9.105,6.919,37.077,0.2792
Moon,10.294,6.986,52.451,0.297
Moon,8.858,5.04,24.184,0.248
Moon,9.323,4.628,46.639,0.2086
Moon,9.605,3.844,51.075,0.1856
Moon,8.981,6.727,29.577,0.2715
Moon,9.625,2.274,41.455,0.1211
Moon,8.893,1.394,23.851,0.1083
Moon,9.898,7.635,12.944,0.2802
Moon,10.159,1.026,34.325,0.0703
Moon,8.656,7.838,14.824,0.4038
Moon,10.678,6.102,27.88,0.2414
Moon,8.963,3.299,48.644,0.1765
Moon,9.063,5.885,9.301,0.2153
Moon,10.153,6.725,6.521,0.2419
Moon,9.672,2.718,35.324,0.1304
Moon,9.748,6.396,21.553,0.2454
Moon,8.82,6.631,25.897,0.3178
Moon,10.514,2.745,25.286,0.1214
Moon,10.043,1.293,9.331,0.0546
Moon,8.838,2.429,5.178,0.144
Moon,9.435,2.405,49.921,0.1341
Moon,10.526,1.457,15.89,0.0669
Moon,9.921,6.082,26.304,0.2392
Moon,8.772,3.66,53.596,0.2578
Moon,9.432,7.191,46.338,0.298
Moon,9.107,2.765,10.397,0.1072
Moon,9.794,4.173,30.426,0.1765
Moon,10.608,5.473,41.504,0.2331
Moon,9.591,7.142,39.92,0.2899
Moon,9.583,4.672,43.042,0.2066
Moon,10.763,3.615,27.873,0.1544
Moon,9.94,7.069,13.796,0.2612
Moon,9.915,3.172,28.244,0.1393
Moon,9.155,1.556,37.394,0.0919
Moon,10.019,4.115,35.43,0.1795
Moon,9.94,6.496,8.526,0.2359
Moon,9.492,1.215,8.248,0.0508
Moon,10.977,5.101,53.263,0.2318
Moon,10.705,5.161,12.59,0.1932
Moon,10.374,7.5,19.723,0.2822
Moon,9.843,3.005,43.382,0.1486
Moon,9.655,2.952,25.484,0.1288
Moon,8.962,4.083,14.073,0.1696
Moon,9.264,3.498,28.362,0.1508
Moon,10.435,6.154,33.447,0.2489
Moon,9.634,5.492,27.638,0.2199
Moon,10.706,6.312,50.947,0.2719
Moon,8.87,6.74,19.235,0.2986
Moon,9.771,7.461,38.067,0.2992
Moon,10.117,4.017,10.615,0.1512
Moon,9.792,7.893,24.614,0.3009
Moon,10.723,2.51,42.05,0.1299
Moon,10.974,6.001,16.241,0.2263
Moon,8.79,4.738,34.489,0.2705
Moon,8.825,6.718,12.672,0.3062
Moon,8.826,4.337,10.135,0.22
Moon,10.203,6.488,31.162,0.2582
Moon,9.432,7.511,38.751,0.3016
Moon,10.333,6.126,10.668,0.2251
Moon,9.514,6.433,50.889,0.276
Moon,10.069,1.47,16.289,0.0677
Moon,10.425,2.435,10.999,0.0962
Moon,9.871,7.82,15.135,0.2888
Moon,9.849,5.852,13.479,0.2183
Moon,8.721,4.93,9.534,0.2752
Moon,9.527,3.569,44.892,0.1698
Moon,9.864,1.311,29.777,0.0757
Moon,9.655,3.584,24.426,0.1499
Moon,10.752,4.492,52.531,0.2098
Moon,10.766,2.48,23.55,0.1104
Moon,10.555,2.212,13.349,0.0908
Moon,9.438,4.559,18.702,0.1783
Moon,10.293,5.101,16.948,0.1955
Moon,9.488,2.679,29.937,0.1237
Moon,9.081,5.112,19.575,0.1985
Moon,9.357,7.302,30.803,0.2864
Moon,8.677,4.312,38.465,0.2969
Moon,9.329,7.002,43.865,0.2889
Moon,9.652,7.491,40.508,0.3027
Moon,10.889,1.647,15.28,0.0729
Moon,9.284,1.671,10.795,0.0693
Moon,10.756,4.332,32.123,0.1838
Moon,9.072,5.117,14.946,0.194
Moon,8.977,3.981,9.247,0.1561
Moon,9.797,3.285,31.355,0.1463
Moon,10.181,5.487,21.34,0.2134
Moon,8.611,1.015,42.807,0.208
Moon,9.053,7.777,20.71,0.2929
Moon,9.639,2.625,53.936,0.1458
Moon,9.328,7.42,42.926,0.3026
Moon,10.282,1.763,7.885,0.0696
Moon,9.778,2.667,30.444,0.1238
Moon,8.901,2.644,33.131,0.1587
Moon,10.736,7.973,39.765,0.3188
Moon,9.232,1.032,29.89,0.066
Moon,10.328,5.477,29.172,0.2209
Moon,10.45,7.088,23.397,0.2715
Moon,10.908,5.706,18.573,0.2183
Moon,9.746,3.539,52.31,0.1762
Moon,10.04,7.708,20.88,0.2907
Moon,9.337,7.255,8.171,0.2621
Moon,10.195,4.038,13.364,0.1547
Moon,9.658,5.013,47.864,0.2233
Moon,9.594,7.773,34.332,0.3064
Moon,10.639,7.878,43.939,0.3197
Moon,8.625,4.149,45.439,0.3155
Moon,10.705,6.931,46.162,0.2888
Moon,10.63,3.114,32.531,0.1415
Moon,9.766,3.603,13.856,0.14
Moon,9.726,2.154,12.412,0.0878
Moon,9.405,2.464,33.699,0.1199
Moon,10.985,5.598,23.326,0.2193
Moon,8.778,4.575,32.902,0.2671
Moon,9.976,2.618,29.924,0.1216
Moon,10.204,3.82,35.11,0.1688
Moon,10.836,3.612,6.606,0.133
Moon,10.451,7.912,6.642,0.2835
Moon,10.11,6.975,41.08,0.2852
Moon,8.792,3.716,14.656,0.214
Moon,9.434,7.397,37.61,0.2965
Moon,8.847,3.398,32.329,0.2022
Moon,10.703,5.675,54.09,0.2527
Moon,10.374,7.767,46.77,0.3186
Moon,10.394,3.732,25.657,0.1563
Moon,10.131,5.759,35.821,0.2374
Moon,9.768,3.071,10.864,0.1184
Moon,8.875,2.864,24.319,0.1663
Moon,9.324,5.019,41.694,0.2174
Moon,8.842,7.855,36.134,0.3636
Moon,10.312,4.172,29.224,0.1752
Moon,8.901,7.563,13.826,0.3117
Moon,10.255,7.401,45.157,0.3042
Moon,10.231,2.776,18.658,0.1158
Moon,9.648,3.813,46.024,0.1795
Moon,8.838,5.503,35.58,0.2822
Moon,9.287,4.626,23.637,0.1856
Moon,9.3,1.672,7.03,0.0655
Moon,10.251,7.956,16.621,0.2951
Moon,8.784,6.269,49.454,0.3407
Moon,10.573,4.064,45.899,0.1881
Moon,10.403,5.327,33.743,0.2202
Moon,8.966,1.613,28.316,0.0962
Moon,10.298,4.467,37.357,0.1937
Moon,10.171,7.516,28.312,0.2914
Moon,10.37,7.276,37.215,0.2919
Moon,8.972,3.362,20.37,0.1473
Moon,8.894,4.72,46.925,0.2475
Moon,9.091,5.882,40.096,0.246
Moon,9.415,3.38,21.499,0.1398
Moon,10.484,1.454,46.533,0.0974
Moon,10.345,4.538,29.367,0.1882
Moon,10.814,5.211,13.732,0.1961
Moon,8.647,1.041,8.886,0.1631
Moon,8.529,1.669,39.98,0.2554
Moon,10.248,2.451,48.256,0.134
Moon,9.198,3.436,45.372,0.1656
Moon,9.335,4.787,37.783,0.2053
Moon,9.867,3.057,12.069,0.1191
Moon,8.756,2.933,9.702,0.1937
Moon,10.107,7.085,22.251,0.2702
Moon,9.313,2.015,47.746,0.1183
Moon,10.082,4.468,53.087,0.2095
Moon,10.585,7.67,17.068,0.2855
Moon,8.928,5.375,43.105,0.2553
Moon,10.827,6.02,33.693,0.2444
Moon,9.827,4.019,6.59,0.1472
Moon,10.807,1.14,32.146,0.072
Moon,9.019,5.523,45.297,0.2386
Moon,10.011,5.423,18.806,0.2086
Moon,9.51,1.773,49.868,0.1119
Moon,10.436,4.235,16.813,0.165
Moon,10.015,7.407,8.824,0.2681
Moon,9.736,2.436,12.997,0.0982
Moon,10.782,4.228,46.85,0.1948
Moon,9.443,4.228,25.865,0.1738
Moon,9.05,6.675,44.847,0.2785
Moon,10.02,6.772,31.562,0.2686
Moon,10.06,6.315,29.028,0.25
Moon,9.598,3.558,45.346,0.1699
Moon,9.717,1.504,26.174,0.0788
Moon,10.899,3.446,45.102,0.1657
Moon,10.332,5.759,10.033,0.2116
Moon,8.777,5.919,36.816,0.3185
Moon,9.03,7.755,40.129,0.3116
Moon,10.939,4.175,49.955,0.1961
Moon,10.316,5.427,16.216,0.2062
Moon,10.788,4.774,35.211,0.2023
Moon,9.26,2.054,26.663,0.0986
Moon,10.355,4.228,24.139,0.1721
Moon,10.285,4.814,10.336,0.1788
Moon,9.237,7.655,11.712,0.2796
Moon,9.877,3.566,46.849,0.1717
Moon,10.069,7.861,42.488,0.3176
Moon,9.703,4.796,24.117,0.192
Moon,10.568,2.697,46.424,0.1408
Moon,10.582,2.342,9.038,0.091
Moon,10.627,1.992,36.239,0.106
Moon,10.509,4.171,48.409,0.1944
Moon,9.72,1.153,46.943,0.0873
Moon,9.454,4.115,23.639,0.1677
Moon,10.578,7.919,42.262,0.3194
Moon,9.726,5.691,26.373,0.2255
Moon,9.116,6.319,47.007,0.2682
Moon,9.768,1.833,31.538,0.0957
Moon,8.855,4.312,43.243,0.2426
Moon,10.229,3.004,8.929,0.1141
Moon,9.34,7.259,34.501,0.2886
Moon,9.152,2.269,32.514,0.1119
Moon,10.891,4.211,35.499,0.1829
Moon,10.442,5.116,39.782,0.2189
Moon,10.468,4.598,50.905,0.2118
Moon,10.059,6.812,44.284,0.2827
Moon,10.598,2.62,15.982,0.1077
Moon,10.398,3.642,46.295,0.1738
Moon,9.997,6.545,11.104,0.2402
Moon,10.903,4.696,36.11,0.2005
Moon,8.979,3.815,49.138,0.1897
Moon,10.858,1.206,10.056,0.0523
Moon,9.504,6.274,47.485,0.2671
Moon,9.821,7.805,44.931,0.3181
Moon,8.807,5.342,30.189,0.2815
Moon,9.85,6.996,20.445,0.2653
Moon,10.028,4.618,25.272,0.1869
Moon,10.994,2.622,53.433,0.1452
Moon,10.938,1.101,15.085,0.0536
Moon,10.916,5.574,33.98,0.2291
Moon,9.371,4.452,9.162,0.165
Moon,10.978,6.475,15.895,0.2425
Moon,9.639,5.863,43.166,0.2484
Moon,10.63,7.916,20.13,0.2972
Moon,9.041,4.572,54.288,0.2143
Moon,9.765,3.99,30.041,0.1697
Moon,10.915,3.007,30.827,0.1361
Moon,10.868,4.338,6.816,0.1586
Moon,10.209,7.11,52.826,0.3017
Moon,10.495,1.297,13.712,0.0591
Moon,8.941,7.845,31.917,0.3261
Moon,10.304,7.953,24.784,0.3031
Moon,10.045,5.185,25.779,0.2072
Moon,8.729,3.321,37.165,0.2438
Moon,8.783,2.561,38.104,0.2001
Moon,8.771,2.935,12.714,0.1918
Moon,10.311,1.351,29.979,0.0773
Moon,8.854,4.326,44.524,0.2445
Moon,9.669,1.401,27.164,0.0762
Moon,9.392,6.029,13.29,0.2243
Moon,9.876,3.604,20.661,0.1468
Moon,10.266,2.396,15.619,0.0995
Moon,10.212,4.814,11.291,0.1798
Moon,9.789,7.816,23.879,0.2975
Moon,9.661,5.866,32.047,0.2374
Moon,9.495,4.442,8.638,0.1641
Moon,10.655,6.438,35.191,0.2605
Moon,9.327,6.162,54.651,0.2703
Moon,9.148,7.242,53.206,0.3067
Moon,10.358,2.433,46.459,0.1316
Moon,9.399,7.012,18.317,0.2637
Moon,10.617,3.107,6.12,0.1149
Moon,9.32,7.587,46.677,0.3122
Moon,10.255,2.967,7.786,0.1116
Moon,8.613,7.488,15.281,0.4064
Moon,9.464,7.747,32.223,0.3034
Moon,9.358,2.018,13.919,0.0846
Moon,10.542,7.821,46.689,0.3204
Moon,10.918,1.6,43.858,0.0999
Moon,9.652,2.53,42.788,0.1313
Moon,10.562,4.109,45.806,0.1896
Moon,10.249,7.955,15.985,0.2944
Moon,10.918,4.42,41.445,0.1961
Moon,10.528,4.853,22.764,0.1926
Moon,8.694,5.861,38.342,0.3456
Moon,10.283,7.778,11.101,0.2833
Moon,9.839,6.483,40.279,0.2672
Moon,8.541,2.569,53.605,0.2965
Moon,9.128,3.121,7.18,0.1164
Moon,10.804,1.683,9.691,0.0686
Moon,10.815,5.511,11.182,0.2041
Moon,10.497,2.265,26.528,0.1058
Moon,10.954,2.802,19.539,0.1176
Moon,10.516,7.217,45.346,0.2979
Moon,8.526,3.287,28.689,0.3019
Moon,9.22,4.967,29.227,0.2031
Moon,8.577,3.783,40.852,0.3144
Moon,8.735,1.518,23.098,0.1645
Moon,9.047,3.54,22.66,0.1466
Moon,9.759,3.856,42.846,0.1778
Moon,10.619,7.27,44.002,0.2984
Moon,10.655,3.271,5.72,0.1202
Moon,10.041,3.655,12.19,0.1401
Moon,10.82,6.48,15.655,0.2425
Moon,9.75,6.313,22.58,0.2435
Moon,10.723,6.588,19.572,0.2502
Moon,9.635,7.676,38.426,0.3071
Moon,9.193,6.569,46.407,0.2763
Moon,10.791,3.853,14.604,0.1495
Moon,9.47,6.751,33.149,0.2694
Moon,9.759,4.561,23.391,0.183
Moon,9.322,2.944,30.289,0.1333
Moon,10.157,3.12,36.038,0.1453
Moon,10.988,2.567,49.68,0.1395
Moon,8.564,2.015,14.615,0.2305
Moon,10.75,2.291,9.35,0.0896
Moon,8.51,1.442,36.361,0.2502
Moon,9.411,7.219,24.707,0.2774
Moon,8.922,7.517,13.145,0.3024
Moon,10.393,5.107,10.854,0.1896
Moon,8.627,6.883,32.945,0.3984
Moon,9.884,2.285,20.024,0.1
Moon,9.237,7.312,54.871,0.3108
Moon,8.834,4.545,25.295,0.2396
Moon,10.43,1.47,15.614,0.0671
Moon,9.044,1.989,36.442,0.1061
Moon,9.059,3.163,17.213,0.1279
Moon,9.188,1.305,29.704,0.0754
Moon,9.967,3.165,29.129,0.1399
Moon,10.149,1.42,27.678,0.0774
Moon,8.544,2.652,44.804,0.2896
Moon,9.105,2.86,15.831,0.1159
Moon,9.577,7.961,50.215,0.3288
Moon,9.33,2.649,44.567,0.1373
Moon,10.71,2.674,21.656,0.1153
Moon,10.469,5.808,14.03,0.2173
Moon,10.065,7.016,18.977,0.2645
Moon,9.345,3.709,21.632,0.1515
Moon,10.252,7.129,32.847,0.2824
Moon,10.609,3.381,7.318,0.1257
Moon,9.987,2.379,50.718,0.134
Moon,10.461,3.307,9.934,0.1257
Moon,10.373,5.265,18.964,0.2033
Moon,9.929,3.57,10.464,0.1354
Moon,9.28,5.71,17.834,0.2177
Moon,10.364,2.659,46.884,0.1399
Moon,9.017,5.907,35.759,0.2425
Moon,10.449,3.432,16.366,0.1365
Moon,10.511,4.191,48.588,0.1953
Moon,10.555,4.904,45.036,0.2167
Moon,9.682,5.804,42.682,0.2458
Moon,8.981,2.671,47.382,0.1471
Moon,8.749,6.852,35.982,0.3594
Moon,10.358,6.053,30.072,0.2419
Moon,10.716,2.639,23.697,0.1161
Moon,10.127,7.825,16.188,0.2901
Moon,8.86,5.654,32.871,0.2773
Moon,10.837,4.167,49.475,0.1953
Moon,10.973,2.103,34.699,0.1083
Moon,9.583,4.733,50.98,0.2166
Moon,9.987,2.153,22.846,0.0982
Moon,10.443,4.006,39.757,0.18
Moon,10.341,3.861,37.433,0.1726
Moon,10.919,6.04,38.522,0.2499
Moon,8.787,2.347,37.252,0.1903
Moon,9.952,6.753,16.083,0.2524
Moon,10.23,3.283,12.18,0.1271
Moon,10.725,4.108,53.931,0.1977
Moon,10.685,6.406,7.265,0.2315
Moon,10.945,5.378,28.387,0.2166
Moon,9.78,3.156,26.254,0.1367
Moon,10.577,3.703,23.001,0.1526
Moon,9.568,3.141,44.099,0.154
Moon,9.556,5.163,42.268,0.223
Moon,9.133,3.328,50.261,0.1668
Moon,10.546,6.08,24.774,0.2376
Moon,10.965,5.059,33.209,0.2103
Moon,9.141,2.02,49.615,0.1203
Moon,8.64,3.172,54.692,0.2856
Moon,10.539,2.55,53.465,0.1427
Moon,10.051,3.732,40.892,0.1715
Moon,10.899,4.612,12.161,0.1736
Moon,9.131,4.547,6.159,0.1653
Moon,8.678,6.282,46.261,0.3736
Moon,9.731,2.324,47.047,0.1284
Moon,8.714,7.625,42.318,0.4046
Moon,9.154,3.4,18.996,0.138
Moon,8.815,3.102,36.991,0.2072
Moon,9.06,5.796,20.812,0.2237
Moon,8.765,6.639,27.532,0.3381
Moon,10.885,3.649,24.122,0.1518
Moon,9.196,6.228,50.682,0.2687
Moon,9.61,7.186,16.708,0.2682
Moon,10.747,6.368,33.881,0.2567
Moon,10.193,1.239,23.049,0.0664
Moon,10.045,6.792,38.154,0.2759
Moon,10.264,6.421,33.228,0.258
Moon,10.572,5.685,51.199,0.2502
Moon,10.694,6.32,10.081,0.2313
Moon,10.107,7.856,16.032,0.291
Moon,10.725,4.018,43.317,0.1839
Moon,9.838,1.471,23.439,0.0749
Moon,9.193,4.226,13.289,0.1612
Moon,10.7,1.325,30.166,0.0765
Moon,9.854,3.06,37.607,0.1447
Moon,10.765,5.108,7.241,0.186
Moon,8.6,3.167,19.581,0.2636
Moon,9.494,5.798,45.471,0.2484
Moon,10.87,6.754,31.012,0.2674
Moon,9.124,3.943,6.769,0.1448
Moon,10.854,7.301,19.098,0.2746
Moon,10.885,1.559,36.957,0.0915
Moon,10.705,6.881,14.968,0.2558
Moon,9.909,6.8,46.37,0.2844
Moon,10.117,3.254,38.829,0.1527
Moon,10.674,3.091,28.569,0.1368
Moon,10.44,3.136,50.781,0.1605
Moon,10.075,6.68,24.59,0.2584
Moon,10.956,6.822,16.754,0.2555
Moon,10.214,3.308,38.07,0.1539
Moon,10.939,5.148,33.665,0.2138
Moon,8.643,1.973,21.762,0.2096
Moon,8.847,4.281,22.183,0.2229
Moon,9.629,7.992,24.911,0.3046
Moon,9.462,2.112,19.557,0.0935
Moon,10.457,7.633,40.512,0.3077
Moon,8.902,6.77,37.568,0.3073
Moon,10.94,7.806,27.039,0.3002
Moon,9.288,2.257,24.893,0.1039
Moon,9.572,2.495,23.253,0.1106
Moon,9.187,1.118,19.173,0.0583
Moon,9.948,6.073,9.285,0.2218
Moon,8.647,5.509,18.41,0.329
Moon,8.874,2.246,21.06,0.1416
Moon,10.364,6.538,32.384,0.2612
Moon,8.966,3.094,43.689,0.1632
Moon,9.089,1.945,24.785,0.0929
Moon,10.482,3.958,52.238,0.1908
Moon,8.733,1.637,46.367,0.1926
Moon,9.594,2.843,54.24,0.1537
Moon,8.558,3.599,48.81,0.3222
Moon,9.367,6.963,35.836,0.2795
Moon,10.247,6.548,34.924,0.2641
Moon,8.725,4.099,11.476,0.2465
Moon,10.721,6.072,41.12,0.2536
Moon,10.774,4.981,35.01,0.2093
Moon,8.762,3.386,30.347,0.228
Moon,10.977,6.081,39.664,0.2525
Moon,9.244,5.784,27.202,0.2297
Moon,8.71,5.334,31.193,0.3145
Moon,8.513,5.326,24.918,0.3738
Moon,9.521,5.781,40.869,0.2432
Moon,10.075,3.692,48.831,0.178
Moon,9.33,7.084,47.042,0.295
Moon,10.592,2.136,44.301,0.1191
Moon,10.292,7.187,5.689,0.2572
Moon,9.375,3.396,50.594,0.1695
Moon,10.336,1.875,18.744,0.0844
Moon,10.851,5.2,49.399,0.2314
Moon,8.733,3.632,14.848,0.2311
Moon,9.265,6.708,26.982,0.2618
Moon,9.658,4.015,42.47,0.183
Moon,9.745,5.68,37.014,0.2358
Moon,9.855,3.158,25.796,0.1363
Moon,9.252,2.466,38.931,0.1252
Moon,10.168,3.716,32.447,0.1625
Moon,10.113,5.248,18.787,0.2025
Moon,9.945,5.599,37.316,0.2333
Moon,8.784,5.047,15.212,0.2637
Moon,9.692,7.916,39.699,0.3168
Moon,9.391,5.838,5.156,0.2095
Moon,9.728,7.521,32.439,0.2957
Moon,10.805,1.826,25.053,0.0889
Moon,9.701,1.43,20.155,0.0702
Moon,8.535,3.177,30.785,0.297
Moon,9.597,1.956,37.266,0.1057
Moon,10.552,4.681,53.266,0.2171
Moon,10.45,4.633,46.653,0.2088
Moon,9.783,5.025,40.857,0.2167
Moon,9.124,6.217,28.948,0.2465
Moon,9.663,7.799,24.607,0.2976
Moon,9.909,7.148,6.626,0.2568
Moon,11.0,1.829,22.955,0.087
Moon,10.11,3.37,47.419,0.1654
Moon,10.236,2.791,24.201,0.1219
Moon,9.729,2.238,28.079,0.1064
Moon,9.386,4.813,18.592,0.187
Moon,10.532,4.873,18.707,0.1893
Moon,9.737,2.591,8.094,0.0988
Moon,10.987,5.983,35.69,0.2451
Moon,9.643,6.13,27.403,0.242
Moon,8.67,1.147,35.298,0.1854
Moon,10.206,3.77,32.344,0.1643
Moon,8.617,7.231,44.942,0.4258
Moon,9.126,4.642,42.551,0.205
Moon,9.384,3.433,43.573,0.1637
Moon,10.349,2.776,29.962,0.1271
Moon,9.736,2.703,22.694,0.1173
Moon,8.572,1.698,51.672,0.2539
Moon,10.042,6.721,7.713,0.2429
Moon,9.529,1.607,12.631,0.0689
Moon,10.805,3.046,25.98,0.1326
Moon,9.749,1.32,35.698,0.0819
Moon,10.272,6.47,5.41,0.2318
Moon,9.047,1.275,40.966,0.0856
Moon,10.402,3.158,32.936,0.1435
Moon,10.302,5.013,29.235,0.2047
Moon,10.76,3.867,26.175,0.1615
Moon,8.585,2.976,30.974,0.2736
Moon,9.619,2.926,13.089,0.1155
Moon,10.198,6.585,10.436,0.2409
Moon,8.738,7.818,19.482,0.3805
Moon,9.527,3.436,40.475,0.1607
Moon,10.855,1.274,34.414,0.079
Moon,9.59,1.256,29.006,0.073
Moon,10.964,6.314,33.576,0.2546
Moon,8.642,4.867,32.963,0.3226
Moon,10.295,6.485,20.352,0.2473
Moon,9.953,5.882,9.873,0.2158
Moon,9.751,7.353,49.839,0.3072
Moon,10.927,7.201,34.996,0.287
Moon,8.824,6.518,39.887,0.3267
Moon,10.74,4.326,28.2,0.1796
Moon,10.228,3.157,42.824,0.1533
Moon,9.147,4.549,34.225,0.1934
Moon,10.754,4.515,7.69,0.1657
Moon,9.573,5.272,49.505,0.234
Moon,10.536,2.303,20.277,0.1009
Moon,9.472,5.589,11.895,0.2075
Moon,10.627,4.196,9.402,0.1563
Moon,10.092,5.341,41.022,0.228
Moon,8.853,2.677,40.198,0.183
Moon,10.124,4.041,40.008,0.1814
Moon,8.978,2.471,50.788,0.1445
Moon,9.53,7.127,22.447,0.2719
Moon,8.926,4.416,33.057,0.2124
Moon,8.555,2.575,35.975,0.2744
Moon,9.03,1.288,53.974,0.0991
Moon,9.841,5.73,20.617,0.2212
Moon,9.704,2.503,52.817,0.1404
Moon,9.754,7.927,12.437,0.2899
Moon,9.119,4.736,43.2,0.209
Moon,10.213,3.023,36.644,0.1424
Moon,10.261,5.604,45.845,0.242
Moon,9.395,2.927,6.434,0.1089
Moon,10.703,6.742,8.907,0.2449
Moon,10.11,3.158,8.485,0.119
Moon,10.283,7.918,34.648,0.3118
Moon,9.193,5.236,35.147,0.2184
Moon,8.502,6.911,50.305,0.4583
Moon,10.663,1.51,28.38,0.0812
Moon,10.556,3.438,8.402,0.1287
Moon,8.808,6.162,15.476,0.2952
Moon,9.435,5.585,5.404,0.2009
Moon,10.153,2.36,43.836,0.1264
Moon,10.13,3.493,45.78,0.168
Moon,10.651,2.844,54.897,0.1544
Moon,8.851,5.294,25.61,0.2607
Moon,9.575,3.412,5.965,0.1254
Moon,8.743,3.163,16.736,0.2131
Moon,9.474,2.452,34.388,0.1202
Moon,8.538,3.863,53.097,0.3424
Moon,10.746,2.369,10.179,0.0931
Moon,9.818,7.738,11.079,0.2819
Moon,10.625,2.082,40.088,0.1129
Moon,8.65,7.393,38.36,0.4139
Moon,9.069,3.999,17.525,0.1575
Moon,9.148,3.645,45.657,0.1732
Moon,9.467,2.619,11.439,0.1031
Moon,10.507,5.45,51.287,0.242
Moon,9.466,5.799,15.052,0.218
Moon,9.012,4.273,9.068,0.1586
Moon,8.662,1.39,21.976,0.1831
Moon,8.699,7.43,14.392,0.3749
Moon,10.4,7.862,31.347,0.3065
Moon,9.612,4.017,39.342,0.1799
Moon,10.315,5.296,29.546,0.2149
Moon,10.206,4.152,38.03,0.1834
Moon,8.838,3.253,23.246,0.191
Moon,8.857,1.541,6.396,0.1079
Moon,10.388,4.192,53.703,0.2004
Moon,10.303,6.729,45.971,0.2815
Moon,9.445,1.119,8.671,0.0478
Moon,8.694,5.075,27.459,0.3072
Moon,8.53,7.165,36.751,0.4441
Moon,9.22,2.523,14.53,0.1028
Moon,8.523,2.283,33.899,0.2728
Moon,9.075,6.406,31.682,0.2559
Moon,9.549,2.786,15.413,0.1129
Moon,8.804,2.344,12.061,0.1596
Moon,8.761,3.646,42.948,0.2503
Moon,10.741,3.748,21.129,0.1523
Moon,9.964,7.119,17.202,0.2664
Moon,10.836,5.329,41.894,0.2284
Moon,9.365,3.842,41.803,0.1763
Moon,10.193,4.741,18.82,0.1847
Moon,9.012,7.678,48.628,0.3173
Moon,10.046,1.793,39.413,0.1022
Moon,8.824,2.454,22.288,0.1669
Moon,8.505,7.738,26.374,0.4621
Moon,10.829,7.701,41.335,0.3109
Moon,9.887,2.24,15.579,0.094
Moon,10.817,2.016,28.438,0.099
Moon,9.335,3.948,37.678,0.1758
Moon,9.319,1.348,31.975,0.0792
Moon,9.502,5.584,35.416,0.2309
Moon,10.265,1.542,32.311,0.0863
Moon,9.915,1.406,14.961,0.0642
Moon,10.813,4.396,25.51,0.1794
Moon,8.564,7.705,31.599,0.4467
Moon,10.27,3.988,44.003,0.1836
Moon,9.326,3.495,37.695,0.16
Moon,8.951,7.986,26.33,0.3223
Moon,9.776,4.724,53.72,0.2191
Moon,9.763,3.627,10.39,0.1373
Moon,8.843,3.701,15.34,0.1974
Moon,9.005,2.365,22.066,0.1048
Moon,9.52,4.586,16.429,0.1769
Moon,9.522,4.072,36.272,0.1788
Moon,9.294,2.896,6.978,0.1083
Moon,8.871,2.124,13.872,0.1311
Moon,8.511,3.179,19.667,0.2939
Moon,10.926,4.561,39.167,0.1988
Moon,10.859,1.408,48.793,0.0981
Moon,9.709,2.076,44.925,0.1176
Moon,10.988,7.634,14.104,0.2813
Moon,10.184,4.8,33.27,0.2013
Moon,8.672,1.444,6.501,0.1663
Moon,8.794,5.852,20.527,0.2939
Moon,10.79,1.433,45.299,0.0954
Moon,10.075,6.172,27.833,0.2439
Moon,10.608,6.25,12.497,0.2312
Moon,10.746,5.558,26.928,0.2214
Moon,9.62,6.125,14.902,0.2293
Moon,8.621,1.616,24.66,0.2074
Moon,8.971,6.087,29.392,0.2522
Moon,8.666,1.957,22.478,0.2022
Moon,8.972,3.377,51.848,0.1794
Moon,9.526,7.599,33.127,0.2991
Moon,8.795,4.52,47.145,0.2735
Moon,8.917,7.772,43.036,0.3428
Moon,9.615,1.622,38.058,0.0948
Moon,9.35,4.343,29.844,0.1818
Moon,9.669,1.437,5.109,0.0554
Moon,9.573,5.411,35.673,0.2251
Moon,10.111,1.551,22.798,0.0771
Moon,10.843,2.228,10.888,0.0889
Moon,8.77,2.812,27.231,0.2024
Moon,8.748,6.241,41.778,0.3442
Moon,10.632,2.148,53.084,0.1283
Moon,9.766,6.926,23.705,0.2661
Moon,10.416,1.923,32.136,0.0995
Moon,9.039,1.247,47.562,0.0912
Moon,10.572,3.765,21.7,0.1535
Moon,10.81,7.856,12.113,0.2871
Moon,10.089,1.772,19.094,0.0811
Moon,8.765,1.712,49.956,0.1883
Moon,10.738,6.258,12.97,0.232
Moon,10.481,3.185,21.461,0.1329
Moon,10.377,6.021,28.232,0.239
Moon,8.592,2.4,47.356,0.2674
Moon,10.497,4.221,51.886,0.1996
Moon,8.845,2.857,26.291,0.178
Moon,9.056,4.161,51.598,0.1972
Moon,9.943,6.384,13.073,0.2365
Moon,9.162,6.334,12.843,0.2345
Moon,10.153,4.61,52.463,0.2138
Moon,10.02,7.499,30.484,0.2929
Moon,8.77,2.846,14.295,0.1905
Moon,10.14,2.682,29.4,0.1233
Moon,10.81,5.297,44.161,0.2295
Moon,8.903,5.349,46.346,0.266
Moon,9.993,1.326,48.198,0.0946
Moon,9.355,5.254,33.479,0.2174
Moon,9.649,3.621,48.347,0.1751
Moon,9.218,6.232,30.502,0.2486
Moon,9.385,6.657,35.353,0.2683
Moon,8.572,4.865,42.936,0.3558
Moon,10.954,1.012,26.272,0.0617
Moon,10.062,5.455,8.679,0.1996
Moon,9.752,6.242,22.508,0.241
Moon,9.459,2.743,36.197,0.1322
Moon,9.848,4.253,14.617,0.1635
Moon,9.45,7.76,12.419,0.284
Moon,9.4,3.087,19.654,0.1277
Moon,9.66,2.562,6.606,0.0963
Moon,9.19,2.476,42.171,0.1288
Moon,8.95,4.912,17.936,0.2065
Moon,9.892,7.649,11.212,0.2789
Moon,10.607,5.261,39.956,0.2241
Moon,8.882,3.123,47.146,0.1958
Moon,8.582,5.47,5.994,0.3368
Moon,9.117,5.374,16.68,0.2048
Moon,10.949,5.178,52.262,0.2335
Moon,10.572,2.116,24.263,0.0983
Moon,9.99,5.442,51.93,0.2424
Moon,10.823,4.011,18.711,0.1591
Moon,9.613,1.13,15.903,0.0555
Moon,10.958,4.778,15.705,0.1829
Moon,9.241,7.925,9.261,0.2866
Moon,9.101,3.448,49.822,0.1705
Moon,10.095,7.759,53.992,0.3256
Moon,9.445,1.673,52.725,0.1113
Moon,10.066,6.127,47.601,0.2621
Moon,9.262,1.8,47.344,0.1104
Moon,10.045,2.915,38.054,0.1401
Moon,9.189,4.996,46.311,0.2212
Moon,8.627,5.149,15.417,0.3198
Moon,10.78,6.426,24.396,0.2493
Moon,10.708,5.307,37.042,0.2228
Moon,10.927,5.155,48.739,0.2292
Moon,10.291,7.386,38.023,0.2965
Moon,10.207,4.165,46.951,0.1927
Moon,9.898,2.577,28.697,0.1189
Moon,8.815,2.133,40.865,0.1772
Moon,8.973,3.8,53.999,0.196
Moon,9.224,5.989,12.674,0.2223
Moon,10.725,1.298,51.346,0.0968
Moon,8.932,1.903,31.118,0.1203
Moon,10.807,1.743,37.161,0.0982
Moon,9.807,5.097,48.893,0.2273
Moon,10.289,2.7,25.483,0.12
Moon,8.776,2.164,25.935,0.1765
Moon,9.173,5.149,31.359,0.2116
Moon,10.896,6.329,5.955,0.2275
Moon,9.165,3.325,29.833,0.1462
Moon,9.241,5.047,19.554,0.1962
Moon,8.994,1.687,51.398,0.1124
Moon,8.823,7.546,9.387,0.3326
Moon,9.083,3.358,27.966,0.1455
Moon,10.106,7.983,52.373,0.3318
Moon,9.638,7.85,50.052,0.3248
Moon,9.884,6.452,40.067,0.2659
Moon,8.806,1.14,34.468,0.1391
Moon,10.505,4.804,19.037,0.1872
Moon,10.46,1.608,23.348,0.0796
Moon,8.554,7.266,9.507,0.4125
Moon,9.459,6.527,44.305,0.2728
Moon,8.672,7.806,21.193,0.4038
Moon,10.48,5.259,38.389,0.2224
Moon,10.343,4.655,22.88,0.1858
Moon,10.755,4.633,28.217,0.1904
Moon,9.091,3.705,32.75,0.1624
Moon,9.641,4.281,45.093,0.1949
Moon,8.961,5.448,15.558,0.2192
Moon,9.428,7.531,24.938,0.2885
Moon,9.806,5.171,11.504,0.1925
Moon,8.633,7.0,8.788,0.376
Moon,10.287,7.039,35.234,0.2816
Moon,9.858,4.632,14.455,0.1766
Moon,10.572,3.432,7.99,0.1281
Moon,9.179,5.477,49.855,0.2416
Moon,10.758,4.121,31.716,0.176
Moon,10.997,1.57,11.731,0.0667
Moon,10.798,3.645,7.671,0.1352
Moon,10.445,7.959,10.993,0.2895
Moon,10.531,1.34,28.567,0.0755
Moon,9.934,5.877,38.423,0.2441
Moon,8.975,6.888,37.064,0.2864
Moon,10.193,5.541,12.221,0.2062
Moon,10.282,4.988,36.674,0.2113
Moon,10.963,5.953,25.243,0.2336
Moon,9.853,4.005,28.237,0.1684
Moon,9.178,1.64,45.072,0.1025
Moon,10.209,7.737,21.625,0.2924
Moon,10.948,4.026,12.35,0.1533
Moon,8.943,5.658,48.673,0.2657
Moon,9.315,4.719,15.607,0.1808
Moon,9.855,1.383,19.701,0.0681
Moon,8.926,7.669,40.33,0.3336
Moon,8.556,6.548,39.178,0.4165
Moon,9.342,2.044,45.02,0.1165
Moon,10.663,7.872,14.193,0.2897
Moon,8.609,6.158,22.614,0.3686
Moon,9.572,4.306,11.294,0.162
Moon,10.406,5.28,32.052,0.2168
Moon,10.883,1.747,19.629,0.0808
Moon,10.964,4.923,39.447,0.2117
Moon,9.555,1.516,5.017,0.0581
Moon,10.876,4.814,7.984,0.1765
Moon,8.589,4.869,26.628,0.3342
Moon,10.365,7.121,52.909,0.3021
Moon,10.107,6.075,49.543,0.2622
Moon,9.124,2.747,54.7,0.1508
Moon,9.768,7.219,25.842,0.2785
Moon,8.824,5.013,7.328,0.2415
Moon,10.679,5.245,20.298,0.2039
Moon,9.395,2.183,38.789,0.1152
Moon,10.065,7.004,11.758,0.2569
Moon,8.897,7.517,19.999,0.3174
Moon,9.015,6.425,7.808,0.2327
Moon,10.98,7.585,28.748,0.2942
Moon,10.383,3.116,15.446,0.1245
Moon,10.905,7.028,9.562,0.2555
Moon,9.24,4.422,25.561,0.1803
Moon,8.911,2.147,22.561,0.1273
Moon,9.758,5.682,31.876,0.2307
Moon,9.737,5.789,42.452,0.2451
Moon,8.937,3.008,10.628,0.1368
Moon,10.333,1.192,44.556,0.0863
Moon,9.404,2.399,6.314,0.0903
Moon,8.966,3.798,27.155,0.1715
Moon,9.33,2.173,34.372,0.1104
Moon,9.909,2.358,52.85,0.1354
Moon,10.316,3.74,33.696,0.1646
Moon,9.705,7.733,12.937,0.2836
Moon,9.814,6.35,30.877,0.2531
Moon,8.847,3.238,24.789,0.189
Moon,10.787,7.661,28.968,0.2971
Moon,10.822,5.52,14.855,0.208
Moon,10.209,4.188,30.041,0.1766
Moon,8.544,4.278,12.502,0.3142
Moon,9.843,3.875,42.202,0.1778
Moon,10.073,2.631,34.695,0.1268
Moon,10.987,3.706,8.926,0.1387
Moon,10.99,4.695,49.481,0.2138
Moon,10.644,4.696,35.819,0.2002
Moon,8.66,6.332,20.805,0.3559
Moon,10.883,3.512,7.282,0.1302
Moon,10.032,6.018,36.611,0.2472
Moon,10.502,5.047,23.672,0.2003
Moon,9.518,7.733,50.381,0.321
Moon,9.299,3.697,6.744,0.1361
Moon,9.658,7.309,6.955,0.2628
Moon,8.867,6.744,52.465,0.3328
Moon,9.393,5.464,53.244,0.2445
Moon,10.644,5.582,6.387,0.2017
Moon,8.595,1.593,40.802,0.2316
Moon,8.877,7.652,16.075,0.3248
Moon,8.813,1.749,40.07,0.1637
Moon,9.508,4.943,48.437,0.2214
Moon,10.992,3.31,10.042,0.1259
Moon,8.933,4.009,16.938,0.1795
Moon,8.864,5.271,6.204,0.2361
Moon,10.788,7.362,7.191,0.2649
Moon,10.705,4.203,6.481,0.1536
Moon,8.581,7.914,45.034,0.4618
Moon,10.379,5.15,19.915,0.2002
Moon,10.139,2.124,29.661,0.104
Moon,10.419,2.33,44.392,0.1259
Moon,9.736,6.013,29.747,0.2402
Moon,10.978,1.353,26.46,0.0738
Moon,8.61,4.362,5.579,0.2884
Moon,9.086,2.038,33.402,0.1047
Moon,9.491,4.033,11.237,0.1524
Moon,9.624,6.249,43.232,0.262
Moon,10.803,4.212,17.887,0.1653
Moon,9.9,2.144,38.709,0.1138
Moon,8.613,2.763,37.311,0.2631
Moon,9.52,3.573,35.834,0.1609
Moon,9.541,1.487,18.348,0.0704
Moon,10.914,5.09,18.354,0.1965
Moon,9.998,5.253,48.152,0.232
Moon,10.089,1.435,5.64,0.0559
Moon,10.283,3.816,14.076,0.1476
Moon,10.425,3.898,35.509,0.1719
Moon,10.088,3.337,45.852,0.1626
Moon,9.093,4.904,22.917,0.1946
Moon,10.685,3.422,37.672,0.1574
Moon,10.33,3.915,32.858,0.1699
Moon,10.355,6.583,8.227,0.2386
Moon,10.991,2.135,36.088,0.1108
Moon,10.506,5.334,45.695,0.2324
Moon,10.573,4.539,54.622,0.2135
Moon,10.879,3.136,6.482,0.1162
Moon,8.878,6.093,38.003,0.292
Moon,9.744,4.858,25.727,0.1958
Moon,9.951,4.342,5.489,0.1574
Moon,9.323,5.674,35.718,0.2343
Moon,10.599,6.616,11.121,0.2427
Moon,10.406,7.809,23.928,0.2972
Moon,10.302,5.405,18.068,0.2073
Moon,10.993,7.121,23.058,0.2723
Moon,9.148,1.008,29.635,0.0649
Moon,10.339,4.712,22.96,0.1879
Moon,9.879,2.503,32.637,0.1202
Moon,9.282,1.659,16.932,0.075
Moon,8.901,4.724,36.768,0.2349
Moon,10.74,6.228,47.688,0.2657
Moon,9.989,3.886,16.203,0.1522
Moon,10.562,5.691,30.394,0.2296
Moon,9.863,4.428,37.434,0.1924
Moon,9.05,4.06,33.231,0.1753
Moon,9.344,3.032,23.282,0.1294
Moon,9.454,3.678,37.11,0.1658
Moon,10.932,3.449,6.412,0.1271
Moon,8.514,5.523,23.495,0.3788
Moon,10.964,1.812,31.631,0.0951
Moon,10.951,1.648,6.031,0.0637
Moon,10.99,5.62,30.382,0.2271
Moon,9.691,4.824,37.713,0.2066
Moon,10.91,4.011,42.96,0.1834
Moon,9.489,2.067,10.669,0.083
Moon,8.566,3.877,54.528,0.335
Moon,9.061,6.528,35.308,0.2638
Moon,10.863,7.227,23.16,0.2761
Moon,8.534,5.918,17.455,0.3798
Moon,9.865,1.419,33.645,0.0833
Moon,8.689,5.693,49.086,0.352
Moon,9.216,2.687,31.028,0.1251
Moon,8.72,3.207,38.074,0.2436
Moon,10.649,2.371,22.885,0.1059
Moon,9.978,6.43,24.408,0.2495
Moon,10.755,5.54,19.309,0.2132
Moon,10.221,5.283,40.282,0.2252
Moon,10.928,5.676,22.959,0.2216
Moon,9.775,2.657,14.536,0.1075
Moon,10.097,4.113,23.47,0.1674
Moon,9.941,5.433,47.691,0.2378
Moon,9.711,5.456,41.913,0.2329
Moon,10.615,6.543,21.732,0.2507
Moon,10.111,3.01,50.34,0.1557
Moon,10.503,6.392,8.742,0.2325
Moon,10.466,4.081,7.488,0.1503
Moon,8.978,5.691,11.374,0.218
Moon,10.125,4.19,10.823,0.1575
Moon,8.999,7.64,9.392,0.2771
Moon,9.958,2.255,38.067,0.117
Moon,10.194,5.725,35.042,0.2354
Moon,10.993,5.036,37.38,0.2136
Moon,8.576,2.209,39.418,0.258
Moon,8.728,1.462,42.844,0.1846
Moon,8.693,6.594,15.359,0.3486
Moon,9.496,2.102,36.115,0.1097
Moon,10.554,2.306,34.002,0.1147
Moon,10.61,7.849,52.183,0.3269
Moon,10.342,6.021,16.618,0.2273
Moon,10.742,2.753,7.936,0.1043
Moon,9.307,5.137,37.675,0.2175
Moon,8.72,4.739,42.009,0.3011
Moon,8.645,6.911,19.16,0.3793
Moon,10.63,6.105,33.542,0.2472
Moon,10.326,6.822,7.977,0.2467
Moon,10.247,2.481,53.002,0.1398
Moon,9.349,5.482,10.496,0.2023
Moon,9.45,1.282,8.379,0.0532
Moon,10.895,1.483,7.206,0.0591
Moon,8.66,5.995,26.364,0.3497
Moon,10.434,1.171,9.858,0.0508
Moon,9.274,5.058,42.232,0.2193
Moon,8.598,6.883,49.944,0.425
Moon,10.356,3.66,18.011,0.1461
Moon,9.327,1.314,36.439,0.0824
Moon,10.305,5.997,7.117,0.217
Moon,10.269,7.508,24.328,0.2871
Moon,9.837,6.02,19.647,0.2304
Moon,10.443,5.049,16.431,0.1932
Moon,9.953,2.61,37.236,0.1286
Moon,9.217,1.108,11.511,0.0503
Moon,10.335,5.863,48.036,0.2532
Moon,9.973,2.617,38.242,0.1298
Moon,8.532,7.007,40.537,0.4418
Moon,10.754,4.265,51.767,0.201
Moon,9.864,4.714,52.119,0.2171
Moon,10.672,6.278,32.583,0.2523
Moon,10.707,6.456,29.769,0.2557
Moon,9.612,5.499,21.769,0.2142
Moon,9.769,7.569,40.779,0.3057
Moon,9.539,7.876,31.91,0.3076
Moon,9.624,7.628,51.644,0.3186
Moon,10.738,6.769,16.931,0.2539
Moon,10.47,5.939,20.513,0.2284
Moon,8.816,5.643,20.805,0.2795
Moon,10.026,1.726,45.3,0.1057
Moon,10.99,2.9,9.952,0.1115
Moon,9.989,1.04,27.782,0.0642
Moon,10.465,1.962,26.379,0.095
Moon,10.423,4.075,8.657,0.1513
Moon,9.376,2.026,25.54,0.0964
Moon,9.43,7.312,30.669,0.2866
Moon,10.31,6.64,8.255,0.2407
Moon,9.75,1.501,30.493,0.083
Moon,9.926,2.742,52.962,0.1489
Moon,10.282,6.734,53.946,0.2896
Moon,10.444,6.621,31.584,0.2633
Moon,9.179,7.618,30.755,0.2974
Moon,8.867,7.983,19.275,0.343
Moon,9.229,7.834,54.856,0.329
Moon,9.769,3.871,18.711,0.1542
Moon,9.355,2.752,27.645,0.124
Moon,9.921,6.309,5.147,0.226
Moon,8.634,3.095,22.462,0.2529
Moon,9.774,6.645,8.572,0.2411
Moon,9.42,4.738,42.191,0.208
Moon,9.837,6.557,33.051,0.2626
Moon,9.556,2.931,33.609,0.1362
Moon,9.211,4.556,19.326,0.1788
Moon,10.76,4.948,45.745,0.2189
Moon,8.962,7.602,5.164,0.2839
Moon,10.203,2.866,21.68,0.122
Moon,10.812,7.557,37.975,0.3025
Moon,9.847,6.634,50.396,0.2826
Moon,10.691,6.116,16.731,0.2308
Moon,8.812,6.508,32.055,0.3225
Moon,9.734,5.238,31.9,0.2152
Moon,9.643,2.709,48.709,0.1435
Moon,8.52,2.326,7.526,0.2489
Moon,9.608,7.064,26.224,0.2735
Moon,9.423,6.076,14.123,0.2268
Moon,10.174,2.492,6.077,0.0933
Moon,10.846,5.306,12.352,0.198
Moon,8.714,4.133,53.824,0.2936
Moon,9.319,2.111,15.742,0.0896
Moon,9.61,4.723,51.752,0.2171
Moon,9.638,2.971,15.263,0.1192
Moon,10.437,1.674,51.565,0.1101
Moon,9.608,4.269,37.731,0.1871
Moon,8.568,5.131,10.661,0.3343
Moon,10.275,1.328,34.096,0.0806
Moon,10.712,3.815,20.926,0.1544
Moon,9.785,2.804,24.158,0.1223
Moon,9.953,1.215,27.009,0.0695
Moon,8.907,1.88,26.135,0.1228
Moon,9.052,1.973,38.205,0.1073
Moon,9.088,2.28,43.418,0.1232
Moon,9.577,6.624,21.459,0.2533
Moon,10.82,4.076,51.218,0.1939
Moon,9.804,2.03,51.923,0.123
Moon,8.98,1.702,7.035,0.0732
Moon,9.165,3.086,5.745,0.1137
Moon,9.46,6.586,26.253,0.2568
Moon,10.058,3.551,34.532,0.1588
Moon,9.6,2.119,18.895,0.0931
Moon,9.481,3.829,17.971,0.152
Moon,9.912,4.887,38.917,0.21
Moon,9.105,1.207,35.085,0.0773
Moon,8.697,5.393,13.357,0.303
Moon,8.561,3.766,49.225,0.3273
Moon,9.128,1.068,38.999,0.0764
Moon,8.729,5.717,23.129,0.3136
Moon,9.341,5.987,39.181,0.2487
Moon,10.432,5.402,10.633,0.1997
Moon,10.291,3.394,28.413,0.1472
Moon,10.027,4.707,13.449,0.1782
Moon,10.631,3.71,7.072,0.1369
Moon,9.205,5.904,21.916,0.2286
Moon,10.713,5.085,12.537,0.1905
Moon,9.498,1.573,36.676,0.0917
Moon,9.502,5.502,38.703,0.2313
Moon,9.513,5.811,12.435,0.2158
Moon,8.745,3.595,6.231,0.217
Moon,10.939,7.131,44.641,0.2942
Moon,8.846,6.901,5.103,0.2979
Moon,9.352,2.226,22.196,0.1001
Moon,9.298,7.33,29.729,0.2863
Moon,8.687,4.086,45.932,0.2934
Moon,8.881,6.066,46.928,0.299
Moon,8.612,6.699,41.247,0.405
Moon,9.231,4.536,17.36,0.1761
Moon,10.667,3.794,41.009,0.1738
Moon,9.349,7.408,17.327,0.2766
Moon,8.809,2.616,15.73,0.1709
Moon,10.114,2.799,32.356,0.1303
Moon,10.992,3.531,38.943,0.1625
Moon,9.081,7.016,7.653,0.2532
Moon,9.199,7.572,8.001,0.273
Moon,10.93,2.54,44.209,0.1331
Moon,8.947,7.047,47.975,0.3123
Moon,9.778,2.807,35.222,0.1335
Moon,9.099,7.794,26.441,0.2992
Moon,10.831,5.182,47.266,0.2286
Moon,10.954,1.05,41.441,0.0782
Moon,10.537,1.239,33.98,0.0773
Moon,9.287,2.032,20.988,0.0921
Moon,9.509,2.313,14.9,0.0959
Moon,9.106,6.373,25.934,0.249
Moon,10.727,2.559,19.341,0.1089
Moon,10.786,7.784,21.963,0.2944
Moon,9.547,5.453,30.782,0.2216
Moon,10.141,5.848,13.455,0.2181
Moon,8.914,2.525,45.309,0.1624
Moon,9.587,7.249,12.276,0.266
Moon,10.079,5.675,29.05,0.2277
Moon,9.464,7.051,42.299,0.2891
Moon,9.394,7.695,29.251,0.2986
Moon,8.502,1.879,23.051,0.2547
Moon,10.511,1.676,28.745,0.0874
Moon,10.723,6.624,47.434,0.2793
Moon,10.924,7.063,54.522,0.3017
Moon,10.298,5.086,36.557,0.2146
Moon,9.872,3.562,44.672,0.1693
Moon,9.173,5.568,5.724,0.2006
Moon,10.998,3.14,49.018,0.1589
Moon,9.974,2.669,52.702,0.1461
Moon,10.203,4.417,33.758,0.1884
Moon,10.206,2.513,42.69,0.1306
Moon,10.613,4.386,30.637,0.1841
Moon,8.524,7.696,19.31,0.4473
Moon,9.051,6.878,47.612,0.2884
Moon,10.164,7.591,34.842,0.3005
Moon,10.738,6.644,33.969,0.2665
Moon,10.213,3.483,37.957,0.1599
Moon,9.534,6.684,47.8,0.2818
Moon,9.404,7.46,41.595,0.3027
Moon,10.345,7.629,15.556,0.2826
Moon,10.353,5.782,28.341,0.2307
Moon,10.018,2.48,54.015,0.1408
Moon,9.229,1.278,32.728,0.0775
Moon,10.813,2.03,51.912,0.123
Moon,9.88,7.759,45.668,0.3172
Moon,10.476,4.235,38.301,0.1865
Moon,9.036,6.985,22.468,0.2669
Moon,9.36,4.255,20.216,0.1692
Moon,10.686,5.626,37.171,0.2341
Moon,8.625,1.169,26.628,0.1925
Moon,9.781,2.749,44.938,0.1412
Moon,9.704,4.054,43.023,0.1849
Moon,10.378,5.414,20.607,0.2101
Moon,9.205,2.201,40.136,0.1172
Moon,9.048,6.352,29.728,0.252
Moon,10.815,3.551,21.165,0.1454
Moon,9.929,6.722,25.648,0.2609
Moon,8.762,1.686,49.768,0.1882
Moon,8.983,5.758,22.976,0.2303
Moon,10.997,3.053,19.37,0.1262
Moon,8.989,6.568,22.59,0.2561
Moon,10.026,3.815,15.731,0.1493
Moon,9.55,5.657,32.232,0.2302
Moon,10.714,7.54,12.372,0.2763
Moon,10.388,1.144,45.872,0.0859
Moon,9.992,1.078,16.279,0.054
Moon,8.527,6.392,34.903,0.4163
Moon,10.699,5.525,11.251,0.2046
Moon,9.612,3.051,53.923,0.1607
Moon,10.829,4.461,27.729,0.1839
Moon,9.739,1.294,46.109,0.0914
Moon,10.236,2.347,43.432,0.1256
Moon,8.673,3.971,40.685,0.2886
Moon,10.363,6.838,46.368,0.2857
Moon,9.345,4.358,10.023,0.1625
Moon,9.378,5.105,38.925,0.2176
Moon,8.797,7.116,18.291,0.3351
Moon,8.867,3.162,44.294,0.1992
Moon,8.964,5.905,52.843,0.2714
Moon,9.321,7.032,50.074,0.2962
Moon,10.73,2.418,10.748,0.0954
Moon,9.421,3.495,23.478,0.1458
Moon,10.311,7.859,23.216,0.2983
Moon,8.707,7.883,11.115,0.3847
Moon,9.978,2.563,9.906,0.0996
Moon,9.705,1.465,24.245,0.0755
Moon,10.945,2.896,54.604,0.156
Moon,10.616,3.784,33.447,0.1659
Moon,9.637,4.087,36.089,0.1791
Moon,10.438,5.332,28.551,0.2152
Moon,8.983,7.297,38.117,0.2993
Moon,9.906,3.312,52.833,0.1688
Moon,8.687,6.95,34.435,0.3822
Moon,9.37,1.654,8.252,0.0662
Moon,9.065,1.293,29.645,0.0749
Moon,10.297,4.528,54.638,0.2131
Moon,9.725,1.418,24.37,0.074
Moon,10.378,3.747,34.694,0.1659
Moon,9.788,7.277,10.332,0.265
Moon,8.716,2.69,12.059,0.2008
Moon,10.338,5.942,48.734,0.2567
Moon,10.583,3.117,20.017,0.1291
Moon,10.759,1.314,20.273,0.0663
Moon,9.93,4.897,24.361,0.1957
Moon,10.384,6.844,53.324,0.2929
Moon,10.38,3.866,9.22,0.1445
Moon,8.889,5.321,45.938,0.2691
Moon,8.911,7.3,22.078,0.3074
Moon,8.677,6.528,47.473,0.3835
Moon,9.3,2.357,54.588,0.1371
Moon,9.684,6.134,22.433,0.2371
Moon,10.995,4.513,11.468,0.1694
Moon,9.577,6.222,12.219,0.23
Moon,10.316,4.462,42.937,0.1991
Moon,10.233,1.896,12.246,0.0786
Moon,9.011,4.989,18.021,0.1926
Moon,8.646,4.445,15.22,0.2887
Moon,9.865,4.625,22.784,0.1847
Moon,10.251,7.152,8.718,0.259
Moon,10.996,7.264,47.837,0.3021
Moon,9.397,4.175,48.007,0.1941
Moon,10.741,4.19,25.647,0.1723
Moon,9.455,4.606,35.604,0.1968
Moon,10.224,4.637,37.098,0.1994
Moon,9.996,7.653,42.463,0.3103
Moon,8.632,5.546,31.035,0.3477
Moon,8.696,2.942,30.517,0.2348
Moon,8.552,4.721,36.565,0.3512
Moon,9.427,5.391,40.152,0.2288
Moon,10.365,5.478,22.335,0.2141
Moon,8.932,5.097,21.519,0.2226
Moon,10.015,2.244,18.486,0.097
Moon,9.222,1.235,32.442,0.0757
Moon,10.492,3.365,23.008,0.1408
Moon,10.496,3.993,32.016,0.1718
Moon,10.439,1.433,25.299,0.0754
Moon,9.812,6.705,46.837,0.2815
Moon,9.211,3.409,8.657,0.128
Moon,10.524,7.395,33.611,0.2925
Moon,8.965,2.081,33.781,0.1182
Moon,9.224,1.399,24.186,0.0731
Moon,8.96,4.376,26.051,0.1926
Moon,10.186,2.324,45.007,0.1263
Moon,10.216,7.562,19.034,0.2837
Moon,10.131,1.072,48.57,0.0861
Moon,9.539,3.888,49.817,0.1859
Moon,8.75,7.487,37.531,0.3828
Moon,10.778,3.691,43.643,0.1728
Moon,9.769,1.652,35.647,0.0935
Moon,9.517,3.12,31.263,0.1405
Moon,9.972,4.486,53.334,0.2103
Moon,8.982,2.296,19.133,0.1055
Moon,8.831,4.266,12.708,0.2182
Moon,9.514,6.854,19.374,0.2593
Moon,9.068,7.108,35.731,0.2845
Moon,9.111,1.345,14.259,0.0613
Moon,10.731,2.126,50.441,0.1249
Moon,9.827,2.927,25.551,0.128
Moon,9.709,5.164,47.498,0.2282
Moon,10.224,3.527,17.462,0.1409
Moon,10.879,6.908,20.658,0.2624
Moon,8.78,6.017,7.961,0.2917
Moon,10.584,1.703,17.888,0.0775
Moon,9.96,5.372,29.516,0.2175
Moon,8.865,1.791,52.307,0.1599
Moon,9.243,2.785,24.445,0.1219
Moon,9.706,2.245,36.987,0.1156
Moon,10.228,2.211,26.386,0.1038
Moon,9.107,5.315,7.34,0.1934
Moon,9.837,4.945,30.177,0.2033
Moon,10.212,2.232,8.296,0.0864
Moon,9.622,7.931,49.185,0.3268
Moon,10.658,3.953,42.652,0.181
Moon,10.674,1.679,23.933,0.0827
Moon,9.677,1.844,37.011,0.1016
Moon,10.932,5.087,10.601,0.1887
Moon,8.689,7.853,40.128,0.4187
Moon,8.508,5.004,46.137,0.3851
Moon,9.452,7.643,46.087,0.3136
Moon,10.003,4.109,19.214,0.163
Moon,10.073,4.051,18.187,0.16
Moon,9.691,4.5,31.07,0.1886
Moon,8.812,5.882,53.389,0.3219
Moon,8.926,3.573,51.026,0.2007
Moon,10.63,7.047,22.982,0.2696
Moon,10.67,1.205,43.991,0.0862
Moon,10.185,4.078,51.066,0.1938
Moon,10.161,4.577,18.046,0.1782
Moon,9.994,5.249,46.515,0.2302
Moon,9.007,2.933,18.395,0.121
Moon,9.571,3.992,22.164,0.1619
Moon,10.24,4.392,14.941,0.1687
Moon,9.843,5.808,30.354,0.2336
Moon,8.546,6.415,47.166,0.4229
Moon,10.884,6.165,31.403,0.2472
Moon,10.612,3.391,11.172,0.1299
Moon,9.151,7.996,17.589,0.2975
Moon,10.041,6.941,33.143,0.2761
Moon,10.808,2.82,34.159,0.1329
Moon,8.74,2.366,33.845,0.2033
Moon,9.758,3.198,8.85,0.1208
Moon,9.641,4.166,42.685,0.1885
Moon,9.526,6.956,50.471,0.2939
Moon,10.589,6.449,30.526,0.2562
Moon,9.452,6.959,40.941,0.2845
Moon,8.659,2.904,50.701,0.2659
Moon,8.665,5.154,37.131,0.3293
Moon,8.607,2.983,38.716,0.2742
Moon,9.523,1.763,41.07,0.1028
Moon,10.296,5.789,18.025,0.2207
Moon,9.009,2.001,34.134,0.1042
Moon,10.116,5.674,47.109,0.2457
Moon,10.218,5.536,19.808,0.2136
Moon,9.138,6.672,49.859,0.2834
Moon,10.001,1.977,36.019,0.1052
Moon,10.212,6.484,26.159,0.2531
Moon,9.667,7.995,36.159,0.316
Moon,9.342,6.957,25.093,0.2686
Moon,10.048,6.263,46.902,0.2661
Moon,10.945,5.635,29.116,0.2263
Moon,9.567,3.952,50.061,0.1884
Moon,9.479,6.114,30.49,0.2445
Moon,9.661,6.069,38.018,0.2504
Moon,8.691,5.42,54.887,0.3478
Moon,9.883,6.574,12.348,0.2424
Moon,9.322,4.141,41.836,0.1868
Moon,8.804,1.849,11.944,0.1421
Moon,9.666,4.913,46.943,0.2189
Moon,8.508,2.855,34.823,0.2986
Moon,9.504,3.691,51.908,0.1811
Moon,8.764,1.122,48.298,0.1661
Moon,8.561,3.68,8.744,0.284
Moon,10.561,6.662,11.865,0.245
Moon,10.791,4.799,35.059,0.203
Moon,9.019,1.069,30.916,0.0683
Moon,9.848,4.289,13.428,0.1635
Moon,9.195,3.04,11.468,0.1179
Moon,9.734,4.343,33.2,0.1852
Moon,9.592,3.833,7.446,0.1416
Moon,9.173,7.524,48.687,0.312
Moon,10.251,1.288,45.354,0.0904
Moon,8.816,5.785,44.268,0.308
Moon,8.633,6.957,5.8,0.3717
Moon,10.419,7.715,7.382,0.2774
Moon,10.165,2.243,32.492,0.111
Moon,9.746,4.719,54.721,0.2199
Moon,9.669,1.305,22.116,0.0678
Moon,9.744,4.494,22.219,0.1795
Moon,9.593,1.878,11.714,0.0775
Moon,9.482,6.865,38.717,0.279
Moon,9.749,1.797,37.334,0.1002
Moon,9.821,4.593,10.066,0.1708
Moon,10.23,4.648,28.371,0.191
Moon,10.278,7.802,38.354,0.3114
Moon,9.444,5.585,29.676,0.2251
Moon,9.534,3.015,38.718,0.1442
Moon,9.434,2.686,45.814,0.1398
Moon,9.841,1.898,39.291,0.1057
Moon,9.633,6.296,35.806,0.2562
Moon,10.724,5.835,47.68,0.2519
Moon,10.241,5.269,50.029,0.2344
Moon,10.747,1.286,24.444,0.0695
Moon,10.273,6.34,13.662,0.2356
Moon,10.927,5.493,45.893,0.2382
Moon,10.089,7.747,15.688,0.2868
Moon,10.909,5.11,51.448,0.2303
Moon,8.895,3.128,6.144,0.1505
Moon,8.631,3.671,51.064,0.3025
Moon,9.948,2.231,34.459,0.1125
Moon,10.959,6.06,43.737,0.2559
Moon,9.544,5.954,24.925,0.2333
Moon,9.03,2.405,54.586,0.1387
Moon,9.804,2.109,16.378,0.0902
Moon,10.122,1.539,18.217,0.0721
Moon,9.288,7.384,7.572,0.266
Moon,10.287,2.631,52.024,0.1441
Moon,10.938,3.409,27.801,0.1471
Moon,10.742,2.964,38.743,0.1425
Moon,9.229,3.895,39.372,0.1757
Moon,9.317,5.998,48.725,0.2587
Moon,9.429,7.094,38.246,0.2865
Moon,9.486,2.278,33.101,0.1128
Moon,8.751,5.805,40.516,0.3268
Moon,10.405,3.468,42.549,0.1639
Moon,9.413,7.864,14.296,0.2895
Moon,10.7,3.092,10.483,0.1187
Moon,10.817,1.05,8.742,0.0455
Moon,8.561,4.609,23.703,0.3313
Moon,10.971,2.055,29.9,0.1018
Moon,10.275,1.311,35.782,0.0817
Moon,9.801,5.888,52.902,0.259
Moon,9.474,6.126,21.539,0.2359
Moon,9.796,4.225,43.044,0.1909
Moon,9.312,5.738,31.568,0.2324
Moon,10.057,4.768,16.004,0.1829
Moon,8.732,5.409,35.765,0.3142
Moon,10.053,5.177,53.359,0.2346
Moon,9.188,5.661,11.215,0.2093
Moon,8.544,2.397,30.364,0.2662
Moon,9.882,2.881,7.58,0.1084
Moon,9.946,4.08,21.061,0.1639
Moon,9.566,4.123,36.03,0.1803
Moon,8.681,6.421,47.053,0.3782
Moon,10.733,3.572,41.516,0.1665
Moon,10.029,2.138,28.143,0.103
Moon,8.789,2.76,50.461,0.2173
Moon,9.777,2.503,20.136,0.1077
Moon,9.743,6.122,42.699,0.257
Moon,8.651,4.292,28.7,0.2953
Moon,10.017,5.96,49.932,0.2585
Moon,10.521,3.914,44.872,0.1818
Moon,10.373,7.228,50.073,0.3031
Moon,9.007,7.885,15.712,0.2917
Moon,10.656,5.689,38.408,0.2375
Moon,9.356,7.047,41.923,0.2886
Moon,10.866,4.556,42.121,0.2016
Moon,8.679,7.542,30.2,0.4011
Moon,9.716,6.821,5.563,0.2443
Moon,9.993,7.942,18.072,0.2961
Moon,9.119,5.362,21.165,0.2088
Moon,10.428,6.454,47.602,0.2735
Moon,10.067,4.8,47.044,0.215
Moon,8.545,2.814,10.234,0.2603
Moon,10.021,3.483,52.492,0.1744
Moon,9.729,7.258,14.123,0.2682
Moon,8.99,1.392,25.718,0.0777
Moon,10.989,5.14,15.758,0.1957
Moon,10.743,3.607,48.017,0.1743
Moon,9.231,3.707,42.47,0.1722
Moon,9.853,7.192,22.676,0.2744
Moon,9.291,6.977,39.094,0.2833
Moon,10.439,5.192,14.218,0.1959
Moon,10.826,2.91,24.115,0.126
Moon,9.397,4.328,23.855,0.1753
Moon,10.514,3.858,16.897,0.1519
Moon,9.746,3.475,48.816,0.1705
Moon,9.491,1.719,38.942,0.0991
Moon,10.846,4.802,18.997,0.1871
Moon,9.776,3.113,17.106,0.1261
Moon,9.669,5.626,5.898,0.2028
Moon,10.181,3.234,22.329,0.1355
Moon,9.153,4.018,31.339,0.172
Moon,9.312,1.367,18.886,0.0667
Moon,10.83,7.948,40.023,0.3182
Moon,10.196,4.553,25.587,0.185
Moon,10.567,1.17,20.816,0.0618
Moon,9.178,4.789,51.953,0.2196
Moon,9.859,7.092,18.14,0.2664
Moon,10.928,6.408,24.913,0.2492
Moon,9.297,5.906,24.115,0.2308
Moon,8.901,1.976,17.06,0.1192
Moon,9.777,5.604,15.874,0.212
Moon,9.47,6.364,20.119,0.2429
Moon,8.899,5.007,48.212,0.2571
Moon,10.721,7.249,43.354,0.2971
Moon,10.977,2.939,39.05,0.1419
Moon,9.921,2.695,27.855,0.1222
Moon,10.437,7.087,30.388,0.2784
Moon,10.648,5.378,18.357,0.2066
Moon,10.252,1.01,8.716,0.0441
Moon,8.61,3.472,21.552,0.2729
Moon,8.894,7.005,29.779,0.3103
Moon,8.677,1.191,7.866,0.1571
Moon,8.525,1.023,9.412,0.2036
Moon,9.265,2.969,18.151,0.1221
Moon,9.481,7.398,23.354,0.2823
Moon,9.103,7.31,24.666,0.2805
Moon,8.662,4.631,10.894,0.2858
Moon,9.825,4.873,16.291,0.1868
Moon,9.183,3.324,18.082,0.1344
Moon,10.49,2.706,8.382,0.1031
Moon,8.52,6.707,21.305,0.416
Moon,10.606,1.744,8.611,0.0697
Moon,10.887,4.411,40.173,0.1946
Moon,10.29,5.441,24.302,0.2147
Moon,10.334,1.726,21.338,0.0817
Moon,10.834,4.637,11.326,0.1736
Moon,9.023,5.043,16.325,0.1928
Moon,10.986,6.197,16.635,0.2335
Moon,10.434,2.644,54.26,0.1468
Moon,10.316,3.053,46.767,0.1536
Moon,9.403,4.987,5.763,0.1803
Moon,9.864,7.882,35.842,0.3117
Moon,10.135,2.522,17.796,0.1061
Moon,10.051,7.901,10.219,0.2868
Moon,10.262,6.0,40.28,0.2503
Moon,8.706,6.783,11.58,0.347
Moon,9.389,1.627,27.187,0.0841
Moon,9.585,3.103,36.608,0.1452
Moon,9.152,1.404,32.725,0.0819
Moon,8.932,3.601,53.881,0.2027
Moon,8.847,7.869,44.287,0.3706
Moon,9.416,1.737,43.71,0.1045
Moon,9.734,4.937,22.78,0.1956
Moon,8.657,1.042,5.42,0.1561
Moon,10.866,5.989,41.721,0.2513
Moon,10.413,2.38,54.987,0.1383
Moon,10.327,1.907,25.294,0.092
Moon,8.932,3.359,54.276,0.1945
Moon,10.01,6.397,12.085,0.236
Moon,9.824,1.746,19.826,0.0809
Moon,10.956,2.609,13.536,0.1048
Moon,10.369,1.059,28.759,0.0658
Moon,9.939,7.779,44.849,0.3171
Moon,10.627,5.145,22.033,0.2021
Moon,8.888,6.039,50.311,0.2991
Moon,8.538,5.56,32.242,0.3808
Moon,10.226,2.011,28.271,0.0986
Moon,8.746,5.165,44.352,0.3099
Moon,8.789,1.92,10.072,0.1477
Moon,10.362,3.809,43.688,0.177
Moon,9.176,4.983,17.148,0.1915
Moon,10.072,4.912,19.041,0.191
Moon,10.794,1.834,34.973,0.0991
Moon,9.291,1.241,50.097,0.0935
Moon,9.043,6.588,33.92,0.2645
Moon,8.766,6.081,37.447,0.3282
Moon,8.826,1.573,43.83,0.1568
Moon,8.656,1.892,17.966,0.199
Moon,8.719,7.248,46.362,0.3937
Moon,9.58,6.384,25.898,0.2493
Moon,9.302,7.973,13.783,0.2928
Moon,10.266,2.778,22.506,0.1197
Moon,10.676,4.415,17.307,0.1718
Moon,10.462,2.655,16.436,0.1094
Moon,9.827,5.36,19.128,0.2067
Moon,8.756,1.808,14.047,0.1586
Moon,10.274,1.891,38.385,0.1046
Moon,9.407,1.503,34.0,0.0866
Moon,8.714,5.855,37.422,0.3376
Moon,10.606,4.459,22.186,0.1782
Moon,9.346,5.324,43.487,0.2298
Moon,9.046,7.155,11.48,0.2619
Moon,10.679,6.182,33.557,0.2499
Moon,10.755,4.232,18.773,0.1669
Moon,9.347,7.89,31.38,0.3075
Moon,9.387,4.194,21.182,0.168
Moon,9.949,1.787,44.526,0.1071
Moon,10.334,7.949,49.564,0.3278
Moon,8.658,1.16,42.129,0.1968
Moon,9.983,4.849,13.779,0.1835
Moon,10.882,3.164,18.743,0.1295
Moon,9.155,4.525,50.968,0.2093
Moon,10.772,4.911,26.861,0.1987
Moon,10.875,2.681,52.059,0.1459
Moon,9.173,4.898,24.623,0.1961
Moon,10.386,6.292,52.589,0.2728
Moon,9.097,2.866,51.287,0.1516
Moon,10.344,3.684,38.026,0.167
Moon,10.494,2.878,5.441,0.1062
Moon,9.118,6.744,25.017,0.2611
Moon,10.29,6.075,50.562,0.2632
Moon,10.53,7.098,49.256,0.2977
Moon,9.396,2.19,14.369,0.091
Moon,8.919,1.515,24.959,0.1049
Moon,8.73,1.836,46.775,0.2011
Moon,9.938,2.127,33.894,0.1083
Moon,10.945,4.732,47.365,0.213
Moon,10.557,7.796,46.328,0.3192
Moon,9.59,3.501,50.374,0.1729
Moon,9.842,7.71,10.861,0.2807
Moon,9.199,1.267,12.261,0.0566
Moon,8.908,7.488,9.14,0.302
Moon,9.705,2.268,51.763,0.1311
Moon,9.659,7.387,28.758,0.2873
Moon,9.805,1.394,8.216,0.057
Moon,10.882,7.638,21.076,0.2884
Moon,10.01,2.406,22.571,0.1068
Moon,10.014,3.119,45.478,0.1546
Moon,8.82,4.437,41.774,0.257
Moon,10.991,3.665,39.469,0.1677
Moon,10.432,5.673,6.093,0.2046
Moon,10.693,7.824,50.535,0.3244
Moon,9.536,5.245,15.778,0.1994
Moon,9.755,6.05,36.453,0.2482
Moon,9.805,1.616,8.091,0.0647
Moon,8.985,5.395,9.076,0.2028
Moon,10.224,4.177,5.479,0.1517
Moon,10.757,7.2,33.296,0.2853
Moon,8.909,3.717,36.469,0.1968
Moon,8.716,5.756,7.523,0.3037
Moon,10.346,2.597,19.524,0.1104
Moon,9.183,2.816,47.573,0.1461
Moon,10.06,3.633,10.065,0.1372
Moon,10.239,3.128,15.827,0.1253
Moon,9.305,2.777,26.22,0.1234
Moon,10.538,1.348,47.114,0.0943
Moon,9.875,6.857,17.742,0.2577
Moon,10.672,1.45,54.857,0.1056
Moon,10.408,7.212,22.763,0.2752
Moon,10.671,1.878,24.322,0.0901
Moon,8.55,1.457,11.105,0.212
Moon,9.109,4.941,39.01,0.2119
Moon,8.725,4.517,17.173,0.2669
Moon,9.605,4.439,36.443,0.1918
Moon,10.725,5.022,16.158,0.1919
Moon,9.669,3.009,24.394,0.1297
Moon,10.624,5.641,47.834,0.2453
Moon,9.318,4.517,41.945,0.2
Moon,9.349,3.343,12.73,0.1297
Moon,10.739,6.786,35.385,0.2729
Moon,9.565,6.094,36.432,0.2497
Moon,10.474,3.755,9.528,0.141
Moon,9.092,6.933,28.29,0.271
Moon,10.872,7.442,18.033,0.2785
Moon,9.936,4.758,28.357,0.1949
Moon,10.398,2.505,43.854,0.1315
Moon,8.724,7.411,12.913,0.3644
Moon,9.732,2.326,11.165,0.0926
Moon,10.753,1.339,18.466,0.0653
Moon,10.693,3.292,52.614,0.1678
Moon,8.617,6.089,42.391,0.3832
Moon,9.259,7.463,5.973,0.2672
Moon,9.608,5.461,25.05,0.2162
Moon,8.931,7.663,17.87,0.3092
Mars,7.595,8.094,107.826,0.8593
Mars,7.148,2.389,75.171,0.6588
Mars,8.411,8.123,80.217,0.5608
Mars,6.547,2.897,88.907,0.6903
Mars,7.47,9.103,92.585,0.9112
Mars,7.751,5.901,98.762,0.7218
Mars,8.064,10.377,100.874,0.7629
Mars,7.017,11.425,132.915,0.9829
Mars,7.717,6.171,141.532,0.7851
Mars,6.758,6.606,109.421,0.8406
Mars,7.089,7.901,205.167,0.9266
Mars,8.239,3.971,148.502,0.5411
Mars,8.375,11.273,185.996,0.7084
Mars,7.797,6.33,207.878,0.7725
Mars,6.936,3.668,86.102,0.7145
Mars,8.05,9.627,128.46,0.782
Mars,6.065,4.192,129.314,0.776
Mars,6.257,3.435,116.716,0.737
Mars,7.653,7.629,61.425,0.7773
Mars,6.728,8.715,190.556,0.955
Mars,8.378,7.696,77.849,0.5544
Mars,7.09,8.565,219.277,0.9498
Mars,7.073,3.155,183.673,0.7604
Mars,7.695,6.76,152.802,0.8215
Mars,7.919,5.57,84.737,0.6401
Mars,7.189,11.734,142.463,0.9925
Mars,6.535,2.496,101.777,0.6891
Mars,7.933,4.983,100.372,0.6304
Mars,6.801,11.419,192.725,1.0
Mars,6.438,11.835,120.903,0.9709
Mars,7.579,10.249,132.116,0.9557
Mars,6.226,2.76,194.874,0.7466
Mars,8.428,7.614,74.047,0.5311
Mars,7.581,6.001,155.139,0.833
Mars,8.465,10.065,152.515,0.6784
Mars,6.847,2.55,128.034,0.7173
Mars,8.428,3.971,192.764,0.4797
Mars,6.364,6.892,210.862,0.8912
Mars,6.102,3.576,134.454,0.7596
Mars,6.082,8.927,132.984,0.9454
Mars,7.162,10.208,140.33,0.9903
Mars,6.208,9.045,175.7,0.9666
Mars,7.28,6.403,166.89,0.8741
Mars,6.819,10.784,95.654,0.9457
Mars,6.839,3.377,70.223,0.6884
Mars,7.589,4.603,211.881,0.7814
Mars,6.408,6.895,101.771,0.8431
Mars,7.916,2.613,162.175,0.6027
Mars,7.455,2.957,192.55,0.7535
Mars,8.287,5.974,108.044,0.5547
Mars,6.912,11.439,161.669,1.0
Mars,8.457,11.084,77.264,0.6083
Mars,7.44,6.66,215.189,0.8831
Mars,8.434,3.422,69.305,0.3779
Mars,6.068,3.781,130.108,0.7624
Mars,7.82,5.775,145.891,0.7414
Mars,8.042,4.101,186.477,0.613
Mars,6.133,2.83,79.381,0.6784
Mars,7.447,8.738,130.529,0.9364
Mars,8.005,7.814,107.954,0.7132
Mars,7.403,4.913,109.922,0.7819
Mars,6.16,9.789,184.606,0.9926
Mars,7.734,9.759,60.874,0.8246
Mars,6.151,6.91,179.853,0.8919
Mars,8.044,2.965,189.664,0.5726
Mars,6.108,11.185,204.218,1.0
Mars,6.343,8.687,160.301,0.954
Mars,6.688,4.471,113.353,0.7698
Mars,7.583,8.105,128.358,0.8842
Mars,8.441,6.05,215.158,0.5481
Mars,6.295,8.353,200.99,0.9424
Mars,6.357,6.739,134.164,0.87
Mars,6.922,6.855,210.89,0.8899
Mars,8.091,9.359,191.673,0.7807
Mars,7.168,8.137,204.174,0.9348
Mars,6.804,2.8,169.276,0.748
Mars,7.403,2.654,197.225,0.7429
Mars,6.651,5.05,202.683,0.8268
Mars,7.003,6.302,74.723,0.7953
Mars,6.832,4.752,214.435,0.8163
Mars,8.01,8.515,113.378,0.7413
Mars,8.311,3.951,130.384,0.4985
Mars,7.899,9.041,186.705,0.8335
Mars,7.098,9.732,166.383,0.9906
Mars,7.261,3.243,202.89,0.7635
Mars,6.313,8.508,124.092,0.9219
Mars,7.867,11.614,119.726,0.8473
Mars,7.491,3.928,65.07,0.7026
Mars,8.256,11.093,134.036,0.732
Mars,6.502,8.06,175.851,0.9321
Mars,7.899,7.909,108.189,0.7519
Mars,7.712,2.519,134.036,0.6516
Mars,6.665,9.483,95.104,0.927
Mars,7.668,6.783,183.646,0.8312
Mars,8.311,9.212,69.682,0.6218
Mars,8.296,10.092,172.861,0.7346
Mars,7.799,7.238,120.63,0.7743
Mars,6.12,4.636,66.655,0.7289
Mars,8.181,3.416,196.555,0.5427
Mars,7.644,3.605,138.035,0.7161
Mars,6.776,10.669,155.891,1.0
Mars,6.468,3.236,177.125,0.7633
Mars,6.291,5.847,164.812,0.8546
Mars,6.126,5.343,176.937,0.837
Mars,7.885,10.655,181.965,0.8716
Mars,6.59,6.777,154.264,0.8872
Mars,6.061,11.964,118.502,0.9685
Mars,6.993,9.371,98.903,0.9269
Mars,7.207,10.509,204.465,1.0
Mars,6.423,2.987,215.188,0.7545
Mars,6.11,4.531,117.226,0.7758
Mars,6.473,3.354,77.97,0.6954
Mars,7.698,6.636,95.606,0.762
Mars,6.206,9.183,167.307,0.9714
Mars,7.388,3.691,87.669,0.7168
Mars,6.366,3.302,184.82,0.7656
Mars,6.489,8.146,207.685,0.9351
Mars,6.983,4.303,214.184,0.8006
Mars,6.252,6.793,61.492,0.7993
Mars,6.433,2.511,213.305,0.7379
Mars,6.872,8.806,178.431,0.9582
Mars,6.824,7.413,73.448,0.8329
Mars,7.873,8.474,126.438,0.7986
Mars,6.187,4.754,172.007,0.8164
Mars,8.151,4.786,213.07,0.6005
Mars,8.041,10.014,86.263,0.7561
Mars,7.915,9.186,80.437,0.7636
Mars,6.773,7.797,135.576,0.9085
Mars,8.057,8.281,214.896,0.7541
Mars,6.457,2.94,215.421,0.7529
Mars,6.311,10.562,96.466,0.9465
Mars,6.112,9.699,111.096,0.9506
Mars,8.348,7.905,205.285,0.6439
Mars,6.77,11.186,177.575,1.0
Mars,8.294,3.686,215.571,0.5143
Mars,6.682,8.867,202.904,0.9603
Mars,8.269,11.63,94.415,0.6881
Mars,8.26,5.1,181.556,0.5752
Mars,8.309,2.153,67.77,0.3734
Mars,7.24,9.349,190.853,0.9772
Mars,8.165,2.07,156.249,0.5008
Mars,8.377,10.725,212.976,0.7077
Mars,6.812,2.563,213.605,0.7397
Mars,7.047,8.528,68.13,0.8666
Mars,7.798,5.772,85.683,0.6883
Mars,6.751,4.033,137.473,0.7786
Mars,7.885,10.983,200.719,0.8718
Mars,6.185,9.462,190.311,0.9812
Mars,7.309,5.404,214.299,0.8392
Mars,6.306,4.842,158.893,0.8195
Mars,6.733,9.36,101.05,0.9287
Mars,6.647,10.366,64.017,0.914
Mars,8.097,9.159,95.668,0.7171
Mars,6.484,8.4,168.044,0.944
Mars,8.021,4.279,208.204,0.6261
Mars,7.985,10.528,111.345,0.7997
Mars,7.247,9.497,200.113,0.9824
Mars,6.585,7.173,123.184,0.8742
Mars,6.567,7.116,109.323,0.8584
Mars,7.162,7.692,141.415,0.9106
Mars,6.022,10.283,130.764,0.9808
Mars,7.328,9.423,206.208,0.9798
Mars,8.382,10.562,134.921,0.6909
Mars,6.387,7.073,104.374,0.8519
Mars,7.433,8.246,194.81,0.9386
Mars,8.404,10.546,219.8,0.6985
Mars,8.151,4.323,163.707,0.5842
Mars,8.126,6.44,100.074,0.6168
Mars,8.055,8.207,98.21,0.7006
Mars,6.773,11.151,69.233,0.9192
Mars,8.227,2.158,72.367,0.4057
Mars,8.353,4.126,206.397,0.51
Mars,7.239,4.345,75.438,0.7275
Mars,6.886,5.266,137.495,0.8218
Mars,7.036,4.818,171.699,0.8186
Mars,6.836,7.901,196.057,0.9265
Mars,6.531,10.856,87.403,0.9374
Mars,7.546,8.37,130.045,0.9076
Mars,7.406,4.415,100.237,0.7548
Mars,7.156,10.638,100.932,0.9509
Mars,6.24,8.32,108.614,0.8998
Mars,7.992,4.19,153.939,0.6326
Mars,6.437,5.617,62.652,0.7592
Mars,6.286,9.9,125.403,0.9719
Mars,7.558,9.389,89.893,0.8993
Mars,6.997,7.766,214.739,0.9218
Mars,6.15,3.448,153.237,0.7707
Mars,6.889,10.033,198.895,1.0
Mars,7.929,5.075,91.31,0.6258
Mars,7.538,9.716,189.603,0.9774
Mars,6.907,8.476,126.365,0.923
Mars,6.48,4.642,88.431,0.7509
Mars,7.579,4.124,181.799,0.7678
Mars,8.219,3.309,181.922,0.5262
Mars,7.616,4.419,219.342,0.7661
Mars,8.032,3.578,184.95,0.5978
Mars,7.304,8.171,83.243,0.8692
Mars,7.795,7.988,111.607,0.7929
Mars,8.241,7.862,132.276,0.6606
Mars,7.933,8.419,80.264,0.7306
Mars,8.275,10.148,186.086,0.7418
Mars,7.078,11.136,144.272,0.9943
Mars,8.261,4.304,211.112,0.5471
Mars,7.554,7.878,154.289,0.9077
Mars,8.175,2.783,143.664,0.516
Mars,6.098,3.201,71.428,0.6835
Mars,7.645,8.543,83.895,0.8347
Mars,8.12,6.866,195.924,0.6837
Mars,6.436,9.583,218.508,0.9854
Mars,7.654,6.257,126.429,0.7939
Mars,8.062,3.276,189.614,0.5772
Mars,6.72,10.721,160.414,1.0
Mars,7.013,2.829,213.449,0.749
Mars,7.424,3.89,98.102,0.7342
Mars,7.298,4.77,147.174,0.8141
Mars,6.098,11.953,125.407,0.9754
Mars,6.247,6.169,146.675,0.8626
Mars,6.251,7.017,103.017,0.8486
Mars,6.656,9.697,139.639,0.979
Mars,6.615,8.364,159.969,0.9427
Mars,7.856,10.414,72.995,0.8045
Mars,7.432,6.864,178.878,0.8903
Mars,7.91,11.722,173.044,0.8634
Mars,6.175,9.968,200.873,0.9989
Mars,7.213,6.014,128.137,0.8386
Mars,6.809,5.813,69.867,0.7733
Mars,8.125,11.295,133.834,0.7756
Mars,7.769,8.844,82.017,0.8017
Mars,8.173,8.214,163.591,0.7131
Mars,6.116,9.578,67.541,0.9028
Mars,7.802,7.608,119.839,0.7854
Mars,7.35,3.592,73.255,0.699
Mars,8.063,5.192,60.539,0.5548
Mars,7.268,7.579,213.689,0.9153
Mars,7.351,2.182,219.38,0.7264
Mars,6.129,6.374,148.88,0.872
Mars,7.671,9.558,98.233,0.8757
Mars,6.683,3.642,205.776,0.7775
Mars,6.049,2.646,207.686,0.7426
Mars,6.166,10.36,196.721,1.0
Mars,8.393,8.173,147.099,0.6354
Mars,6.865,3.766,71.952,0.7038
Mars,8.17,10.063,74.15,0.7008
Mars,8.399,8.581,203.459,0.6506
Mars,8.358,5.341,200.132,0.5509
Mars,8.204,5.762,129.504,0.5964
Mars,8.237,3.559,112.505,0.4914
Mars,6.723,10.353,163.06,1.0
Mars,6.379,7.09,189.118,0.8982
Mars,7.598,7.57,177.07,0.8822
Mars,7.22,10.835,158.496,1.0
Mars,6.247,2.158,97.042,0.6726
Mars,7.694,2.669,102.001,0.6308
Mars,7.407,3.616,175.851,0.7766
Mars,8.158,2.3,188.419,0.5113
Mars,7.523,8.582,78.582,0.8713
Mars,7.435,8.339,89.968,0.8818
Mars,7.102,4.108,168.875,0.7938
Mars,7.157,3.494,122.238,0.7445
Mars,8.386,3.457,150.127,0.4757
Mars,6.346,11.532,158.37,1.0
Mars,7.116,8.935,184.193,0.9627
Mars,7.64,7.854,188.915,0.8784
Mars,7.083,5.225,104.815,0.7877
Mars,6.708,6.33,146.607,0.8682
Mars,6.718,2.894,79.764,0.6811
Mars,6.584,11.982,194.722,1.0
Mars,6.86,9.551,195.272,0.9843
Mars,8.179,8.215,107.921,0.669
Mars,7.263,7.878,85.699,0.8614
Mars,6.601,7.043,71.215,0.8177
Mars,6.961,4.574,151.996,0.8101
Mars,6.265,4.264,74.628,0.7239
Mars,8.26,7.495,168.895,0.659
Mars,7.02,2.702,168.5,0.7446
Mars,8.451,2.745,158.238,0.4291
Mars,6.869,7.608,200.25,0.9163
Mars,8.091,11.198,120.525,0.7736
Mars,6.641,11.143,204.363,1.0
Mars,6.19,2.108,65.908,0.6397
Mars,6.079,3.074,78.041,0.6856
Mars,7.515,7.831,125.953,0.8949
Mars,6.779,10.485,155.039,1.0
Mars,7.109,11.544,65.18,0.9152
Mars,8.047,10.606,150.79,0.8178
Mars,6.62,8.776,109.184,0.9163
Mars,6.772,4.005,201.943,0.7902
Mars,8.113,2.726,145.326,0.5363
Mars,7.232,2.475,154.063,0.7366
Mars,8.069,8.121,211.299,0.7445
Mars,6.936,2.362,182.267,0.7327
Mars,6.996,9.392,130.124,0.9589
Mars,6.418,9.125,136.301,0.9557
Mars,8.291,2.796,163.668,0.4842
Mars,8.242,11.066,92.032,0.6947
Mars,8.461,7.219,74.184,0.5067
Mars,7.006,11.044,109.798,0.9598
Mars,8.047,11.016,184.541,0.8178
Mars,7.037,3.97,101.172,0.7401
Mars,7.136,5.806,80.921,0.7841
Mars,8.075,3.346,95.044,0.5205
Mars,6.443,9.75,168.636,0.9912
Mars,6.551,7.041,158.232,0.8964
Mars,6.787,11.288,170.13,1.0
Mars,7.97,4.082,111.513,0.5976
Mars,6.932,8.884,204.137,0.9609
Mars,6.895,11.892,132.283,0.9823
Mars,8.497,8.654,142.194,0.6127
Mars,6.96,2.688,211.809,0.7441
Mars,6.619,7.884,216.684,0.9259
Mars,7.558,3.798,165.847,0.7636
Mars,8.005,2.305,211.17,0.5624
Mars,6.174,5.35,146.641,0.8339
Mars,7.547,4.661,109.165,0.7566
Mars,6.089,9.888,110.415,0.9565
Mars,7.316,5.737,149.43,0.8502
Mars,6.642,9.33,156.806,0.9765
Mars,6.767,2.162,130.339,0.706
Mars,7.168,2.148,201.403,0.7252
Mars,8.318,2.293,128.271,0.4359
Mars,7.777,4.194,103.748,0.6583
Mars,8.342,5.74,61.277,0.4815
Mars,7.65,8.078,215.291,0.8828
Mars,6.018,11.859,191.89,1.0
Mars,6.664,5.544,158.49,0.844
Mars,8.264,2.557,192.887,0.4847
Mars,7.609,3.949,189.646,0.752
Mars,8.454,10.979,209.096,0.682
Mars,6.39,8.994,121.771,0.9366
Mars,6.742,9.902,148.776,0.9953
Mars,6.906,3.242,75.78,0.6892
Mars,6.816,3.35,214.45,0.7672
Mars,6.63,3.122,217.62,0.7593
Mars,7.109,10.572,186.253,1.0
Mars,7.606,4.1,132.659,0.7409
Mars,6.778,8.432,139.451,0.9346
Mars,6.199,7.162,129.659,0.8803
Mars,7.771,7.444,106.93,0.777
Mars,7.148,3.954,144.447,0.7828
Mars,7.391,8.352,68.551,0.8609
Mars,7.139,2.431,218.702,0.7351
Mars,8.226,11.935,127.848,0.7359
Mars,7.397,2.268,208.379,0.7294
Mars,8.308,2.502,175.883,0.4682
Mars,7.276,5.246,106.391,0.79
Mars,6.731,10.316,95.528,0.9455
Mars,6.889,4.572,219.308,0.81
Mars,7.305,6.719,183.54,0.8852
Mars,7.325,2.18,99.946,0.6762
Mars,7.718,2.789,70.791,0.5956
Mars,6.561,8.08,171.507,0.9328
Mars,7.647,3.944,108.483,0.6975
Mars,7.946,8.943,95.413,0.7596
Mars,7.691,9.854,177.59,0.9311
Mars,7.205,10.503,168.682,1.0
Mars,8.479,3.338,137.026,0.4275
Mars,7.012,6.555,210.825,0.8794
Mars,6.266,11.471,168.742,1.0
Mars,8.054,9.721,202.947,0.8056
Mars,6.531,3.17,90.488,0.7014
Mars,7.783,7.025,107.463,0.7589
Mars,6.447,11.224,76.723,0.9267
Mars,6.042,6.4,108.733,0.8327
Mars,6.399,10.374,215.485,1.0
Mars,6.942,6.958,214.057,0.8935
Mars,6.267,3.068,181.662,0.7574
Mars,6.494,3.479,143.368,0.7651
Mars,7.912,2.467,184.925,0.5991
Mars,7.925,3.953,148.558,0.6453
Mars,8.044,10.936,60.561,0.7293
Mars,8.103,8.502,140.248,0.7369
Mars,7.051,9.389,155.828,0.9786
Mars,8.169,8.217,102.52,0.6671
Mars,7.315,5.865,92.527,0.7978
Mars,7.176,4.169,103.809,0.7497
Mars,7.796,11.256,159.78,0.9012
Mars,6.535,7.148,83.37,0.8336
Mars,7.974,6.811,175.253,0.7305
Mars,7.074,11.961,127.628,0.9776
Mars,6.318,5.839,116.536,0.8209
Mars,6.298,10.541,189.157,1.0
Mars,6.412,10.623,140.97,0.991
Mars,8.226,4.327,120.544,0.5298
Mars,8.477,2.948,200.505,0.4274
Mars,6.892,11.756,118.92,0.9689
Mars,6.73,6.259,197.44,0.8691
Mars,6.547,2.022,140.672,0.7114
Mars,8.06,6.99,93.281,0.6514
Mars,6.523,8.193,158.051,0.9368
Mars,8.31,9.761,105.652,0.6772
Mars,7.668,11.429,83.545,0.8774
Mars,8.243,11.152,73.845,0.6762
Mars,7.385,11.401,98.672,0.9487
Mars,7.727,2.321,177.849,0.6557
Mars,7.549,9.118,194.08,0.9529
Mars,8.078,4.259,197.875,0.6064
Mars,8.09,3.876,103.224,0.5423
Mars,7.474,10.003,165.756,1.0
Mars,7.581,6.171,96.857,0.7858
Mars,8.305,11.166,159.642,0.7318
Mars,8.325,2.424,201.954,0.46
Mars,7.661,10.022,66.543,0.863
Mars,6.019,3.368,217.636,0.7679
Mars,6.261,3.766,192.334,0.7818
Mars,8.145,6.774,181.866,0.6721
Mars,6.212,5.956,170.618,0.8585
Mars,6.534,6.862,183.244,0.8902
Mars,6.576,11.4,219.135,1.0
Mars,7.501,8.574,183.231,0.9499
Mars,7.442,4.903,116.256,0.7879
Mars,6.724,3.729,158.227,0.7805
Mars,6.519,6.2,113.908,0.8309
Mars,7.911,6.516,215.21,0.741
Mars,8.339,8.013,204.022,0.6509
Mars,6.132,4.66,150.819,0.8131
Mars,6.333,9.675,185.004,0.9886
Mars,7.605,2.985,205.55,0.7193
Mars,8.011,7.605,98.976,0.6948
Mars,7.978,8.235,152.717,0.7789
Mars,7.799,4.068,137.075,0.6797
Mars,8.219,10.26,183.455,0.7605
Mars,6.543,8.154,120.653,0.9061
Mars,6.268,8.457,173.437,0.946
Mars,7.538,6.977,124.479,0.8559
Mars,8.056,11.096,77.772,0.7425
Mars,7.455,8.939,77.139,0.89
Mars,8.407,5.818,79.049,0.4802
Mars,7.989,4.386,65.203,0.5557
Mars,7.752,2.711,145.276,0.6562
Mars,6.151,3.654,167.504,0.7779
Mars,6.269,11.927,80.277,0.9303
Mars,7.962,6.068,157.897,0.7083
Mars,6.496,10.987,155.638,1.0
Mars,6.072,3.706,83.535,0.7132
Mars,8.277,6.254,124.653,0.5846
Mars,8.227,11.605,180.822,0.7577
Mars,6.546,2.911,62.681,0.6646
Mars,7.951,7.94,83.512,0.7112
Mars,6.12,11.192,219.333,1.0
Mars,6.713,11.497,177.367,1.0
Mars,7.559,10.46,134.261,0.9645
Mars,7.908,10.559,160.768,0.864
Mars,6.026,8.522,195.395,0.9483
Mars,6.816,4.204,194.769,0.7971
Mars,6.536,9.307,111.952,0.9377
Mars,8.497,11.784,138.607,0.6563
Mars,7.677,7.259,162.089,0.8449
Mars,7.014,4.607,71.504,0.7327
Mars,6.189,7.735,211.327,0.9207
Mars,7.497,8.906,129.239,0.941
Mars,7.604,4.083,119.338,0.7275
Mars,8.041,9.192,205.136,0.7914
Mars,6.721,7.874,78.926,0.8545
Mars,8.454,8.123,66.282,0.5327
Mars,7.099,5.06,169.6,0.8271
Mars,6.74,3.553,121.6,0.7459
Mars,6.871,8.234,182.316,0.9382
Mars,7.299,7.862,70.967,0.8461
Mars,8.342,5.38,121.401,0.5291
Mars,7.838,4.959,97.652,0.6586
Mars,7.443,5.472,178.337,0.8415
Mars,6.407,6.899,96.347,0.8378
Mars,6.373,11.748,133.271,0.9833
Mars,7.255,9.636,191.02,0.9872
Mars,7.822,10.517,206.462,0.8927
Mars,7.878,7.056,175.617,0.7711
Mars,6.565,7.261,128.677,0.8828
Mars,6.25,4.043,151.518,0.7915
Mars,6.961,9.21,170.35,0.9724
Mars,8.295,6.216,199.989,0.6024
Mars,7.363,9.424,202.172,0.9799
Mars,6.8,6.091,208.955,0.8632
Mars,6.809,3.085,189.714,0.758
Mars,6.33,3.731,83.488,0.7141
Mars,7.183,10.116,179.622,1.0
Mars,7.978,4.586,190.335,0.651
Mars,8.421,4.644,200.459,0.5054
Mars,7.254,11.294,207.971,1.0
Mars,6.418,8.576,141.466,0.9416
Mars,7.707,3.143,164.815,0.6909
Mars,7.892,3.436,61.528,0.5511
Mars,6.179,4.724,151.645,0.8153
Mars,8.125,7.94,135.712,0.7052
Mars,8.073,9.528,213.969,0.7924
Mars,7.181,4.745,204.273,0.8161
Mars,7.401,10.706,187.617,1.0
Mars,7.784,3.092,69.119,0.5828
Mars,7.692,4.076,124.325,0.703
Mars,6.041,11.705,171.367,1.0
Mars,6.306,3.347,64.746,0.6819
Mars,6.406,10.881,97.73,0.9477
Mars,7.889,9.039,202.001,0.8366
Mars,7.1,2.731,80.765,0.6763
Mars,7.364,6.837,68.22,0.8075
Mars,7.932,7.19,152.894,0.7577
Mars,6.852,11.321,211.434,1.0
Mars,7.872,6.211,193.54,0.7433
Mars,7.106,6.468,215.964,0.8764
Mars,6.943,3.125,180.564,0.7594
Mars,6.833,8.392,129.979,0.9237
Mars,8.412,4.109,211.459,0.4897
Mars,7.93,2.775,128.261,0.5821
Mars,6.05,11.969,116.015,0.966
Mars,8.394,4.696,131.711,0.4982
Mars,7.939,3.411,190.236,0.6232
Mars,6.373,8.995,206.831,0.9648
Mars,6.191,10.217,117.229,0.9672
Mars,6.77,2.641,133.96,0.7264
Mars,7.56,3.054,203.732,0.7367
Mars,7.541,2.902,67.527,0.6553
Mars,6.69,2.47,185.419,0.7364
Mars,7.114,8.595,132.675,0.9335
Mars,6.53,7.883,120.243,0.8962
Mars,6.126,8.628,131.507,0.9335
Mars,7.292,7.057,126.991,0.874
Mars,6.867,10.175,181.059,1.0
Mars,7.357,7.467,208.472,0.9113
Mars,8.366,11.187,138.633,0.6999
Mars,6.358,6.856,193.237,0.89
Mars,6.005,9.907,177.111,0.9967
Mars,6.192,6.074,112.909,0.8255
Mars,7.157,6.352,153.97,0.8723
Mars,7.767,10.49,166.691,0.9109
Mars,7.452,3.077,63.76,0.6714
Mars,7.237,7.649,123.353,0.8911
Mars,6.885,9.263,218.822,0.9742
Mars,6.775,9.504,161.961,0.9826
Mars,6.941,7.915,113.479,0.8905
Mars,7.529,6.481,100.004,0.8171
Mars,6.419,4.608,93.517,0.7548
Mars,7.928,11.094,124.263,0.8315
Mars,7.438,5.698,90.923,0.7903
Mars,6.673,9.99,81.63,0.9313
Mars,7.253,2.317,118.25,0.6993
Mars,8.407,4.322,157.12,0.4989
Mars,6.051,5.456,83.424,0.7744
Mars,6.499,8.716,67.095,0.8721
Mars,7.121,5.193,65.541,0.7473
Mars,7.596,2.414,102.781,0.6552
Mars,6.531,3.739,90.421,0.7213
Mars,8.329,4.592,146.281,0.5308
Mars,7.606,3.76,132.915,0.7291
Mars,8.194,4.037,111.963,0.5221
Mars,6.823,9.69,193.367,0.9891
Mars,8.072,6.12,140.792,0.6642
Mars,6.946,6.052,74.645,0.7865
Mars,6.632,11.666,107.322,0.9573
Mars,8.279,6.467,215.734,0.6166
Mars,6.231,11.277,216.316,1.0
Mars,8.357,4.991,100.747,0.4897
Mars,7.146,6.006,86.758,0.797
Mars,8.482,5.963,139.31,0.5208
Mars,7.349,7.461,137.034,0.8982
Mars,7.894,7.842,125.622,0.7689
Mars,6.018,4.481,144.697,0.8015
Mars,7.242,9.936,97.151,0.9449
Mars,7.844,6.965,78.389,0.7076
Mars,7.957,2.07,151.274,0.5701
Mars,6.395,7.913,209.216,0.927
Mars,7.047,9.981,82.04,0.9314
Mars,7.048,4.505,172.77,0.8077
Mars,6.259,2.379,130.063,0.7133
Mars,7.108,10.072,107.036,0.957
Mars,8.018,11.763,196.497,0.8274
Mars,6.75,2.766,133.039,0.7298
Mars,7.081,11.38,153.33,1.0
Mars,8.402,5.593,130.889,0.5258
Mars,6.079,11.414,73.0,0.923
Mars,7.479,8.488,155.185,0.9471
Mars,7.859,10.902,127.015,0.8575
Mars,7.902,9.858,73.881,0.7849
Mars,7.79,2.28,155.33,0.6332
Mars,7.816,2.654,61.579,0.5491
Mars,6.148,7.257,93.363,0.8474
Mars,7.335,3.296,184.971,0.7654
Mars,7.957,6.61,66.068,0.645
Mars,6.235,11.546,163.469,1.0
Mars,6.03,4.948,211.953,0.8232
Mars,8.036,6.889,87.391,0.6497
Mars,7.781,5.843,126.738,0.7377
Mars,7.031,8.298,152.08,0.9404
Mars,8.351,3.938,132.067,0.4862
Mars,7.916,4.599,159.26,0.6721
Mars,8.42,10.588,124.656,0.6681
Mars,8.323,10.113,83.761,0.6593
Mars,7.203,9.892,74.247,0.9205
Mars,7.887,9.709,179.111,0.8609
Mars,7.673,6.594,98.18,0.7713
Mars,8.029,9.289,195.592,0.7989
Mars,7.969,5.872,178.884,0.6991
Mars,6.383,3.007,67.913,0.6732
Mars,6.584,5.934,92.194,0.7999
Mars,6.664,3.587,106.719,0.7323
Mars,8.046,5.909,155.117,0.6747
Mars,8.027,4.974,189.572,0.6485
Mars,7.238,7.992,69.653,0.8494
Mars,7.452,5.615,99.937,0.7965
Mars,8.067,9.056,120.194,0.748
Mars,6.781,7.121,89.34,0.8386
Mars,6.125,11.195,147.247,0.9972
Mars,7.206,2.91,136.48,0.7383
Mars,8.284,8.877,110.639,0.6599
Mars,7.976,8.724,142.702,0.7893
Mars,6.917,11.506,116.931,0.9669
Mars,6.162,5.716,114.911,0.815
Mars,7.592,5.054,102.463,0.7486
Mars,8.086,3.724,146.47,0.5814
Mars,7.662,4.653,131.058,0.7398
Mars,7.063,7.019,91.412,0.8371
Mars,6.308,10.377,62.075,0.9121
Mars,8.277,4.843,84.149,0.4947
Mars,6.69,3.577,66.854,0.6921
Mars,6.561,4.721,129.056,0.7943
Mars,8.04,3.009,96.015,0.5214
Mars,8.453,11.267,127.273,0.6596
Mars,7.65,10.726,112.712,0.9126
Mars,7.562,5.085,146.082,0.8034
Mars,6.799,4.47,175.819,0.8064
Mars,6.051,11.054,136.69,0.9867
Mars,6.479,2.018,69.915,0.6405
Mars,7.461,8.006,62.802,0.843
Mars,6.378,11.16,94.117,0.9441
Mars,8.21,7.086,127.995,0.6395
Mars,6.47,2.03,67.185,0.6382
Mars,7.305,4.189,112.437,0.759
Mars,7.28,11.224,201.924,1.0
Mars,7.51,2.17,74.403,0.6471
Mars,6.819,5.948,211.763,0.8582
Mars,8.184,9.897,197.067,0.7685
Mars,7.111,10.381,193.085,1.0
Mars,7.75,6.776,198.185,0.8037
Mars,7.59,4.325,72.808,0.6943
Mars,6.293,7.997,84.187,0.8641
Mars,7.557,4.638,81.5,0.725
Mars,7.377,4.553,77.799,0.7371
Mars,8.247,10.076,112.434,0.7136
Mars,8.202,3.543,192.835,0.5399
Mars,6.377,2.055,100.314,0.6722
Mars,6.204,5.368,99.075,0.7869
Mars,6.736,6.91,168.142,0.8918
Mars,8.467,9.051,75.508,0.5701
Mars,6.054,9.811,117.645,0.961
Mars,7.682,8.635,107.268,0.8488
Mars,7.521,8.265,195.568,0.9322
Mars,7.616,8.657,142.32,0.9065
Mars,6.546,4.715,163.436,0.815
Mars,6.567,5.824,80.645,0.7845
Mars,7.077,8.164,208.627,0.9358
Mars,6.24,2.656,111.592,0.7045
Mars,6.187,4.953,173.094,0.8234
Mars,6.221,6.064,212.74,0.8622
Mars,7.432,7.334,141.384,0.8981
Mars,6.994,6.865,141.206,0.8815
Mars,6.734,9.181,78.76,0.9001
Mars,6.79,6.734,122.444,0.8581
Mars,6.518,11.041,196.394,1.0
Mars,7.029,5.803,81.617,0.7847
Mars,6.508,7.254,206.801,0.9039
Mars,7.745,2.032,166.77,0.6394
Mars,6.31,5.105,127.354,0.806
Mars,8.371,10.666,147.44,0.7072
Mars,6.225,5.336,84.079,0.7708
Mars,8.359,4.532,94.797,0.4672
Mars,8.083,7.435,105.825,0.6717
Mars,7.702,2.787,121.575,0.6519
Mars,8.281,7.316,206.484,0.6458
Mars,6.348,5.037,118.811,0.7951
Mars,6.441,5.831,143.814,0.8479
Mars,6.63,9.914,85.924,0.9329
Mars,6.612,8.62,177.756,0.9517
Mars,6.777,6.461,149.645,0.8758
Mars,7.439,7.775,130.385,0.9025
Mars,6.07,9.669,211.55,0.9884
Mars,6.956,9.458,202.504,0.981
Mars,6.616,3.853,165.522,0.7849
Mars,7.517,5.009,207.49,0.8198
Mars,8.463,5.482,150.365,0.5209
Mars,7.294,3.875,192.31,0.7856
Mars,7.064,2.122,125.514,0.6998
Mars,6.921,3.74,73.879,0.7048
Mars,7.962,10.082,219.064,0.8459
Mars,6.18,7.459,86.501,0.8476
Mars,8.399,5.417,100.242,0.49
Mars,7.045,8.083,86.097,0.869
Mars,6.784,9.398,113.997,0.9429
Mars,8.435,5.544,106.285,0.4886
Mars,8.34,6.661,156.176,0.6032
Mars,7.605,2.642,219.434,0.7075
Mars,6.046,7.971,68.401,0.8474
Mars,7.871,5.564,184.551,0.721
Mars,6.839,6.335,80.479,0.8022
Mars,6.971,6.226,63.174,0.7811
Mars,6.397,8.324,162.172,0.9413
Mars,7.309,7.725,199.73,0.9204
Mars,7.861,6.221,88.208,0.6855
Mars,6.683,2.17,114.658,0.6906
Mars,8.347,8.21,87.0,0.5921
Mars,6.487,10.796,205.041,1.0
Mars,6.166,9.696,103.258,0.9426
Mars,7.611,11.816,131.154,0.9442
Mars,8.123,3.391,203.159,0.5609
Mars,8.383,4.225,148.459,0.5021
Mars,7.918,7.393,209.256,0.7694
Mars,6.499,4.359,208.232,0.8026
Mars,8.444,2.345,133.856,0.4012
Mars,8.299,6.023,153.181,0.5946
Mars,6.408,4.876,96.85,0.7675
Mars,7.397,4.638,218.486,0.8123
Mars,7.389,11.532,104.531,0.9545
Mars,7.106,4.385,185.329,0.8035
Mars,8.461,3.294,110.075,0.4051
Mars,6.149,3.253,110.087,0.7239
Mars,7.568,10.063,76.618,0.9039
Mars,6.513,9.148,149.583,0.9698
Mars,7.318,3.295,99.173,0.7145
Mars,7.949,4.198,83.743,0.5809
Mars,6.617,9.473,96.267,0.9278
Mars,6.983,4.746,100.175,0.7663
Mars,8.377,11.815,140.653,0.6983
Mars,7.904,7.406,121.748,0.7464
Mars,7.432,3.92,72.078,0.7093
Mars,6.555,10.588,145.765,0.9958
Mars,7.063,5.195,186.04,0.8318
Mars,7.935,4.888,151.878,0.676
Mars,8.051,5.274,215.926,0.6508
Mars,6.612,9.682,75.864,0.9147
Mars,7.655,3.732,191.384,0.7289
Mars,6.238,5.818,140.911,0.8445
Mars,6.058,2.308,143.455,0.7242
Mars,7.372,10.266,143.056,0.9931
Mars,6.561,5.407,112.051,0.8013
Mars,6.197,4.482,111.929,0.7688
Mars,7.825,7.799,161.095,0.8148
Mars,7.245,9.05,67.162,0.8839
Mars,7.991,10.129,154.206,0.8364
Mars,7.66,5.478,175.935,0.7884
Mars,7.825,10.123,117.012,0.8588
Mars,6.768,6.649,94.777,0.8275
Mars,6.658,3.011,94.142,0.6995
Mars,7.502,10.463,73.094,0.9224
Mars,6.5,7.476,74.355,0.836
Mars,8.039,8.025,86.67,0.688
Mars,7.307,11.375,63.068,0.9131
Mars,6.567,7.592,102.598,0.8683
Mars,7.563,2.056,109.024,0.66
Mars,8.363,10.706,219.235,0.7125
Mars,6.205,4.848,218.67,0.8197
Mars,6.273,7.018,89.928,0.8355
Mars,8.11,4.049,94.085,0.5326
Mars,6.274,4.97,138.705,0.8126
Mars,6.098,8.866,83.805,0.8941
Mars,6.87,6.296,140.646,0.861
Mars,7.167,8.271,123.902,0.9134
Mars,7.424,10.236,111.94,0.9619
Mars,7.268,5.408,191.617,0.8393
Mars,8.283,7.683,192.499,0.6579
Mars,7.922,9.776,218.062,0.8516
Mars,8.46,9.151,95.694,0.5961
Mars,7.191,7.398,202.124,0.9089
Mars,6.211,5.834,146.055,0.8502
Mars,8.389,6.075,154.634,0.5664
Mars,6.01,6.331,203.407,0.8716
Mars,7.94,5.488,210.821,0.6953
Mars,6.078,8.991,176.29,0.9647
Mars,7.903,3.254,115.655,0.5952
Mars,8.345,11.675,138.347,0.7067
Mars,6.973,9.79,158.409,0.9926
Mars,6.602,4.982,192.582,0.8244
Mars,6.566,2.425,165.272,0.7349
Mars,7.229,9.113,118.472,0.9374
Mars,6.427,9.344,126.861,0.9539
Mars,7.682,11.636,68.07,0.8573
Mars,6.921,4.537,207.883,0.8088
Mars,6.808,2.827,74.099,0.6731
Mars,7.153,11.151,152.789,1.0
Mars,7.356,4.586,199.464,0.8105
Mars,6.355,9.215,127.338,0.9499
Mars,7.769,2.607,188.02,0.6514
Mars,8.207,9.606,188.611,0.7504
Mars,6.695,3.27,69.575,0.684
Mars,6.451,8.956,125.943,0.9394
Mars,7.901,7.323,170.564,0.7726
Mars,6.459,11.555,127.577,0.9776
Mars,6.103,2.369,147.227,0.7301
Mars,7.548,4.92,155.113,0.8062
Mars,6.599,2.695,84.197,0.6785
Mars,6.43,10.792,125.917,0.9759
Mars,8.454,7.939,64.554,0.5244
Mars,6.73,7.35,83.94,0.8412
Mars,8.259,3.315,141.961,0.5051
Mars,6.446,6.89,151.774,0.8912
Mars,8.047,5.987,83.398,0.6105
Mars,7.255,5.158,180.899,0.8305
Mars,6.196,9.722,119.678,0.9599
Mars,7.834,2.613,207.304,0.6301
Mars,8.23,8.467,122.026,0.675
Mars,6.408,10.23,83.97,0.934
Mars,7.814,11.073,181.275,0.8953
Mars,7.113,9.459,150.848,0.9811
Mars,7.885,4.825,121.87,0.6625
Mars,7.785,8.005,116.953,0.8022
Mars,6.067,3.414,84.123,0.7036
Mars,6.447,3.171,114.534,0.7255
Mars,7.178,8.386,64.695,0.8582
Mars,8.334,10.511,140.384,0.7124
Mars,6.855,2.672,203.476,0.7435
Mars,7.572,3.06,187.253,0.733
Mars,6.03,7.656,64.563,0.8325
Mars,7.778,4.182,201.002,0.7038
Mars,7.508,8.118,132.372,0.914
Mars,7.788,4.145,90.543,0.6395
Mars,8.262,3.165,180.386,0.5069
Mars,6.366,7.456,111.66,0.8726
Mars,6.654,10.622,100.531,0.9505
Mars,8.489,8.851,85.811,0.5658
Mars,6.391,10.187,137.86,0.9879
Mars,7.802,4.663,74.943,0.6376
Mars,7.813,10.86,185.698,0.8958
Mars,7.707,5.77,135.308,0.7681
Mars,6.569,10.524,131.516,0.9815
Mars,6.538,6.712,60.297,0.7952
Mars,7.666,4.679,190.858,0.7585
Mars,6.466,4.603,138.854,0.7999
Mars,7.654,7.677,130.383,0.8478
Mars,7.231,2.79,181.822,0.7477
Mars,6.967,11.301,70.064,0.9201
Mars,6.751,4.715,118.669,0.7837
Mars,8.369,5.356,152.117,0.5478
Mars,7.27,4.333,133.692,0.7853
Mars,7.403,2.03,89.062,0.6601
Mars,8.373,8.926,107.884,0.6292
Mars,7.635,7.906,108.032,0.8398
Mars,8.395,10.096,218.715,0.7018
Mars,6.266,2.41,112.192,0.6965
Mars,8.117,11.287,92.829,0.7373
Mars,6.839,5.309,191.622,0.8358
Mars,8.026,11.131,127.387,0.802
Mars,8.139,3.071,131.018,0.5255
Mars,6.679,9.439,147.822,0.9782
Mars,7.022,7.794,155.31,0.9228
Mars,7.815,5.582,154.489,0.7404
Mars,6.248,2.791,65.52,0.6632
Mars,7.889,8.047,191.015,0.802
Mars,6.276,2.264,91.176,0.6704
Mars,8.286,7.013,106.775,0.5902
Mars,6.691,8.042,87.749,0.8692
Mars,7.439,9.325,182.732,0.9764
Mars,6.293,11.913,153.385,1.0
Mars,6.674,4.601,180.847,0.811
Mars,7.01,5.224,164.544,0.8328
Mars,7.218,5.411,76.665,0.7661
Mars,6.0,9.316,108.24,0.9343
Mars,8.222,11.318,141.162,0.7506
Mars,6.019,11.743,108.791,0.9588
Mars,7.934,11.458,93.169,0.7984
Mars,7.176,10.794,199.17,1.0
Mars,7.31,11.91,179.645,1.0
Mars,6.521,5.759,115.235,0.8168
Mars,7.518,11.483,182.402,0.9939
Mars,7.343,9.61,160.406,0.9864
Mars,6.411,3.685,60.606,0.6896
Mars,6.595,2.455,120.842,0.7068
Mars,6.167,4.145,106.478,0.7515
Mars,6.166,9.788,94.865,0.9374
Mars,6.034,8.317,100.254,0.8913
Mars,6.551,4.244,210.778,0.7985
Mars,7.699,9.419,137.811,0.9011
Mars,6.791,3.413,195.633,0.7695
Mars,6.857,10.218,94.275,0.9443
Mars,6.33,9.942,87.905,0.9359
Mars,7.439,11.726,202.206,1.0
Mars,6.855,3.503,139.313,0.7619
Mars,7.691,11.066,203.224,0.9364
Mars,7.854,5.411,70.085,0.6416
Mars,7.462,6.161,206.63,0.8656
Mars,6.69,6.684,126.471,0.8604
Mars,7.272,8.269,84.859,0.8743
Mars,6.63,11.948,169.341,1.0
Mars,8.257,8.0,187.504,0.6776
Mars,7.916,11.267,67.58,0.7789
Mars,7.233,4.55,217.951,0.8093
Mars,8.414,5.984,171.524,0.5549
Mars,7.367,7.045,111.424,0.858
Mars,6.821,5.229,84.207,0.7672
Mars,6.239,11.769,122.805,0.9728
Mars,7.359,9.257,95.291,0.9193
Mars,8.151,6.789,139.065,0.6597
Mars,8.167,9.513,185.103,0.7607
Mars,7.511,6.674,165.621,0.8798
Mars,6.984,2.172,129.75,0.7058
Mars,7.626,7.432,79.031,0.7972
Mars,7.905,8.252,213.145,0.8037
Mars,7.029,11.812,103.259,0.9533
Mars,7.191,2.408,104.454,0.6887
Mars,7.702,7.121,163.28,0.8321
Mars,8.192,2.982,183.282,0.5238
Mars,7.978,3.49,217.464,0.613
Mars,6.056,8.105,215.066,0.9337
Mars,6.311,4.316,206.202,0.801
Mars,8.132,9.492,129.65,0.7512
Mars,8.085,7.142,86.667,0.6418
Mars,6.972,4.182,153.515,0.7964
Mars,7.461,6.938,62.761,0.8056
Mars,8.265,2.009,91.4,0.4068
Mars,8.279,10.627,60.405,0.6508
Mars,7.958,2.127,88.886,0.5107
Mars,6.524,2.07,135.961,0.7084
Mars,7.826,8.115,122.932,0.7984
Mars,6.253,11.735,119.087,0.9691
Mars,8.235,10.559,192.952,0.7551
Mars,6.373,4.52,167.999,0.8082
Mars,7.656,3.967,209.829,0.7369
Mars,7.526,8.261,131.255,0.9119
Mars,7.942,10.226,103.557,0.8061
Mars,7.379,5.621,79.63,0.7764
Mars,6.149,6.324,167.524,0.8713
Mars,7.765,3.155,194.679,0.6722
Mars,6.958,3.528,89.398,0.7129
Mars,6.801,7.684,200.6,0.9189
Mars,8.479,3.027,144.204,0.4237
Mars,7.476,4.02,83.053,0.7238
Mars,7.777,4.347,162.858,0.7099
Mars,7.316,6.439,143.208,0.8686
Mars,7.925,2.456,64.509,0.5088
Mars,7.88,6.998,123.879,0.7421
Mars,7.643,11.287,185.566,0.9524
Mars,8.494,2.245,148.868,0.396
Mars,7.149,8.31,105.127,0.896
Mars,7.765,10.358,208.583,0.9115
Mars,7.994,5.125,98.045,0.6126
Mars,6.94,3.315,100.438,0.7165
Mars,7.143,2.433,116.742,0.7019
Mars,8.423,8.439,203.126,0.6377
Mars,6.081,7.522,141.22,0.9045
Mars,6.838,4.293,169.149,0.8003
Mars,7.216,10.316,216.202,1.0
Mars,6.004,9.355,185.327,0.9774
Mars,8.248,4.764,87.616,0.5051
Mars,6.716,9.534,186.137,0.9837
Mars,6.644,4.45,179.734,0.8057
Mars,8.051,8.753,97.219,0.72
Mars,6.695,3.185,112.056,0.7235
Mars,7.644,8.922,173.621,0.9143
Mars,8.054,4.388,98.143,0.5671
Mars,7.981,7.725,93.31,0.7033
Mars,7.955,3.725,172.556,0.6287
Mars,6.222,9.26,200.895,0.9741
Mars,6.2,2.609,72.003,0.6633
Mars,6.767,3.654,131.345,0.7592
Mars,6.09,3.841,157.148,0.7844
Mars,7.251,2.413,168.204,0.7345
Mars,6.987,9.45,219.391,0.9808
Mars,7.393,11.81,169.231,1.0
Mars,6.747,9.784,159.225,0.9924
Mars,7.214,10.606,218.357,1.0
Mars,6.837,2.06,69.707,0.6418
Mars,6.488,3.179,71.91,0.6832
Mars,7.623,7.59,149.709,0.8742
Mars,7.684,11.779,117.386,0.9062
Mars,8.073,8.607,75.472,0.6857
Mars,8.187,5.741,109.032,0.581
Mars,7.761,3.461,167.897,0.6841
Mars,7.719,3.528,200.898,0.7006
Mars,6.142,5.628,75.092,0.7721
Mars,6.274,9.138,146.423,0.9663
Mars,8.031,2.318,107.378,0.5114
Mars,6.582,10.522,166.772,1.0
Mars,6.889,11.416,147.912,0.9979
Mars,6.363,10.888,208.274,1.0
Mars,6.488,11.13,66.029,0.916
Mars,7.939,2.153,135.206,0.5644
Mars,6.655,11.778,90.842,0.9408
Mars,7.123,5.664,145.885,0.8441
Mars,6.379,10.693,196.573,1.0
Mars,7.695,3.868,205.811,0.7204
Mars,7.821,6.465,123.717,0.7431
Mars,6.904,2.442,189.885,0.7355
Mars,7.962,2.401,104.881,0.535
Mars,6.6,11.433,61.009,0.911
Mars,7.73,10.106,196.838,0.9234
Mars,7.825,7.298,79.106,0.7262
Mars,8.422,7.255,62.818,0.5095
Mars,6.581,9.488,116.608,0.9487
Mars,6.234,5.417,120.701,0.8103
Mars,6.658,9.619,72.355,0.909
Mars,6.307,6.85,190.269,0.8898
Mars,6.424,8.379,124.895,0.9182
Mars,6.835,11.648,138.388,0.9884
Mars,7.035,6.713,102.34,0.8373
Mars,8.259,6.184,141.841,0.6052
Mars,6.489,11.057,182.677,1.0
Mars,8.429,11.026,204.989,0.6902
Mars,8.025,11.924,215.285,0.8249
Mars,8.204,7.509,128.276,0.6565
Mars,8.324,5.443,218.405,0.566
Mars,7.883,4.404,107.193,0.6336
Mars,7.972,2.341,61.116,0.4857
Mars,7.095,9.267,182.819,0.9744
Mars,7.276,4.335,88.55,0.7403
Mars,8.331,8.066,68.393,0.5736
Mars,6.946,11.166,207.841,1.0
Mars,6.105,11.502,186.69,1.0
Mars,7.907,2.044,76.426,0.5123
Mars,7.433,5.171,184.306,0.831
Mars,8.037,10.374,195.04,0.8209
Mars,6.189,7.364,204.848,0.9078
Mars,7.553,10.075,146.991,0.9793
Mars,6.619,10.533,172.546,1.0
Mars,8.258,6.426,181.958,0.6222
Mars,6.275,5.59,170.182,0.8456
Mars,8.108,6.554,163.493,0.6768
Mars,6.221,8.528,147.609,0.9461
Mars,6.063,5.672,136.671,0.8352
Mars,6.588,9.75,219.38,0.9912
Mars,6.833,11.04,114.01,0.964
Mars,7.566,4.823,74.123,0.7208
Mars,6.329,11.65,182.406,1.0
Mars,7.093,8.227,94.212,0.8822
Mars,6.511,10.782,145.231,0.9952
Mars,8.138,3.039,75.328,0.4689
Mars,6.112,4.515,159.085,0.808
Mars,6.89,5.21,211.041,0.8324
Mars,7.578,5.028,175.633,0.7998
Mars,8.283,3.719,94.326,0.4636
Mars,8.17,10.682,215.382,0.7767
Mars,8.238,6.186,109.134,0.5797
Mars,6.157,11.631,129.858,0.9799
Mars,8.102,7.835,139.699,0.7131
Mars,7.95,3.384,218.515,0.6185
Mars,8.256,7.459,71.023,0.5801
Mars,6.779,11.935,171.477,1.0
Mars,8.279,7.652,117.909,0.6259
Mars,7.007,2.019,72.532,0.6432
Mars,7.585,11.331,209.605,0.9716
Mars,7.06,4.349,154.377,0.8022
Mars,7.069,8.885,180.563,0.961
Mars,7.367,7.151,98.462,0.8487
Mars,6.89,5.254,181.847,0.8339
Mars,7.982,4.826,192.556,0.6583
Mars,7.584,11.288,128.933,0.9509
Mars,7.724,11.119,151.513,0.9252
Mars,6.578,7.131,215.5,0.8996
Mars,8.424,4.585,195.477,0.5025
Mars,7.65,3.023,131.176,0.6868
Mars,6.493,3.566,166.332,0.7748
Mars,7.876,7.223,185.477,0.7774
Mars,6.434,5.078,63.893,0.7416
Mars,6.158,2.421,154.139,0.7347
Mars,7.319,6.552,217.525,0.8793
Mars,7.384,9.462,211.549,0.9812
Mars,6.472,10.917,193.19,1.0
Mars,6.871,7.853,76.994,0.8518
Mars,8.364,9.233,219.047,0.685
Mars,6.713,5.641,157.526,0.8474
Mars,6.389,6.962,95.665,0.8393
Mars,8.481,9.296,167.883,0.6482
Mars,6.756,9.277,197.044,0.9747
Mars,7.701,6.245,77.972,0.7297
Mars,6.579,7.437,206.63,0.9103
Mars,7.375,11.239,207.233,1.0
Mars,6.966,8.32,62.154,0.8534
Mars,8.404,8.426,204.051,0.6436
Mars,7.082,9.846,211.491,0.9946
Mars,7.46,3.152,66.031,0.6764
Mars,8.362,7.229,107.067,0.5728
Mars,8.473,11.594,119.697,0.6453
Mars,6.254,5.617,115.822,0.8124
Mars,8.086,4.949,181.441,0.628
Mars,6.955,8.012,117.297,0.8977
Mars,7.487,4.211,213.053,0.7974
Mars,6.938,7.559,219.199,0.9146
Mars,7.003,3.557,110.691,0.7352
Mars,6.397,7.798,141.408,0.9143
Mars,7.432,8.024,149.233,0.9301
Mars,7.367,6.184,152.704,0.8664
Mars,6.473,5.827,119.873,0.8238
Mars,7.354,4.455,86.559,0.7425
Mars,8.433,5.309,68.73,0.4436
Mars,7.786,6.983,77.016,0.7261
Mars,7.202,4.477,204.207,0.8067
Mars,8.29,9.828,104.86,0.6854
Mars,7.438,9.09,72.292,0.8905
Mars,6.338,4.693,159.765,0.8143
Mars,7.369,2.974,72.049,0.6762
Mars,6.452,2.002,71.208,0.6413
Mars,7.919,7.967,159.451,0.7893
Mars,8.418,4.114,154.623,0.488
Mars,6.902,2.126,66.636,0.641
Mars,7.087,5.591,133.676,0.8294
Mars,7.054,11.62,129.723,0.9797
Mars,6.713,8.899,147.47,0.959
Mars,7.985,10.578,178.055,0.8382
Mars,7.544,3.447,105.248,0.7111
Mars,6.16,2.733,129.245,0.7249
Mars,8.097,2.115,186.839,0.525
Mars,6.468,11.557,207.609,1.0
Mars,8.448,5.002,202.612,0.5091
Mars,6.942,6.595,136.421,0.8672
Mars,7.541,5.945,143.339,0.8377
Mars,6.195,9.305,144.657,0.9703
Mars,6.862,5.1,198.994,0.8285
Mars,8.006,7.355,194.39,0.7388
Mars,7.193,11.956,109.845,0.9598
Mars,8.262,6.441,86.056,0.5576
Mars,7.438,7.513,120.636,0.8836
Mars,8.321,7.025,106.145,0.5782
Mars,8.457,10.032,212.125,0.6812
Mars,7.135,4.668,102.547,0.7659
Mars,7.413,3.704,88.993,0.7186
Mars,8.087,9.541,203.917,0.7882
Mars,6.554,6.156,73.837,0.7893
Mars,8.154,11.137,101.643,0.7336
Mars,7.48,8.442,130.258,0.9257
Mars,7.814,7.643,155.217,0.8129
Mars,6.2,2.705,112.428,0.7071
Mars,7.915,9.304,139.397,0.8266
Mars,6.777,8.86,91.813,0.9019
Mars,8.013,8.401,151.884,0.773
Mars,7.273,4.679,125.251,0.789
Mars,6.687,11.467,195.882,1.0
Mars,8.382,5.217,126.517,0.5151
Mars,7.913,3.522,131.01,0.6167
Mars,8.464,11.872,154.748,0.6786
Mars,6.911,9.462,79.707,0.9109
Mars,7.623,6.148,85.087,0.7592
Mars,7.529,11.359,186.438,0.9903
Mars,7.719,2.911,103.747,0.6327
Mars,6.096,2.877,169.552,0.7507
Mars,6.729,8.825,75.588,0.8844
Mars,8.273,3.78,191.495,0.5245
Mars,7.06,11.171,218.116,1.0
Mars,8.402,10.404,119.791,0.6693
Mars,6.534,5.064,140.885,0.8181
Mars,8.494,10.888,130.834,0.6496
Mars,7.744,2.429,203.07,0.6537
Mars,7.941,7.486,61.589,0.6766
Mars,6.992,11.356,164.553,1.0
Mars,8.268,10.554,164.379,0.7442
Mars,7.364,5.561,121.182,0.8158
Mars,7.702,3.829,95.093,0.6616
Mars,6.237,4.105,98.349,0.742
Mars,7.579,7.145,188.074,0.8737
Mars,8.198,7.968,70.576,0.6169
Mars,6.446,2.328,150.212,0.7315
Mars,7.844,6.136,109.094,0.7091
Mars,6.064,10.304,102.44,0.9524
Mars,8.316,6.443,140.918,0.5946
Mars,8.457,3.692,203.658,0.4601
Mars,6.885,11.549,158.895,1.0
Mars,6.268,4.663,186.178,0.8132
Mars,7.646,9.984,156.109,0.9506
Mars,6.075,3.938,171.635,0.7878
Mars,7.206,6.232,129.185,0.8473
Mars,6.679,6.904,208.157,0.8916
Mars,7.183,7.006,140.31,0.8855
Mars,6.046,7.165,148.284,0.899
Mars,6.129,4.249,143.994,0.7927
Mars,6.04,7.159,110.59,0.8612
Mars,7.548,6.817,96.998,0.8197
Mars,7.4,4.087,71.814,0.7149
Mars,6.583,11.882,174.908,1.0
Mars,7.617,10.656,106.284,0.9174
Mars,8.211,10.876,122.272,0.7354
Mars,6.693,8.856,207.189,0.9599
Mars,8.08,3.599,150.632,0.5826
Mars,7.656,7.681,75.532,0.7923
Mars,6.085,10.214,187.938,1.0
Mars,6.938,2.387,100.981,0.6845
Mars,7.269,6.958,148.433,0.892
Mars,7.829,5.961,141.597,0.7405
Mars,6.718,4.121,98.093,0.7423
Mars,8.457,5.783,78.523,0.462
Mars,7.711,11.835,93.802,0.8734
Mars,6.932,9.232,75.574,0.8987
Mars,6.243,4.995,104.1,0.7789
Mars,6.453,8.054,219.568,0.9319
Mars,7.219,4.467,124.335,0.7807
Mars,7.237,8.108,198.222,0.9338
Mars,7.919,10.962,147.868,0.8581
Mars,7.815,7.569,166.653,0.8098
Mars,6.503,9.333,85.016,0.9117
Mars,7.487,6.533,103.969,0.8326
Mars,6.052,7.241,141.671,0.8951
Mars,6.996,8.951,200.983,0.9633
Mars,7.91,10.124,66.862,0.7801
Mars,6.999,8.595,141.107,0.9419
Mars,8.089,11.775,68.162,0.7218
Mars,8.44,10.198,133.092,0.6696
Mars,7.518,9.772,160.619,0.986
Mars,6.363,10.451,179.156,1.0
Mars,6.949,4.812,82.165,0.7506
Mars,6.024,6.32,86.652,0.8079
Mars,7.507,7.645,135.21,0.9005
Mars,8.054,6.624,219.686,0.6972
Mars,7.575,10.475,116.967,0.942
Mars,7.965,2.271,128.404,0.5528
Mars,8.0,4.092,129.191,0.6058
Mars,8.128,10.817,72.912,0.7137
Mars,6.667,2.591,183.868,0.7407
Mars,8.178,4.27,100.496,0.5239
Mars,7.635,5.513,172.587,0.7979
Mars,6.724,9.507,136.014,0.9688
Mars,8.468,7.602,157.885,0.5933
Mars,8.375,11.546,68.635,0.6268
Mars,7.436,4.279,202.395,0.7998
Mars,8.108,10.721,99.017,0.7463
Mars,6.654,4.829,167.215,0.819
Mars,7.04,4.455,187.683,0.8059
Mars,6.46,6.984,146.406,0.8908
Mars,7.3,2.712,113.973,0.7089
Mars,7.24,5.843,216.465,0.8545
Mars,6.532,5.557,104.55,0.799
Mars,7.682,3.601,211.786,0.7154
Mars,6.294,10.608,84.996,0.935
Mars,6.154,5.859,122.276,0.8273
Mars,6.962,11.819,82.159,0.9322
Mars,7.025,10.997,60.358,0.9104
Mars,6.799,3.948,101.641,0.7398
Mars,6.645,7.051,73.954,0.8207
Mars,6.847,8.018,217.815,0.9306
Mars,6.408,10.19,181.865,1.0
Mars,7.009,10.856,60.593,0.9106
Mars,8.262,8.24,95.783,0.6304
Mars,6.561,2.351,167.22,0.7323
Mars,7.711,6.813,123.768,0.7918
Mars,6.354,10.848,193.095,1.0
Mars,6.885,9.141,140.778,0.9607
Mars,6.803,10.701,164.584,1.0
Mars,8.343,8.741,155.526,0.6751
Mars,7.07,2.44,162.107,0.7354
Mars,7.726,11.68,96.816,0.8714
Mars,7.506,11.18,119.726,0.9677
Mars,6.353,3.266,68.101,0.6824
Mars,8.349,3.127,154.022,0.4765
Mars,6.865,7.391,133.481,0.8922
Mars,6.112,9.571,181.715,0.985
Mars,6.751,5.822,93.021,0.7968
Mars,6.839,3.364,129.89,0.7476
Mars,6.232,7.106,88.919,0.8376
Mars,7.55,5.376,158.237,0.8215
Mars,6.867,5.518,195.685,0.8431
Mars,7.573,8.45,182.471,0.9215
Mars,6.017,10.856,211.072,1.0
Mars,8.455,7.586,215.476,0.5971
Mars,6.426,8.876,183.525,0.9607
Mars,7.648,8.599,105.889,0.8574
Mars,7.789,7.511,95.082,0.7615
Mars,6.429,5.108,131.608,0.8104
Mars,6.279,5.778,219.021,0.8522
Mars,6.381,5.157,126.027,0.8065
Mars,6.617,11.175,91.851,0.9419
Mars,6.421,10.266,211.095,1.0
Mars,7.685,7.793,121.747,0.8329
Mars,7.052,11.122,170.544,1.0
Mars,7.344,10.864,186.104,1.0
Mars,6.118,11.277,194.905,1.0
Mars,8.153,4.218,191.405,0.5799
Mars,6.426,9.175,193.799,0.9711
Mars,6.9,8.092,166.825,0.9332
Mars,6.18,9.338,124.613,0.9515
Mars,6.342,4.634,166.766,0.8122
Mars,7.664,8.948,193.877,0.9084
Mars,7.731,6.098,116.103,0.7524
Mars,7.692,10.341,107.441,0.8933
Mars,7.38,9.954,114.993,0.9634
Mars,8.381,4.114,148.205,0.4984
Mars,7.268,3.839,68.391,0.7027
Mars,7.124,9.177,184.635,0.9712
Mars,6.619,7.505,82.216,0.8449
Mars,6.247,7.572,81.254,0.8463
Mars,7.37,9.525,91.625,0.925
Mars,6.787,10.55,152.308,1.0
Mars,7.31,4.39,105.691,0.7593
Mars,6.515,7.555,118.894,0.8833
Mars,8.095,10.29,209.064,0.8015
Mars,8.499,10.728,195.552,0.6669
Mars,6.806,4.874,196.35,0.8206
Mars,8.106,3.042,152.423,0.5545
Mars,8.182,4.328,198.635,0.574
Mars,8.49,11.455,184.571,0.6699
Mars,6.857,6.625,212.518,0.8819
Mars,7.89,6.186,70.299,0.6568
Mars,6.572,2.131,64.596,0.6392
Mars,7.562,2.51,88.005,0.6552
Mars,7.762,8.687,208.654,0.8667
Mars,7.853,7.898,156.89,0.8088
Mars,6.518,7.755,128.178,0.8996
Mars,8.122,3.103,142.034,0.5434
Mars,7.052,5.521,192.737,0.8432
Mars,6.541,10.124,208.658,1.0
Mars,7.356,3.749,176.752,0.7812
Mars,8.158,10.827,181.576,0.7805
Mars,8.418,3.215,111.26,0.4179
Mars,7.871,3.691,134.726,0.6404
Mars,6.014,6.777,201.634,0.8872
Mars,6.337,11.453,185.749,1.0
Mars,6.191,5.295,169.483,0.8353
Mars,6.253,8.582,70.439,0.8708
Mars,6.958,7.887,66.321,0.8424
Mars,6.846,3.496,80.866,0.7032
Mars,6.284,4.482,153.023,0.8069
Mars,8.206,11.302,145.822,0.7606
Mars,7.539,3.848,210.831,0.7718
Mars,7.991,8.95,171.162,0.7995
Mars,6.929,11.647,107.036,0.957
Mars,7.026,3.195,85.839,0.6977
Mars,6.794,5.992,195.925,0.8597
Mars,7.096,4.239,133.54,0.7819
Mars,7.526,4.216,164.555,0.7889
Mars,7.232,3.19,150.423,0.7616
Mars,8.095,8.496,77.193,0.6763
Mars,8.25,9.463,69.129,0.6502
Mars,7.174,8.768,120.323,0.9272
Mars,6.599,11.247,117.848,0.9678
Mars,8.363,3.457,167.808,0.4833
Mars,7.838,5.198,161.152,0.7194
Mars,7.6,5.446,215.031,0.8072
Mars,7.864,4.321,197.296,0.6801
Mars,6.19,3.422,139.453,0.7592
Mars,6.169,6.867,140.004,0.8804
Mars,6.383,10.344,167.861,1.0
Mars,6.369,11.545,78.254,0.9283
Mars,7.052,3.293,219.982,0.7653
Mars,6.394,10.232,143.009,0.993
Mars,8.136,10.246,205.585,0.7879
Mars,7.445,5.89,214.777,0.8561
Mars,6.921,3.1,153.063,0.7585
Mars,6.174,11.9,76.536,0.9265
Mars,7.478,8.556,151.735,0.9495
Mars,6.291,11.822,155.623,1.0
Mars,7.858,6.837,186.271,0.7699
Mars,8.007,5.952,67.717,0.6071
Mars,7.36,4.472,134.61,0.7911
Mars,6.374,11.836,207.643,1.0
Mars,7.967,4.533,218.608,0.6529
Mars,6.77,2.238,90.621,0.6689
Mars,6.557,7.125,199.296,0.8994
Mars,7.176,5.771,83.4,0.7854
Mars,8.307,4.614,194.588,0.5426
Mars,6.743,8.346,104.364,0.8965
Mars,8.264,5.643,213.54,0.5928
Mars,6.134,6.023,171.279,0.8608
Mars,6.209,2.23,123.858,0.7019
Mars,7.746,7.891,104.956,0.799
Mars,6.476,3.221,97.638,0.7104
Mars,6.792,4.138,168.927,0.7948
Mars,6.341,9.171,203.327,0.971
Mars,6.831,5.132,180.791,0.8296
Mars,6.701,3.632,193.567,0.7771
Mars,7.841,7.774,185.021,0.8085
Mars,7.755,4.149,216.664,0.7102
Mars,8.387,4.71,181.249,0.5191
Mars,7.811,8.213,93.637,0.7774
Mars,7.737,9.399,186.656,0.8999
Mars,7.736,9.397,111.531,0.8619
Mars,8.207,6.822,219.328,0.653
Mars,6.741,6.543,120.268,0.8493
Mars,6.75,9.876,106.847,0.9525
Mars,7.853,3.93,98.275,0.6182
Mars,6.572,3.522,165.362,0.7733
Mars,8.28,8.647,77.475,0.6201
Mars,7.337,6.095,212.57,0.8633
Mars,6.75,9.1,107.09,0.9256
Mars,7.94,4.566,107.264,0.6203
Mars,6.781,5.249,67.371,0.7511
Mars,8.408,10.967,99.363,0.6466
Mars,8.457,6.217,127.037,0.5255
Mars,7.667,7.91,119.137,0.8403
Mars,6.284,3.067,103.683,0.711
Mars,6.658,3.788,66.519,0.6991
Mars,7.289,2.359,108.093,0.6907
Mars,8.129,6.244,184.533,0.659
Mars,6.462,11.889,130.207,0.9802
Mars,6.261,10.739,106.524,0.9565
Mars,6.186,8.329,108.767,0.9003
Mars,7.267,10.611,148.71,0.9987
Mars,8.212,7.942,108.367,0.6491
Mars,6.106,5.688,160.928,0.8491
Mars,6.531,3.735,218.313,0.7807
Mars,7.733,8.53,66.588,0.7874
Mars,8.065,3.931,86.998,0.5363
Mars,8.018,6.174,88.657,0.6319
Mars,7.963,10.258,131.531,0.8273
Mars,6.324,3.292,66.627,0.6819
Mars,6.993,3.29,136.403,0.7516
Mars,8.462,4.244,208.628,0.4779
Mars,8.472,7.519,61.85,0.5009
Mars,7.506,4.517,118.39,0.7745
Mars,7.773,7.032,181.743,0.8051
Mars,8.378,5.02,84.719,0.4677
Mars,7.125,7.062,72.409,0.8196
Mars,6.342,4.776,160.925,0.8172
Mars,7.672,11.8,61.592,0.8541
Mars,8.4,6.927,188.283,0.5924
Mars,7.743,9.436,70.696,0.82
Mars,8.008,9.005,143.897,0.7897
Mars,7.057,6.906,178.42,0.8917
Mars,6.241,4.389,98.722,0.7523
Mars,6.422,7.107,76.566,0.8253
Mars,8.457,8.81,88.1,0.5776
Mars,7.233,6.599,196.749,0.881
Mars,6.03,2.819,172.925,0.7487
Mars,8.388,2.18,91.696,0.3719
Mars,7.244,5.279,174.579,0.8348
Mars,8.091,3.502,173.379,0.5757
Mars,7.371,11.062,219.636,1.0
Mars,6.254,3.758,122.649,0.7542
Mars,7.539,5.943,198.377,0.845
Mars,8.494,9.121,131.431,0.6195
Mars,6.087,10.154,203.642,1.0
Mars,8.104,6.777,74.656,0.6104
Mars,6.589,3.811,88.05,0.7214
Mars,6.985,4.709,195.993,0.8148
Mars,6.932,6.19,191.088,0.8666
Mars,8.247,5.646,108.869,0.5575
Mars,7.261,5.487,155.488,0.842
Mars,7.118,3.319,121.232,0.7374
Mars,8.045,11.133,61.651,0.73
Mars,6.122,2.298,64.177,0.6446
Mars,6.216,6.4,68.681,0.7927
Mars,6.054,11.803,155.052,1.0
Mars,7.72,8.597,104.676,0.8323
Mars,7.314,5.554,83.032,0.7774
Mars,8.19,3.461,210.581,0.5411
Mars,7.246,11.639,79.411,0.9294
Mars,6.555,2.14,167.837,0.7249
Mars,8.013,8.814,203.066,0.7875
Mars,6.736,10.801,86.213,0.9362
Mars,8.339,2.252,94.357,0.3934
Mars,6.626,9.252,151.81,0.9738
Mars,6.419,11.988,141.352,0.9914
Mars,7.233,8.396,143.364,0.9372
Mars,6.126,6.147,148.748,0.8639
Mars,6.091,10.744,211.984,1.0
Mars,7.24,7.542,68.614,0.8326
Mars,6.538,9.494,181.672,0.9823
Mars,6.023,7.878,97.201,0.8729
Mars,6.74,2.383,119.788,0.7032
Mars,7.193,4.131,74.287,0.7189
Mars,6.986,2.788,131.3,0.7289
Mars,6.339,3.067,188.675,0.7573
Mars,7.449,2.154,75.798,0.6512
Mars,7.776,6.212,104.097,0.7296
Mars,7.689,3.787,119.69,0.6893
Mars,6.984,10.557,76.624,0.9266
Mars,6.344,9.5,181.971,0.9825
Mars,7.249,7.732,185.912,0.9206
Mars,8.226,6.89,193.743,0.6491
Mars,7.172,4.559,153.423,0.8096
Mars,6.489,6.75,141.158,0.8774
Mars,6.233,8.412,102.008,0.8964
Mars,8.36,9.822,164.825,0.7072
Mars,7.858,2.817,131.13,0.6105
Mars,6.782,9.085,215.324,0.968
Mars,6.738,9.427,214.909,0.98
Mars,8.238,7.59,204.833,0.6696
Mars,6.444,4.143,117.614,0.7626
Mars,7.338,7.392,118.876,0.8776
Mars,7.784,7.027,196.428,0.8014
Mars,6.991,6.757,176.662,0.8865
Mars,6.1,6.606,172.698,0.8812
Mars,6.569,3.108,104.738,0.7135
Mars,8.255,3.829,193.336,0.5325
Mars,7.308,2.973,152.707,0.7541
Mars,8.039,4.425,131.498,0.6068
Mars,7.389,4.635,198.468,0.8122
Mars,8.359,4.451,123.074,0.4925
Mars,8.273,4.109,164.628,0.5362
Mars,7.207,9.354,134.545,0.9619
Mars,6.796,10.186,154.838,1.0
Mars,7.504,5.271,66.487,0.7496
Mars,7.687,5.051,133.778,0.7482
Mars,7.246,10.44,149.039,0.999
Mars,8.056,8.239,138.835,0.742
Mars,6.458,4.934,195.586,0.8227
Mars,6.836,9.136,109.78,0.9295
Mars,7.716,5.446,201.452,0.7686
Mars,6.617,7.866,124.554,0.8998
Mars,7.1,11.926,171.124,1.0
Mars,8.409,5.016,73.876,0.4463
Mars,7.565,11.305,92.025,0.9205
Mars,8.373,5.207,181.787,0.5413
Mars,7.806,7.403,61.973,0.719
Mars,7.812,6.6,214.964,0.7771
Mars,7.48,9.832,90.501,0.9346
Mars,6.356,2.611,204.209,0.7414
Mars,7.299,8.271,142.551,0.932
Mars,6.632,9.607,150.332,0.9862
Mars,8.497,6.721,73.461,0.4765
Mars,6.667,3.053,118.435,0.7253
Mars,6.577,4.448,84.995,0.7407
Mars,7.56,8.797,144.149,0.9321
Mars,7.277,10.954,148.117,0.9981
Mars,6.053,6.216,173.547,0.8676
Mars,6.324,7.604,200.525,0.9161
Mars,8.028,4.284,134.909,0.609
Mars,7.209,6.122,97.338,0.8116
Mars,6.365,5.368,113.371,0.8012
Mars,7.163,8.555,195.534,0.9494
Mars,6.633,11.847,83.338,0.9333
Mars,6.559,10.133,160.361,1.0
Mars,8.394,3.922,62.094,0.4012
Mars,6.905,7.777,99.307,0.8715
Mars,6.116,2.664,154.625,0.7432
Mars,8.426,4.469,133.026,0.4808
Mars,7.987,3.722,138.968,0.6069
Mars,6.636,5.355,165.69,0.8374
Mars,7.022,8.788,97.534,0.9051
Mars,8.156,6.994,104.929,0.6311
Mars,6.894,11.329,169.513,1.0
Mars,7.419,4.127,146.127,0.7906
Mars,7.337,5.642,62.334,0.7598
Mars,7.003,5.299,167.252,0.8354
Mars,7.599,4.36,159.215,0.7697
Mars,7.183,11.932,72.577,0.9226
Mars,6.053,5.872,179.603,0.8555
Mars,8.036,11.405,143.536,0.8149
Mars,6.283,5.905,92.76,0.7994
Mars,7.16,4.041,149.497,0.7909
Mars,7.45,3.192,155.273,0.7617
Mars,7.764,10.556,207.219,0.9121
Mars,7.027,2.321,178.743,0.7312
Mars,7.839,11.644,108.308,0.8454
Mars,6.328,6.182,78.901,0.7953
Mars,7.634,4.474,196.509,0.762
Mars,8.066,8.174,195.371,0.7475
Mars,8.224,3.329,88.05,0.4634
Mars,7.449,2.721,69.941,0.6652
Mars,6.782,10.278,173.898,1.0
Mars,6.408,6.247,175.613,0.8686
Mars,6.864,7.183,88.343,0.8397
Mars,7.35,3.767,166.914,0.7818
Mars,6.491,2.614,104.628,0.6961
Mars,8.381,5.678,101.699,0.5067
Mars,8.243,7.061,111.923,0.6115
Mars,6.082,9.654,143.263,0.9812
Mars,7.405,7.011,188.713,0.8954
Mars,7.973,9.825,139.783,0.8259
Mars,6.613,3.154,107.687,0.7181
Mars,7.31,2.64,201.436,0.7424
Mars,7.015,3.589,68.814,0.6944
Mars,6.491,9.72,187.535,0.9902
Mars,7.537,9.593,185.501,0.9735
Mars,8.484,3.414,100.567,0.392
Mars,6.913,2.31,91.727,0.6726
Mars,7.381,8.853,199.952,0.9598
Mars,6.82,10.553,149.419,0.9994
Mars,8.192,9.541,67.362,0.6705
Mars,8.162,4.028,202.533,0.5705
Mars,6.447,7.838,115.841,0.8902
Mars,8.25,9.574,114.745,0.6999
Mars,6.379,4.558,162.926,0.8095
Mars,6.239,7.277,165.81,0.9047
Mars,7.632,5.145,116.531,0.7525
Mars,6.965,4.256,82.925,0.7319
Mars,7.327,11.696,148.363,0.9984
Mars,7.631,11.126,160.029,0.9562
Mars,6.132,6.457,197.636,0.876
Mars,6.732,3.368,137.51,0.7554
Mars,7.152,9.279,163.311,0.9748
Mars,6.666,4.557,68.705,0.7282
Mars,6.122,3.685,203.124,0.779
Mars,6.217,5.815,112.355,0.8159
Mars,8.004,7.298,161.155,0.7373
Mars,8.278,2.974,206.568,0.4946
Mars,6.381,7.717,189.684,0.9201
Mars,6.623,2.153,162.033,0.7254
Mars,7.631,10.919,172.577,0.9565
Mars,8.386,11.207,207.345,0.7048
Mars,6.749,9.331,189.935,0.9766
Mars,8.138,6.665,157.577,0.6706
Mars,7.265,4.549,165.392,0.8092
Mars,8.391,9.441,83.563,0.6169
Mars,6.341,11.318,135.227,0.9852
Mars,8.434,3.585,108.16,0.4223
Mars,7.102,6.658,129.115,0.8622
Mars,8.382,5.153,165.959,0.5362
Mars,7.147,5.567,83.864,0.7787
Mars,7.325,6.058,62.78,0.7748
Mars,8.012,11.518,123.508,0.8029
Mars,7.807,4.586,111.549,0.6699
Mars,7.549,6.927,127.269,0.8534
Mars,7.042,11.515,208.995,1.0
Mars,7.981,6.761,173.133,0.7263
Mars,8.371,10.636,112.393,0.6722
Mars,6.025,2.588,88.685,0.6793
Mars,7.47,11.53,158.957,1.0
Mars,8.165,3.875,165.212,0.564
Mars,7.633,11.799,137.38,0.9431
Mars,8.002,3.756,94.042,0.5581
Mars,8.238,6.444,64.569,0.5442
Mars,7.877,5.086,102.506,0.6547
Mars,7.793,6.332,133.147,0.7573
Mars,8.412,4.505,186.069,0.5037
Mars,8.159,11.653,196.601,0.7803
Mars,8.038,5.057,126.07,0.6236
Mars,6.216,8.533,187.38,0.9486
Mars,6.598,3.374,218.936,0.7681
Mars,7.392,10.244,174.658,1.0
Mars,7.774,7.425,176.576,0.8186
Mars,6.758,11.794,205.526,1.0
Mars,6.233,6.234,114.103,0.8323
Mars,6.778,3.954,61.793,0.7002
Mars,7.928,5.46,217.916,0.6986
Mars,8.194,9.37,138.475,0.7352
Mars,8.282,8.591,185.708,0.6899
Mars,6.947,9.783,189.999,0.9924
Mars,6.931,2.735,123.603,0.7193
Mars,7.017,7.804,146.604,0.9197
Mars,6.94,11.322,146.386,0.9964
Mars,7.665,3.079,95.235,0.6478
Mars,6.896,2.943,78.822,0.6818
Mars,6.051,9.166,146.972,0.9678
Mars,7.098,5.152,79.223,0.7595
Mars,6.56,8.586,115.374,0.9159
Mars,6.072,7.454,89.773,0.8507
Mars,7.177,11.861,173.107,1.0
Mars,6.515,10.891,199.521,1.0
Mars,7.132,8.781,152.466,0.9573
Mars,6.694,4.617,125.625,0.7872
Mars,7.509,4.619,219.463,0.8086
Mars,8.477,10.822,63.393,0.5877
Mars,7.368,7.853,108.695,0.8836
Mars,7.617,9.893,104.588,0.9118
Mars,8.298,6.499,116.993,0.5784
Mars,6.935,3.031,96.895,0.703
Mars,6.416,5.327,102.282,0.7887
Mars,6.707,3.611,101.228,0.7276
Mars,7.007,9.818,140.919,0.9846
Mars,7.613,9.005,122.569,0.9002
Mars,6.011,2.884,162.285,0.7509
Mars,8.133,8.214,142.304,0.7186
Mars,6.19,10.741,89.347,0.9393
Mars,8.252,8.974,189.607,0.7135
Mars,8.374,7.111,135.551,0.5932
Mars,8.475,5.119,84.517,0.4386
Mars,8.024,10.871,86.701,0.7621
Mars,6.355,6.228,187.515,0.868
Mars,7.765,10.554,172.479,0.9115
Mars,6.508,9.83,141.044,0.9851
Mars,8.243,10.162,108.973,0.7114
Mars,6.792,11.898,133.684,0.9837
Mars,6.817,9.488,161.837,0.9821
Mars,8.294,2.34,200.685,0.4672
Mars,6.033,4.054,148.939,0.7908
Mars,6.485,2.352,104.278,0.6866
Mars,7.055,3.899,66.838,0.7033
Mars,7.752,2.614,88.073,0.5956
Mars,7.619,7.016,164.028,0.8559
Mars,7.674,2.282,85.67,0.6077
Mars,8.2,6.726,137.046,0.6391
Mars,6.303,10.988,171.833,1.0
Mars,7.305,9.486,109.316,0.9413
Mars,7.814,11.44,167.057,0.8954
Mars,7.59,4.266,152.972,0.7692
Mars,7.121,7.311,130.23,0.8861
Mars,6.043,5.186,203.559,0.8315
Mars,6.151,6.938,170.729,0.8928
Mars,6.297,7.571,117.696,0.8827
Mars,6.858,2.362,188.682,0.7327
Mars,6.294,4.333,178.096,0.8016
Mars,7.065,9.048,186.669,0.9667
Mars,6.447,9.729,162.553,0.9905
Mars,7.948,7.695,120.699,0.7407
Mars,8.179,4.708,115.773,0.5543
Mars,6.974,6.051,164.664,0.8618
Mars,7.278,2.96,80.944,0.6846
Mars,8.384,11.532,191.186,0.7054
Mars,7.339,10.687,119.254,0.9693
Mars,8.488,2.656,160.86,0.4137
Mars,6.355,3.665,139.85,0.7681
Mars,8.156,7.811,143.092,0.698
Mars,7.243,4.324,178.081,0.8014
Mars,6.057,11.344,160.267,1.0
Mars,8.431,9.556,100.049,0.6243
Mars,8.413,4.733,71.876,0.4333
Mars,6.958,2.061,194.437,0.7221
Mars,8.385,9.994,201.583,0.7047
Mars,6.353,6.241,86.319,0.8048
Mars,7.7,8.424,109.516,0.8376
Mars,6.48,4.87,105.175,0.7756
Mars,6.617,3.429,209.992,0.77
Mars,7.948,8.753,92.764,0.7497
Mars,6.943,6.503,86.646,0.8143
Mars,6.018,4.352,89.094,0.7414
Mars,7.036,3.376,176.779,0.7682
Mars,6.57,7.805,202.083,0.9232
Mars,7.708,9.255,122.939,0.8774
Mars,6.486,4.839,81.773,0.7511
Mars,8.106,9.351,153.716,0.7754
Mars,6.668,3.831,93.59,0.7277
Mars,6.983,5.384,70.264,0.7587
Mars,6.745,9.449,201.797,0.9807
Mars,7.61,8.601,199.335,0.9144
Mars,6.253,4.705,216.146,0.8147
Mars,7.195,3.221,135.841,0.7486
Mars,6.836,2.425,107.04,0.6919
Mars,8.21,10.379,183.165,0.7632
Mars,6.184,2.751,88.879,0.6852
Mars,8.074,3.148,98.927,0.5177
Mars,6.419,4.377,100.909,0.7541
Mars,6.221,6.457,212.259,0.876
Mars,6.506,9.898,176.772,0.9964
Mars,6.257,4.475,81.391,0.738
Mars,7.302,7.435,74.855,0.8351
Mars,8.471,2.904,194.85,0.4281
Mars,6.086,6.645,188.364,0.8826
Mars,7.153,3.776,167.359,0.7822
Mars,6.965,4.112,91.376,0.7353
Mars,6.849,5.668,136.845,0.8352
Mars,6.83,9.613,156.436,0.9865
Mars,8.238,9.44,209.142,0.7346
Mars,6.047,6.15,87.108,0.8023
Mars,7.937,3.187,142.471,0.6082
Mars,6.632,4.807,85.24,0.7535
Mars,6.958,7.054,131.016,0.8779
Mars,7.05,10.694,92.022,0.942
Mars,6.762,11.683,193.79,1.0
Mars,6.234,8.375,100.758,0.8939
Mars,6.286,5.507,126.737,0.8195
Mars,6.745,8.935,125.246,0.938
Mars,8.055,5.362,198.607,0.6528
Mars,6.337,8.255,181.248,0.9389
Mars,7.857,4.438,69.212,0.6057
Mars,6.722,4.67,70.734,0.7342
Mars,8.209,2.752,148.192,0.5083
Mars,7.071,6.201,128.435,0.8455
Mars,6.429,8.182,104.093,0.8905
Mars,8.465,9.888,186.819,0.6745
Mars,6.442,10.103,80.582,0.9306
Mars,7.419,11.924,215.849,1.0
Mars,7.423,2.878,63.856,0.6646
Mars,6.932,6.931,78.917,0.8215
Mars,8.379,7.214,109.811,0.5694
Mars,8.11,10.045,141.464,0.7882
Mars,8.075,4.664,94.582,0.5663
Mars,8.435,2.694,177.794,0.4325
Mars,7.143,5.138,117.207,0.797
Mars,6.243,11.839,66.166,0.9162
Mars,7.914,10.994,200.436,0.8621
Mars,6.952,5.952,211.019,0.8583
Mars,6.476,10.763,158.97,1.0
Mars,7.208,2.328,189.046,0.7315
Mars,8.314,5.142,79.378,0.4879
Mars,6.428,9.268,103.011,0.9274
Mars,8.122,4.215,112.037,0.5523
Mars,7.046,3.984,213.721,0.7894
Mars,6.342,10.618,141.956,0.992
Mars,8.121,8.16,61.186,0.6398
Mars,8.424,11.89,120.83,0.6628
Mars,6.728,3.347,61.24,0.6784
Mars,6.759,5.561,98.049,0.7927
Mars,6.976,5.112,132.752,0.8117
Mars,8.035,10.801,111.743,0.7833
Mars,6.026,4.553,65.237,0.7246
Mars,6.56,5.535,78.614,0.7723
Mars,7.765,3.428,148.142,0.6799
Mars,7.014,9.754,171.297,0.9914
Mars,6.826,4.377,124.728,0.7779
Mars,8.181,2.683,177.037,0.517
Mars,8.293,6.351,86.133,0.544
Mars,8.37,5.915,79.529,0.4966
Mars,6.681,3.776,194.313,0.7822
Mars,8.281,3.336,114.274,0.4706
Mars,7.842,10.966,129.16,0.865
Mars,6.386,2.678,211.613,0.7437
Mars,7.526,2.993,127.858,0.7241
Mars,6.066,4.45,60.558,0.7163
Mars,7.771,11.528,210.076,0.9097
Mars,7.834,2.854,62.259,0.5508
Mars,7.973,10.16,165.966,0.8422
Mars,6.431,10.921,111.663,0.9617
Mars,7.571,5.779,135.263,0.814
Mars,6.447,4.939,147.566,0.8204
Mars,8.367,8.774,125.354,0.6436
Mars,7.688,9.026,183.899,0.9034
Mars,6.238,9.8,208.913,0.993
Mars,6.468,10.306,73.826,0.9238
Mars,7.659,4.684,188.04,0.7611
Mars,7.192,8.87,80.587,0.891
Mars,7.841,3.349,72.844,0.5765
Mars,6.702,7.107,212.933,0.8988
Mars,7.645,8.129,138.288,0.8745
Mars,6.442,3.617,84.417,0.711
Mars,7.359,2.765,151.193,0.7468
Mars,8.394,3.947,102.118,0.4421
Mars,7.571,6.206,134.289,0.828
Mars,6.125,10.878,159.946,1.0
Mars,8.472,7.319,199.083,0.5822
Mars,6.392,9.485,60.493,0.8925
Mars,7.795,3.741,94.263,0.6268
Mars,7.331,3.06,75.403,0.6825
Mars,6.736,4.396,75.536,0.7294
Mars,6.443,5.139,211.324,0.8299
Mars,6.444,7.481,209.773,0.9118
Mars,8.146,10.812,179.889,0.7847
Mars,8.182,6.261,162.89,0.6417
Mars,7.163,7.188,195.675,0.9016
Mars,6.259,2.046,69.345,0.641
Mars,8.21,2.333,79.118,0.424
Mars,7.218,2.838,110.738,0.7101
Mars,7.097,8.99,193.199,0.9646
Mars,7.018,6.862,135.557,0.8757
Mars,6.913,3.93,140.572,0.7781
Mars,7.315,7.926,96.682,0.8741
Mars,7.511,7.446,163.742,0.9068
Mars,7.166,2.888,202.055,0.7511
Mars,8.242,8.404,112.722,0.6597
Mars,6.794,9.672,159.07,0.9885
Mars,7.446,4.866,113.112,0.7834
Mars,6.75,8.875,186.835,0.9606
Mars,7.883,3.997,135.994,0.6481
Mars,6.255,9.567,114.315,0.9492
Mars,6.472,11.118,127.208,0.9772
Mars,8.003,6.419,74.596,0.6316
Mars,6.458,4.446,198.579,0.8056
Mars,7.564,5.992,213.291,0.8383
Mars,8.426,4.501,136.386,0.4854
Mars,7.307,2.012,95.414,0.6658
Mars,6.468,8.505,166.345,0.9477
Mars,6.802,2.425,132.381,0.7173
Mars,8.059,4.104,100.368,0.5578
Mars,6.879,9.224,66.149,0.889
Mars,7.809,8.657,202.353,0.8501
Mars,7.943,2.733,187.477,0.5979
Mars,7.253,8.601,192.641,0.951
Mars,7.958,11.306,130.374,0.8277
Mars,6.792,2.745,180.521,0.7461
Mars,7.29,6.157,152.996,0.8655
Mars,7.716,9.294,119.964,0.8731
Mars,6.42,8.677,194.839,0.9537
Mars,6.684,4.265,219.801,0.7993
Mars,7.63,3.631,203.885,0.7337
Mars,7.638,9.842,184.191,0.9484
Mars,7.233,11.562,179.601,1.0
Mars,7.989,9.676,164.04,0.8257
Mars,7.205,11.632,196.579,1.0
Mars,8.203,8.05,138.893,0.6862
Mars,7.84,11.291,89.077,0.8258
Mars,6.787,8.904,182.888,0.9617
Mars,6.988,11.089,207.121,1.0
Mars,7.669,3.616,114.616,0.6848
Mars,8.236,10.156,185.277,0.7546
Mars,6.447,3.967,103.796,0.7427
Mars,7.287,2.274,210.816,0.7296
Mars,6.297,7.176,169.354,0.9012
Mars,6.699,5.183,151.084,0.8314
Mars,7.715,2.435,184.779,0.6636
Mars,6.194,11.803,190.117,1.0
Mars,7.656,8.665,202.779,0.9013
Mars,8.252,11.018,204.179,0.7493
Mars,8.423,11.991,68.431,0.6106
Mars,6.542,5.92,79.665,0.7869
Mars,7.872,4.547,192.17,0.6851
Mars,8.316,3.839,211.368,0.5124
Mars,6.228,7.152,109.227,0.8595
Mars,7.035,8.061,61.376,0.8435
Mars,8.299,6.724,111.633,0.5808
Mars,6.507,5.873,121.258,0.8268
Mars,8.334,3.683,181.765,0.5008
Mars,7.318,6.419,67.614,0.7923
Mars,6.25,2.852,94.022,0.6939
Mars,7.125,10.65,203.035,1.0
Mars,6.816,2.469,84.771,0.6712
Mars,6.706,5.806,181.48,0.8532
Mars,7.354,3.001,117.81,0.7229
Mars,7.209,9.75,166.026,0.9912
Mars,7.205,5.127,71.815,0.7513
Mars,6.22,3.131,105.849,0.7154
Mars,8.006,7.315,127.966,0.7154
Mars,7.204,11.163,197.154,1.0
Mars,8.052,11.086,150.159,0.8159
Mars,8.061,4.497,67.236,0.5375
Mars,6.793,9.197,188.299,0.9719
Mars,6.011,2.303,68.723,0.6493
Mars,8.278,3.319,209.499,0.5068
Mars,7.902,6.995,93.875,0.7048
Mars,6.268,4.288,138.068,0.7881
Mars,7.754,9.983,71.565,0.8362
Mars,6.05,11.311,149.874,0.9999
Mars,6.069,2.043,139.557,0.7111
Mars,7.315,4.329,125.64,0.7772
Mars,6.24,6.396,65.692,0.7895
Mars,8.411,7.631,200.63,0.6135
Mars,8.235,11.159,188.422,0.7551
Mars,7.625,10.919,161.285,0.9585
Mars,6.159,8.372,151.557,0.943
Mars,6.812,4.574,171.191,0.8101
Mars,6.929,9.833,83.038,0.9272
Mars,7.202,4.027,209.223,0.7909
Mars,6.422,11.652,105.548,0.9555
Mars,7.444,2.058,165.038,0.722
Mars,7.089,7.698,157.081,0.9194
Mars,8.368,2.884,161.858,0.4615
Mars,8.34,6.076,200.632,0.5825
Mars,7.414,8.349,107.346,0.8996
Mars,7.611,8.896,179.832,0.9244
Mars,6.344,9.856,155.743,0.9949
Mars,6.558,7.933,72.17,0.8498
Mars,8.252,4.513,126.265,0.5336
Mars,7.748,10.893,194.072,0.9174
Mars,6.474,10.111,110.456,0.9605
Mars,7.426,3.601,137.162,0.7632
Mars,8.337,10.265,138.182,0.7092
Mars,6.863,11.726,158.882,1.0
Mars,6.465,8.372,201.443,0.943
Mars,8.355,4.818,87.766,0.4714
Mars,7.153,8.066,140.739,0.923
Mars,7.043,5.425,127.883,0.8178
Mars,6.669,8.759,107.347,0.9139
Mars,8.229,7.448,207.137,0.6677
Mars,8.114,11.295,61.307,0.7066
Mars,7.007,8.179,79.537,0.8658
Mars,6.077,4.14,177.335,0.7949
Mars,7.117,9.251,102.151,0.9259
Mars,6.452,5.009,175.709,0.8253
Mars,6.357,4.724,193.161,0.8153
Mars,6.983,5.918,100.739,0.8079
Mars,6.248,2.12,90.711,0.6649
Mars,8.394,11.691,83.248,0.6354
Mars,6.119,7.323,92.014,0.8483
Mars,7.003,9.735,102.75,0.9435
Mars,6.407,4.579,199.0,0.8102
Mars,7.722,9.466,183.201,0.9073
Mars,6.197,7.672,60.295,0.8288
Mars,7.367,6.241,199.859,0.8685
Mars,7.933,11.707,72.61,0.7784
Mars,8.375,6.938,164.842,0.6011
Mars,7.746,8.575,84.236,0.8022
Mars,6.249,2.153,69.964,0.6453
Mars,6.221,5.015,181.563,0.8255
Mars,7.829,10.887,134.752,0.8751
Mars,6.538,9.59,155.85,0.9856
Mars,7.118,7.368,128.056,0.8859
Mars,8.442,11.002,70.747,0.6069
Mars,8.05,6.862,178.339,0.7069
Mars,8.116,7.665,191.256,0.7128
Mars,8.152,5.822,66.627,0.5531
Mars,7.549,8.2,120.115,0.8908
Mars,7.86,5.19,149.171,0.7109
Mars,6.897,5.855,156.829,0.8549
Mars,8.496,11.663,152.504,0.668
Mars,6.699,3.113,170.871,0.759
Mars,7.475,3.053,214.691,0.7568
Mars,6.705,2.433,122.494,0.7077
Mars,6.28,5.2,149.06,0.8311
Mars,7.419,5.982,171.853,0.8594
Mars,6.883,2.945,154.788,0.7531
Mars,7.458,7.491,121.88,0.8841
Mars,7.397,7.833,159.853,0.9242
Mars,7.356,9.51,164.018,0.9829
Mars,6.308,11.76,153.595,1.0
Mars,7.1,8.194,92.818,0.8796
Mars,8.03,3.117,140.957,0.5734
Mars,6.788,2.885,201.497,0.751
Mars,7.11,9.775,198.976,0.9921
Mars,7.235,8.503,180.126,0.9476
Mars,8.157,3.619,171.551,0.5577
Mars,7.639,4.534,84.525,0.6969
Mars,6.251,9.502,133.514,0.9661
Mars,8.163,7.662,77.752,0.6249
Mars,8.08,7.85,190.766,0.7314
Mars,7.884,4.1,106.567,0.622
Mars,7.165,8.291,182.699,0.9402
Mars,7.894,9.706,190.333,0.8584
Mars,7.197,10.853,202.799,1.0
Mars,7.842,9.367,180.613,0.864
Mars,8.2,7.764,150.357,0.6883
Mars,8.226,8.733,155.71,0.7135
Mars,7.136,6.851,111.293,0.8511
Mars,8.148,4.269,88.319,0.5216
Mars,6.254,10.822,80.902,0.9309
Mars,6.255,7.326,89.124,0.8455
Mars,7.371,7.943,209.432,0.928
Mars,7.63,11.901,86.309,0.8931
Mars,6.382,11.85,175.798,1.0
Mars,7.18,7.863,89.541,0.8647
Mars,6.236,2.34,216.046,0.7319
Mars,7.505,5.961,118.654,0.8256
Mars,8.138,11.373,125.942,0.7634
Mars,7.844,4.883,124.722,0.6809
Mars,6.946,11.993,190.633,1.0
Mars,8.484,2.843,94.926,0.3663
Mars,7.657,7.681,192.964,0.8664
Mars,8.038,7.154,165.129,0.721
Mars,7.674,4.554,95.245,0.6965
Mars,8.474,11.486,70.465,0.596
Mars,8.053,8.192,183.999,0.7522
Mars,7.299,4.302,95.034,0.7456
Mars,6.917,5.84,202.251,0.8544
Mars,7.705,9.212,80.766,0.8347
Mars,7.476,4.977,158.618,0.8242
Mars,7.573,10.796,170.747,0.9755
Mars,6.858,3.657,165.232,0.778
Mars,7.072,4.645,110.565,0.7731
Mars,7.395,3.449,200.084,0.7707
Mars,8.098,3.042,183.169,0.5571
Mars,7.907,5.003,141.633,0.681
Mars,6.297,11.992,156.527,1.0
Mars,6.614,2.943,150.619,0.753
Mars,6.067,4.13,211.472,0.7946
Mars,6.02,4.716,203.426,0.8151
Mars,6.561,8.191,97.68,0.8844
Mars,7.998,9.453,102.042,0.7668
Mars,8.262,9.519,217.03,0.7292
Mars,6.979,2.086,97.85,0.6709
Mars,7.408,8.519,212.557,0.9481
Mars,7.765,8.307,163.961,0.8524
Mars,8.382,7.177,68.018,0.5251
Mars,8.282,5.792,113.716,0.5557
Mars,6.143,9.974,136.185,0.9853
Mars,6.62,5.439,193.295,0.8404
Mars,6.123,4.3,112.574,0.7631
Mars,7.541,5.101,109.693,0.7744
Mars,7.776,6.396,207.242,0.7818
Mars,6.771,4.141,72.645,0.7176
Mars,8.135,8.076,148.243,0.7194
Mars,7.132,10.842,140.678,0.9907
Mars,8.496,7.955,69.174,0.5156
Mars,6.001,6.467,74.041,0.8004
Mars,6.274,9.969,121.115,0.97
Mars,6.754,9.48,81.466,0.9133
Mars,6.064,5.671,136.492,0.835
Mars,7.956,8.042,157.422,0.7795
Mars,6.132,9.298,170.623,0.9754
Mars,7.872,4.455,147.435,0.6792
Mars,6.131,5.663,120.746,0.8189
Mars,6.632,3.058,80.761,0.6878
Mars,8.103,11.877,99.598,0.7485
Mars,8.378,2.859,127.107,0.4346
Mars,7.036,3.686,207.858,0.779
Mars,8.425,6.798,92.416,0.5221
Mars,7.567,10.653,126.135,0.9537
Mars,7.04,5.559,177.169,0.8446
Mars,8.007,9.686,172.833,0.82
Mars,6.738,8.76,214.495,0.9566
Mars,6.664,8.387,90.544,0.8841
Mars,7.641,10.45,62.643,0.8655
Mars,6.976,2.142,111.572,0.6865
Mars,6.34,11.292,83.951,0.934
Mars,6.167,10.292,147.755,0.9978
Mars,7.97,11.379,203.805,0.8435
Mars,7.69,9.936,170.116,0.9345
Mars,7.029,10.786,81.728,0.9317
Mars,8.241,4.031,78.574,0.4728
Mars,7.027,5.192,205.832,0.8317
Mars,7.776,5.152,138.018,0.7264
Mars,8.273,3.092,207.788,0.5006
Mars,8.102,9.296,177.795,0.7748
Mars,7.278,3.362,218.936,0.7677
Mars,7.702,2.525,199.396,0.6712
Mars,7.034,9.754,126.274,0.9677
Mars,7.618,11.047,181.316,0.9607
Mars,6.644,9.641,135.397,0.9728
Mars,7.087,10.254,97.292,0.9473
Mars,6.524,7.956,98.565,0.877
Mars,6.095,10.877,123.572,0.9736
Mars,7.471,6.967,77.835,0.8217
Mars,8.161,11.883,88.443,0.7181
Mars,6.064,3.034,140.097,0.7463
Mars,6.49,10.092,212.628,1.0
Mars,7.15,8.414,152.43,0.9445
Mars,7.665,7.806,125.359,0.8437
Mars,6.428,9.258,98.832,0.9229
Mars,6.142,10.403,91.344,0.9413
Mars,7.298,10.629,165.345,1.0
Mars,8.047,3.754,195.732,0.5991
Mars,6.088,3.97,123.817,0.7628
Mars,6.873,2.162,148.105,0.7238
Mars,7.659,3.318,173.076,0.7132
Mars,6.327,4.639,69.327,0.7317
Mars,6.59,9.21,116.144,0.9385
Mars,7.339,6.758,176.76,0.8865
Mars,8.383,9.579,169.539,0.6909
Mars,6.718,6.865,68.536,0.8088
Mars,7.219,7.556,98.051,0.8625
Mars,7.0,3.111,168.793,0.7589
Mars,8.243,9.766,103.427,0.6974
Mars,6.18,9.581,190.306,0.9853
Mars,7.415,5.076,64.721,0.7424
Mars,8.115,5.286,90.456,0.5704
Mars,8.47,4.197,105.01,0.4285
Mars,7.747,10.138,208.046,0.9177
Mars,6.95,9.47,187.411,0.9815
Mars,7.03,8.091,201.463,0.9332
Mars,6.879,4.388,130.477,0.7841
Mars,7.509,3.719,191.61,0.7771
Mars,7.849,2.503,196.559,0.6214
Mars,8.049,2.456,123.993,0.5271
Mars,7.041,3.871,219.114,0.7855
Mars,7.792,3.005,196.198,0.6579
Mars,8.291,7.561,215.856,0.6511
Mars,8.302,5.581,198.64,0.578
Mars,7.76,6.449,184.193,0.789
Mars,7.592,7.941,211.015,0.8972
Mars,7.329,8.591,127.171,0.9279
Mars,6.458,8.482,185.333,0.9469
Mars,6.309,4.609,94.063,0.7554
Mars,7.214,10.096,177.247,1.0
Mars,6.399,11.177,185.657,1.0
Mars,7.442,5.159,174.644,0.8306
Mars,7.614,2.171,195.97,0.6879
Mars,7.314,10.992,126.134,0.9761
Mars,6.091,11.235,147.163,0.9972
Mars,6.144,2.509,61.707,0.6495
Mars,6.283,2.05,83.369,0.6551
Mars,6.384,10.164,163.071,1.0
Mars,8.475,5.015,149.971,0.5006
Mars,6.861,11.146,91.573,0.9416
Mars,6.73,4.167,98.954,0.7448
Mars,6.131,10.612,115.053,0.9651
Mars,7.588,2.686,174.626,0.7146
Mars,7.63,4.606,157.555,0.7677
Mars,6.439,11.731,71.131,0.9211
Mars,8.298,4.312,181.59,0.5349
Mars,8.001,3.33,102.026,0.5515
Mars,6.576,10.571,167.482,1.0
Mars,7.215,3.178,79.738,0.691
Mars,7.146,2.975,219.667,0.7541
Mars,6.871,5.234,72.854,0.7561
Mars,8.044,8.353,178.677,0.761
Mars,6.273,9.107,146.613,0.9654
Mars,7.038,10.812,73.75,0.9238
Mars,7.07,7.409,64.29,0.8236
Mars,7.172,5.934,118.027,0.8257
Mars,8.153,5.588,188.356,0.6278
Mars,6.545,10.469,66.584,0.9166
Mars,6.257,9.238,172.704,0.9733
Mars,7.545,11.054,164.86,0.9852
Mars,6.435,11.64,102.486,0.9525
Mars,6.187,5.001,72.399,0.7474
Mars,7.067,7.297,206.452,0.9054
Mars,6.549,8.318,108.056,0.8992
Mars,6.903,3.638,77.821,0.7052
Mars,6.649,2.533,169.043,0.7387
Mars,6.232,10.678,94.669,0.9447
Mars,7.401,7.355,136.101,0.8935
Mars,6.068,7.708,68.065,0.8378
Mars,8.416,7.549,218.877,0.6089
Mars,6.853,9.55,131.619,0.9659
Mars,7.738,3.455,219.858,0.6916
Mars,8.026,8.14,121.708,0.7313
Mars,6.698,6.695,115.656,0.85
Mars,7.872,10.97,206.332,0.8761
Mars,8.081,7.196,112.715,0.6709
Mars,6.603,11.429,129.121,0.9791
Mars,8.481,5.533,72.498,0.4391
Mars,6.052,11.669,212.874,1.0
Mars,6.543,10.752,73.624,0.9236
Mars,7.95,7.843,183.39,0.7745
Mars,6.485,5.537,146.178,0.84
Mars,7.746,5.759,69.825,0.6895
Mars,8.139,9.728,60.273,0.6878
Mars,8.398,7.806,209.689,0.6239
Mars,7.186,6.016,178.748,0.8606
Mars,8.428,8.361,169.83,0.6334
Mars,7.029,9.332,130.169,0.9568
Mars,6.545,2.229,98.178,0.6762
Mars,7.285,2.899,168.778,0.7515
Mars,7.625,2.945,157.328,0.7116
Mars,7.145,4.319,176.215,0.8012
Mars,7.417,6.27,118.527,0.838
Mars,7.041,10.036,217.908,1.0
Mars,7.312,5.511,70.721,0.7636
Mars,8.381,2.175,72.752,0.355
Mars,7.25,6.834,206.7,0.8892
Mars,6.633,11.966,163.633,1.0
Mars,7.897,5.49,112.213,0.6721
Mars,6.844,11.613,181.912,1.0
Mars,8.041,3.013,132.444,0.5577
Mars,6.142,3.731,63.379,0.694
Mars,6.83,9.241,164.177,0.9734
Mars,6.236,7.012,98.898,0.8443
Mars,6.213,9.651,78.454,0.9162
Mars,7.646,10.636,96.044,0.8974
Mars,6.963,4.511,136.185,0.7941
Mars,8.179,8.828,67.977,0.6507
Mars,7.291,8.076,201.304,0.9327
Mars,6.738,10.615,149.587,0.9996
Mars,7.802,6.301,106.879,0.7267
Mars,7.56,2.519,169.921,0.7181
Mars,7.999,7.742,188.678,0.7546
Mars,7.609,11.589,158.228,0.9637
Mars,6.418,2.146,92.399,0.6675
Mars,7.676,4.403,77.646,0.6731
Mars,6.979,5.161,197.584,0.8306
Mars,7.158,9.658,97.55,0.9356
Mars,8.304,5.233,63.213,0.4784
Mars,6.9,4.391,162.864,0.8037
Mars,7.53,8.486,84.462,0.8715
Mars,6.909,2.464,218.555,0.7362
Mars,6.237,3.706,199.157,0.7797
Mars,7.134,6.08,157.351,0.8628
Mars,7.493,5.556,193.419,0.8445
Mars,7.019,5.472,135.286,0.8268
Mars,6.977,3.086,186.158,0.758
Mars,8.051,5.608,163.445,0.6626
Mars,6.074,9.98,64.583,0.9139
Mars,6.739,6.138,211.801,0.8648
Mars,8.029,7.862,197.747,0.7487
Mars,8.301,3.636,212.545,0.5101
Mars,7.031,2.697,177.019,0.7444
Mars,8.222,10.8,125.93,0.7353
Mars,6.497,5.314,93.118,0.7791
Mars,6.554,5.503,88.799,0.7814
Mars,8.115,10.777,83.187,0.728
Mars,8.258,9.078,95.298,0.6603
Mars,6.557,9.563,148.102,0.9828
Mars,6.148,8.82,169.399,0.9587
Mars,6.226,3.058,110.249,0.7173
Mars,6.653,11.58,147.8,0.9978
Mars,7.904,11.091,114.6,0.8301
Mars,7.275,4.362,171.442,0.8027
Mars,7.139,10.04,218.158,1.0
Mars,7.46,6.094,170.243,0.8633
Mars,8.226,8.838,69.445,0.6369
Mars,6.226,3.656,136.358,0.7643
Mars,7.737,7.386,183.262,0.8296
Mars,8.317,3.266,146.759,0.4887
Mars,6.533,7.362,212.17,0.9077
Mars,8.094,4.436,68.763,0.5259
Mars,7.745,6.525,106.585,0.7533
Mars,6.036,8.68,95.315,0.8991
Mars,6.579,10.771,182.82,1.0
Mars,7.515,3.653,143.807,0.7668
Mars,7.256,10.933,82.135,0.9321
Mars,7.32,5.9,105.695,0.8122
Mars,6.58,10.438,143.625,0.9936
Mars,7.688,7.125,219.381,0.8369
Mars,6.666,10.622,118.287,0.9683
Mars,6.974,8.628,85.092,0.8871
Mars,6.922,7.087,139.531,0.8876
Mars,7.68,5.125,109.63,0.729
Mars,6.226,11.689,150.555,1.0
Mars,6.514,10.009,134.674,0.9847
Mars,6.501,5.812,170.318,0.8534
Mars,6.271,3.667,206.287,0.7784
Mars,6.519,9.795,92.082,0.9349
Mars,7.518,11.899,191.389,0.9941
Mars,7.83,4.79,211.883,0.7075
Mars,7.651,11.159,119.778,0.9195
Mars,7.188,3.254,78.186,0.6921
Mars,6.131,11.522,191.506,1.0
Mars,8.398,9.453,172.175,0.6817
Mars,6.42,5.466,94.034,0.7853
Mars,7.671,5.046,131.236,0.7508
Mars,8.282,8.434,152.479,0.6845
Mars,7.744,7.935,87.177,0.7834
Mars,6.545,11.189,174.386,1.0
Mars,6.789,9.662,170.381,0.9882
Mars,6.076,7.404,201.94,0.9091
Mars,7.532,11.276,150.764,0.9894
Mars,7.532,7.927,151.89,0.9166
Mars,7.814,10.497,159.102,0.8954
Mars,6.027,10.409,103.805,0.9538
Mars,8.045,11.192,181.377,0.8185
Mars,7.847,2.676,166.0,0.6281
Mars,6.352,7.838,194.263,0.9243
Mars,6.869,6.684,182.974,0.8839
Mars,7.596,6.905,162.172,0.8596
Mars,7.239,6.599,85.743,0.8167
Mars,6.288,10.375,207.064,1.0
Mars,6.218,5.184,118.754,0.8002
Mars,7.954,6.628,214.288,0.7307
Mars,6.39,4.007,124.299,0.7645
Mars,6.43,4.517,83.35,0.7415
Mars,8.077,8.604,201.574,0.7587
Mars,7.53,3.169,187.209,0.7508
Mars,7.512,3.878,185.807,0.7818
Mars,7.198,7.28,74.306,0.8291
Mars,7.422,2.438,200.685,0.7353
Mars,7.504,3.269,155.424,0.7629
Mars,8.42,10.634,135.257,0.6787
Mars,6.557,10.461,206.107,1.0
Mars,6.536,5.478,166.567,0.8417
Mars,6.143,5.48,81.285,0.7731
Mars,7.645,11.365,143.126,0.9446
Mars,7.373,2.258,161.859,0.729
Mars,6.278,7.803,203.768,0.9231
Mars,6.911,7.974,104.783,0.8839
Mars,6.447,9.879,187.077,0.9958
Mars,6.829,11.518,187.97,1.0
Mars,8.378,5.558,80.488,0.4823
Mars,7.708,6.378,62.757,0.7166
Mars,6.019,8.713,153.026,0.955
Mars,6.631,11.673,186.317,1.0
Mars,6.026,10.908,148.709,0.9987
Mars,7.787,8.671,190.136,0.8577
Mars,7.174,10.567,159.569,1.0
Mars,8.485,2.852,164.527,0.4215
Mars,7.834,5.771,64.505,0.6552
Mars,7.295,2.131,74.176,0.6488
Mars,8.012,3.775,176.005,0.6115
Mars,7.762,8.305,182.055,0.8533
Mars,6.609,10.856,146.748,0.9967
Mars,7.326,8.328,154.426,0.9415
Mars,7.39,8.641,158.299,0.9524
Mars,7.128,3.038,76.799,0.6831
Mars,6.448,8.649,166.865,0.9527
Mars,6.558,6.543,136.555,0.8656
Mars,6.703,8.514,156.404,0.948
Mars,6.026,5.262,150.103,0.8342
Mars,8.292,7.815,182.08,0.6594
Mars,7.715,6.241,110.971,0.7576
Mars,7.724,7.586,119.764,0.8106
Mars,7.431,3.471,122.657,0.7441
Mars,7.723,5.958,181.993,0.7841
Mars,8.455,5.743,128.978,0.5118
Mars,6.963,9.364,88.332,0.9161
Mars,7.781,9.064,217.287,0.8735
Mars,6.899,11.089,138.941,0.9889
Mars,8.136,8.321,77.48,0.6568
Mars,8.145,5.145,167.244,0.6151
Mars,8.256,9.832,178.266,0.7422
Mars,6.014,6.97,140.036,0.884
Mars,6.745,3.935,163.433,0.7877
Mars,6.335,9.474,87.628,0.9192
Mars,7.135,3.325,118.868,0.7353
Mars,7.239,3.782,85.893,0.7182
Mars,6.64,9.588,121.958,0.9575
Mars,7.809,9.701,150.048,0.8867
Mars,6.674,9.908,130.806,0.9776
Mars,8.135,4.933,154.914,0.6111
Mars,6.444,10.666,140.281,0.9903
Mars,6.918,9.227,110.85,0.9338
Mars,7.556,10.34,82.947,0.9144
Mars,7.513,9.086,100.428,0.914
Mars,6.195,7.796,92.114,0.865
Mars,8.116,3.094,173.188,0.5531
Mars,7.495,9.109,191.195,0.9688
Mars,8.175,8.905,175.262,0.7368
Mars,8.169,5.125,162.997,0.6063
Mars,7.365,9.358,109.256,0.9368
Mars,8.277,7.505,173.758,0.6537
Mars,8.121,7.594,156.813,0.7088
Mars,8.395,5.676,67.503,0.4677
Mars,8.126,3.168,205.218,0.5521
Mars,8.053,4.169,72.793,0.5344
Mars,7.173,9.688,140.433,0.9795
Mars,6.53,4.714,142.091,0.8071
Mars,8.277,2.023,193.921,0.4619
Mars,7.806,11.97,206.091,0.8979
Mars,6.704,4.107,210.348,0.7937
Mars,6.852,8.554,151.148,0.9494
Mars,7.715,11.269,168.647,0.9283
Mars,7.195,7.997,74.163,0.8541
Mars,6.204,9.99,138.067,0.9877
Mars,6.354,11.764,203.657,1.0
Mars,7.864,10.604,132.912,0.8615
Mars,6.821,7.579,71.135,0.8364
Mars,7.269,5.637,92.103,0.7894
Mars,7.917,6.825,128.721,0.7287
Mars,7.878,10.418,98.005,0.822
Mars,6.418,10.534,122.767,0.9728
Mars,6.246,10.459,113.274,0.9633
Mars,7.478,7.972,111.029,0.8901
Mars,7.854,6.77,74.586,0.6935
Mars,6.373,5.113,201.234,0.829
Mars,6.93,2.034,170.833,0.7212
Mars,8.176,9.645,159.741,0.7623
Mars,8.361,4.77,157.035,0.5301
Mars,7.135,5.297,123.44,0.8088
Mars,6.199,10.435,191.73,1.0
Mars,6.644,2.523,208.806,0.7383
Mars,6.582,11.276,60.899,0.9109
Mars,6.597,2.014,72.672,0.6431
Mars,7.235,11.392,167.996,1.0
Mars,7.458,6.548,97.771,0.8269
Mars,6.306,3.021,205.873,0.7557
Mars,8.223,8.742,166.786,0.7148
Mars,7.55,10.959,118.927,0.9523
Mars,7.493,6.381,126.445,0.8498
Mars,8.468,8.914,170.541,0.6392
Mars,7.57,11.794,82.554,0.9091
Mars,8.322,4.407,201.346,0.5301
Mars,6.716,10.204,60.763,0.9108
Mars,6.6,4.952,216.632,0.8233
Mars,7.291,6.263,86.823,0.806
Mars,7.272,4.818,178.738,0.8186
Mars,6.566,6.46,66.388,0.7925
Mars,7.749,2.051,129.029,0.6178
Mars,6.074,5.034,160.85,0.8262
Mars,7.727,6.453,71.236,0.7216
Mars,7.143,8.322,130.927,0.9222
Mars,7.723,8.374,108.502,0.8274
Mars,7.193,7.838,139.719,0.914
Mars,8.443,4.93,140.732,0.4988
Mars,6.837,11.474,185.637,1.0
Mars,8.456,5.92,79.761,0.4681
Mars,6.162,4.169,73.235,0.7191
Mars,7.709,7.545,124.302,0.8186
Mars,7.136,9.489,202.003,0.9821
Mars,8.055,2.122,196.843,0.5392
Mars,7.974,4.763,149.599,0.6583
Mars,8.001,10.25,202.204,0.8332
Mars,6.237,7.07,188.855,0.8975
Mars,8.056,6.085,104.47,0.6321
Mars,6.535,11.309,87.217,0.9372
Mars,6.064,2.895,108.185,0.7095
Mars,6.544,8.156,96.339,0.8818
Mars,7.198,5.422,159.635,0.8398
Mars,7.855,2.708,153.584,0.6264
Mars,6.547,4.137,155.75,0.7948
Mars,6.283,8.279,90.289,0.8801
Mars,7.615,2.283,186.698,0.6916
Mars,8.46,7.922,129.38,0.5868
Mars,7.502,11.569,135.592,0.9849
Mars,7.728,9.951,219.514,0.9224
Mars,7.403,5.456,105.163,0.7961
Mars,7.956,3.382,123.062,0.5895
Mars,8.44,6.651,168.234,0.5696
Mars,7.36,5.93,200.866,0.8575
Mars,7.042,11.717,80.285,0.9303
Mars,8.151,11.899,177.607,0.783
Mars,8.424,6.106,206.925,0.5556
Mars,6.323,3.488,127.668,0.7497
Mars,7.445,11.106,105.876,0.9559
Mars,7.981,9.935,168.438,0.8374
Mars,7.333,7.113,99.372,0.8483
Mars,7.023,5.654,121.486,0.8194
Mars,7.638,6.482,203.506,0.8308
Mars,6.675,11.019,154.453,1.0
Mars,6.873,3.846,75.196,0.7098
Mars,8.481,10.068,112.752,0.6359
Mars,7.591,2.182,160.362,0.696
Mars,8.182,11.206,137.04,0.7596
Mars,8.019,7.003,165.654,0.722
Mars,7.631,4.267,181.831,0.7558
Mars,8.102,2.029,136.898,0.5073
Mars,6.718,7.595,217.912,0.9158
Mars,7.593,4.445,206.348,0.7746
Mars,7.477,8.313,69.585,0.8605
Mars,7.556,4.812,102.629,0.7524
Mars,6.422,2.88,108.087,0.7089
Mars,6.693,7.051,89.486,0.8363
Mars,6.717,7.645,109.923,0.8775
Mars,7.505,6.526,127.971,0.8548
Mars,8.431,6.58,68.248,0.4881
Mars,8.385,7.897,80.368,0.5617
Mars,6.568,7.264,75.399,0.8296
Mars,6.762,3.326,67.411,0.6838
Mars,6.09,3.971,137.04,0.776
Mars,6.997,3.418,113.408,0.733
Mars,8.087,8.933,209.672,0.7671
Mars,8.289,7.286,76.442,0.5683
Mars,6.591,6.299,208.166,0.8704
Mars,6.664,9.983,73.847,0.9233
Mars,6.552,5.258,159.075,0.834
Mars,6.875,7.681,99.637,0.8685
Mars,8.012,2.744,192.289,0.5754
Mars,7.617,9.444,69.836,0.8613
Mars,7.965,8.952,212.401,0.8084
Mars,7.458,10.024,67.561,0.9176
Mars,6.644,10.845,98.578,0.9486
Mars,6.57,9.58,134.27,0.9696
Mars,6.023,10.445,180.969,1.0
Mars,7.952,5.457,212.178,0.6902
Mars,8.118,5.433,128.487,0.6127
Mars,7.921,11.443,181.17,0.8598
Mars,6.186,11.146,176.346,1.0
Mars,7.906,7.485,151.387,0.7768
Mars,6.114,5.666,170.547,0.8483
Mars,6.264,10.66,66.091,0.9161
Mars,7.101,5.234,130.652,0.8138
Mars,7.19,3.536,185.738,0.7738
Mars,8.04,8.395,135.875,0.7496
Mars,7.699,2.426,199.761,0.6686
Mars,6.383,5.791,193.382,0.8527
Mars,6.565,10.077,198.151,1.0
Mars,6.714,4.952,80.799,0.7541
Mars,6.309,11.313,99.063,0.9491
Mars,6.719,11.558,64.736,0.9147
Mars,7.821,10.158,217.248,0.8928
Mars,6.604,11.876,97.782,0.9478
Mars,8.088,7.308,118.735,0.6784
Mars,7.174,7.692,103.988,0.8732
Mars,6.807,10.362,66.367,0.9164
Mars,7.031,6.928,101.801,0.8443
Mars,7.774,6.067,75.711,0.6968
Mars,7.292,8.148,123.085,0.9082
Mars,6.018,8.577,214.692,0.9502
Mars,8.306,9.509,171.722,0.7142
Mars,6.165,8.682,173.104,0.9539
Mars,8.347,9.457,132.508,0.6813
Mars,6.07,8.746,189.809,0.9561
Mars,7.927,6.804,205.325,0.7457
Mars,7.337,3.349,213.848,0.7672
Mars,7.264,9.854,75.838,0.9207
Mars,6.182,2.308,200.743,0.7308
Mars,6.597,11.925,96.013,0.946
Mars,7.944,10.285,123.563,0.8256
Mars,8.228,8.709,115.276,0.6774
Mars,7.323,11.666,168.021,1.0
Mars,6.883,8.125,155.668,0.9344
Mars,6.15,2.564,77.457,0.6672
Mars,7.705,7.594,185.252,0.8473
Mars,6.696,4.772,130.343,0.7974
Mars,6.138,5.695,60.355,0.7597
Mars,7.665,6.596,126.321,0.8023
Mars,7.214,9.746,142.613,0.9837
Mars,6.03,7.029,71.02,0.817
Mars,6.277,6.747,84.182,0.8203
Mars,7.748,5.02,218.972,0.743
Mars,6.159,7.399,199.391,0.909
Mars,8.165,4.484,81.332,0.5166
Mars,6.778,4.61,152.85,0.8113
Mars,6.222,9.573,120.679,0.9557
Mars,7.899,5.425,146.998,0.7038
Mars,7.311,2.514,135.286,0.7233
Mars,6.767,5.437,67.704,0.758
Mars,7.015,8.386,110.467,0.904
Mars,6.054,10.14,80.083,0.9301
Mars,7.657,11.619,138.235,0.936
Mars,6.914,9.462,205.171,0.9812
Mars,7.785,6.289,219.285,0.7751
Mars,7.57,4.991,211.08,0.8012
Mars,7.628,3.296,217.712,0.7227
Mars,7.982,8.277,62.439,0.6914
Mars,7.578,7.099,176.712,0.8725
Mars,7.047,8.777,103.672,0.9109
Mars,6.975,4.371,198.499,0.803
Mars,6.299,5.236,190.197,0.8333
Mars,7.949,4.921,127.788,0.6505
Mars,7.903,9.977,135.722,0.8506
Mars,6.616,3.712,102.415,0.7323
Mars,8.157,8.085,106.209,0.6703
Mars,7.473,2.514,216.988,0.738
Mars,7.197,7.495,202.216,0.9123
Mars,6.044,2.639,90.699,0.6831
Mars,6.957,3.759,104.084,0.7356
Mars,7.602,3.13,77.384,0.6531
Mars,6.224,5.467,218.219,0.8414
Mars,7.149,5.437,205.154,0.8403
Mars,8.484,10.264,148.336,0.6705
Mars,7.791,4.257,170.863,0.7019
Mars,7.367,2.864,179.672,0.7502
Mars,7.333,8.035,92.61,0.8738
Mars,6.109,8.875,209.547,0.9606
Mars,8.393,4.948,144.279,0.5197
Mars,8.32,8.028,74.792,0.5823
Mars,7.706,9.761,123.533,0.8965
Mars,6.248,5.476,156.263,0.8416
Mars,6.52,7.254,116.452,0.8703
Mars,6.46,3.466,171.873,0.7713
Mars,7.299,2.236,201.128,0.7283
Mars,6.52,11.814,183.503,1.0
Mars,7.74,4.997,162.825,0.7451
Mars,7.363,4.789,141.945,0.8096
Mars,6.044,11.732,100.714,0.9507
Mars,7.86,9.282,132.791,0.8376
Mars,6.472,7.853,106.872,0.8817
Mars,8.062,8.993,209.444,0.7774
Mars,6.888,9.099,205.17,0.9685
Mars,6.847,9.633,84.932,0.9221
Mars,6.03,2.672,191.619,0.7435
Mars,8.469,6.128,172.466,0.5414
Mars,7.53,4.951,216.034,0.8133
Mars,7.057,2.706,134.129,0.7288
Mars,6.242,6.126,175.548,0.8644
Mars,7.748,8.162,142.861,0.8459
Mars,6.707,3.785,71.104,0.7036
Mars,8.471,5.05,67.482,0.4207
Mars,8.376,8.392,79.538,0.5811
Mars,7.838,7.793,107.391,0.7674
Mars,8.428,10.688,101.458,0.6422
Mars,6.264,9.912,176.532,0.9969
Mars,6.7,11.656,174.548,1.0
Mars,6.633,7.972,215.423,0.929
Mars,6.18,8.985,109.663,0.9241
Mars,8.431,10.605,210.152,0.6898
Mars,6.15,10.4,158.056,1.0
Mars,8.142,9.187,139.249,0.7469
Mars,7.92,7.003,166.855,0.755
Mars,6.94,4.732,172.441,0.8156
Mars,6.047,10.772,87.509,0.9375
Mars,6.015,9.767,180.274,0.9918
Mars,6.51,10.379,176.028,1.0
Mars,7.235,3.408,219.605,0.7693
Mars,7.145,5.148,205.912,0.8302
Mars,7.463,6.249,169.546,0.8687
Mars,7.93,10.384,173.978,0.8567
Mars,6.943,10.929,211.358,1.0
Mars,6.401,4.849,214.749,0.8197
Mars,8.0,8.864,192.314,0.7935
Mars,6.832,2.778,182.783,0.7472
Mars,6.717,6.096,77.819,0.7912
Mars,7.911,6.867,192.852,0.7534
Mars,8.335,9.656,100.511,0.66
Mars,8.287,10.92,150.205,0.7375
Mars,6.344,5.373,124.86,0.8129
Mars,7.258,7.277,115.297,0.87
Mars,6.232,8.474,109.64,0.9062
Mars,8.402,5.287,196.868,0.5342
Mars,6.538,11.855,183.062,1.0
Mars,6.494,10.758,143.752,0.9938
Mars,8.222,4.964,166.317,0.583
Mars,8.42,7.079,217.524,0.5912
Mars,7.744,4.308,123.606,0.693
Mars,6.303,7.145,148.176,0.8983
Mars,7.215,8.833,145.364,0.9545
Mars,8.042,2.855,209.756,0.5694
Mars,7.431,10.701,116.25,0.9662
Mars,6.331,7.937,217.801,0.9278
Mars,6.43,11.896,108.752,0.9588
Mars,8.16,2.256,77.425,0.4363
Mars,7.318,10.315,90.62,0.9406
Mars,7.765,9.92,128.195,0.8872
Mars,6.933,3.329,163.961,0.7665
Mars,7.331,5.353,142.692,0.83
Mars,8.443,10.848,120.205,0.656
Mars,6.824,7.185,149.925,0.9014
Mars,7.687,6.013,194.209,0.7981
Mars,6.431,11.055,194.229,1.0
Mars,6.304,2.933,176.196,0.7527
Mars,7.959,6.731,212.392,0.7326
Mars,8.11,8.524,154.433,0.7449
Mars,7.671,8.085,61.225,0.7873
Mars,6.395,4.643,106.549,0.769
Mars,6.601,7.633,112.516,0.8797
Mars,8.278,9.086,147.572,0.7063
Mars,6.722,7.849,204.782,0.9247
Mars,8.047,8.845,194.098,0.7772
Mars,6.715,4.561,97.148,0.7568
Mars,8.349,10.328,143.102,0.7102
Mars,8.286,6.497,165.464,0.6153
Mars,6.108,11.872,218.002,1.0
Mars,7.926,2.233,65.008,0.5011
Mars,6.424,5.803,134.22,0.8373
Mars,6.538,3.805,218.097,0.7832
Mars,7.15,7.556,216.353,0.9145
Mars,7.441,4.432,112.916,0.768
Mars,6.814,9.375,60.003,0.8881
Mars,7.438,10.819,153.878,1.0
Mars,6.427,4.109,198.71,0.7938
Mars,6.056,3.607,111.888,0.7381
Mars,7.428,10.754,209.483,1.0
Mars,7.294,5.613,113.232,0.8097
Mars,7.724,6.346,157.632,0.7974
Mars,7.625,4.21,175.527,0.7558
Mars,8.244,6.253,115.267,0.5862
Mars,7.149,4.313,116.353,0.7673
Mars,6.021,8.659,135.199,0.9383
Mars,7.577,6.989,193.636,0.8691
Mars,7.688,9.881,76.136,0.8593
Mars,7.304,5.127,161.037,0.8295
Mars,7.723,7.056,168.376,0.8225
Mars,6.809,4.595,149.26,0.8101
Mars,6.372,11.345,209.734,1.0
Mars,7.661,7.219,156.319,0.8489
Mars,6.613,3.735,161.532,0.7807
Mars,7.141,4.728,155.962,0.8155
Mars,7.229,2.829,175.523,0.749
Mars,7.193,2.278,81.666,0.6614
Mars,7.496,7.259,203.084,0.9041
Mars,6.074,5.371,66.799,0.7548
Mars,8.474,11.638,162.519,0.6753
Mars,7.791,3.713,158.477,0.683
Mars,7.063,9.939,93.299,0.9412
Mars,6.478,5.16,66.514,0.7471
Mars,6.2,4.235,82.214,0.7305
Mars,7.68,11.696,103.468,0.8933
Mars,6.792,10.026,201.137,1.0
Mars,6.574,8.306,196.918,0.9407
Mars,6.95,8.971,70.217,0.8842
Mars,7.482,11.914,106.283,0.9563
Mars,7.679,7.932,202.291,0.8679
Mars,7.613,3.019,97.865,0.6659
Mars,8.158,2.649,219.354,0.5233
Mars,6.547,8.666,101.094,0.9044
Mars,7.592,8.576,178.258,0.9195
Mars,6.253,9.482,126.729,0.9586
Mars,7.37,3.088,81.799,0.6899
Mars,7.46,11.449,100.825,0.9508
Mars,6.541,7.512,168.019,0.9129
Mars,6.979,8.496,113.929,0.9113
Mars,8.068,2.349,156.661,0.5429
Mars,6.371,11.61,92.885,0.9429
Mars,7.086,7.626,131.773,0.8987
Mars,8.332,7.634,141.959,0.6319
Mars,7.26,11.436,126.046,0.976
Mars,7.813,11.294,91.667,0.8374
Mars,8.067,4.203,133.849,0.5919
Mars,6.509,11.311,170.864,1.0
Mars,6.546,9.366,214.385,0.9778
Mars,7.896,2.189,186.323,0.5945
Mars,7.883,4.398,85.835,0.612
Mars,6.15,6.13,103.632,0.8182
Mars,6.806,7.828,72.612,0.8466
Mars,6.996,9.013,81.704,0.8972
Mars,8.073,4.102,100.109,0.5528
Mars,7.055,10.367,91.924,0.9419
Mars,8.315,10.457,94.184,0.6726
Mars,8.492,8.35,96.923,0.5587
Mars,7.952,11.211,108.109,0.8075
Mars,7.666,10.13,80.094,0.8748
Mars,6.98,4.216,104.454,0.752
Mars,6.168,9.987,170.146,0.9995
Mars,7.433,11.532,97.824,0.9478
Mars,6.904,3.376,87.494,0.7057
Mars,6.877,11.787,70.831,0.9208
Mars,7.719,2.25,139.995,0.6457
Mars,7.159,7.222,194.717,0.9028
Mars,7.88,9.739,69.443,0.7836
Mars,6.995,9.904,146.772,0.9934
Mars,6.377,9.347,164.099,0.9771
Mars,7.153,7.294,154.794,0.9053
Mars,8.378,8.51,200.42,0.6553
Mars,8.004,8.999,198.623,0.797
Mars,6.514,6.945,69.169,0.8123
Mars,6.978,7.957,117.751,0.8962
Mars,8.319,10.464,167.333,0.7268
Mars,6.309,5.129,212.391,0.8295
Mars,6.635,7.232,188.75,0.9031
Mars,6.656,2.085,88.254,0.6612
Mars,7.427,8.874,104.673,0.9153
Mars,7.027,3.954,182.175,0.7884
Mars,6.2,6.81,135.436,0.8738
Mars,7.573,4.102,147.568,0.7668
Mars,6.248,2.235,157.437,0.7282
Mars,7.516,6.832,76.527,0.8103
Mars,7.268,6.248,196.954,0.8687
Mars,7.234,6.251,198.102,0.8688
Mars,6.169,4.088,134.918,0.778
Mars,7.598,11.472,160.295,0.9673
Mars,7.078,2.035,165.585,0.7212
Mars,7.028,10.915,90.356,0.9404
Mars,7.491,9.369,78.014,0.9059
Mars,7.516,3.721,63.308,0.6883
Mars,6.038,6.722,206.061,0.8853
Mars,6.313,11.889,115.314,0.9653
Mars,6.591,8.437,73.733,0.869
Mars,7.695,3.274,134.528,0.6841
Mars,7.442,6.576,72.1,0.8023
Mars,7.894,6.682,73.64,0.6762
Mars,7.852,10.023,138.222,0.871
Mars,8.133,11.162,141.414,0.7804
Mars,6.942,2.822,152.823,0.7488
Mars,6.863,5.14,165.01,0.8299
Mars,8.078,4.984,166.923,0.6319
Mars,6.594,11.96,129.279,0.9793
Mars,7.153,7.592,162.965,0.9157
Mars,6.486,10.798,108.758,0.9588
Mars,8.285,6.26,130.609,0.5882
Mars,7.02,9.227,122.932,0.9459
Mars,6.531,4.866,112.658,0.783
Mars,7.73,11.118,98.171,0.8715
Mars,6.612,6.551,72.553,0.8019
Mars,8.359,10.037,140.946,0.7047
Mars,6.919,4.558,145.966,0.8055
Mars,7.662,8.936,113.785,0.8727
Mars,6.863,6.052,216.135,0.8618
Mars,8.018,2.314,149.114,0.5574
Mars,8.242,6.13,202.242,0.6171
Mars,7.97,7.5,151.214,0.7559
Mars,8.121,3.518,90.387,0.5064
Mars,6.255,3.839,215.94,0.7844
Mars,8.31,6.649,201.654,0.6126
Mars,7.561,5.427,135.404,0.8051
Mars,8.173,6.407,98.889,0.5988
Mars,7.711,6.608,95.627,0.7566
Mars,6.505,3.401,188.963,0.769
Mars,7.524,3.812,71.059,0.6965
Mars,6.227,10.482,162.09,1.0
Mars,7.739,3.627,162.422,0.6972
Mars,7.023,8.659,89.193,0.8923
Mars,6.379,6.185,172.786,0.8665
Mars,8.448,11.682,172.865,0.684
Mars,8.253,2.661,116.005,0.4582
Mars,8.234,10.304,137.34,0.7427
Mars,7.972,6.914,193.242,0.7347
Mars,7.73,2.054,143.705,0.6389
Mars,7.638,4.637,158.905,0.7664
Mars,6.265,6.077,126.043,0.8387
Mars,8.251,5.142,83.936,0.5134
Mars,8.203,5.624,219.691,0.6126
Mars,7.87,11.167,145.046,0.8718
Mars,8.318,5.609,113.831,0.5374
Mars,7.383,6.188,174.206,0.8666
Mars,7.119,9.611,159.331,0.9864
Mars,8.42,9.938,97.265,0.6385
Mars,7.16,2.841,200.308,0.7494
Mars,7.603,9.041,71.344,0.8533
Mars,6.933,6.826,156.912,0.8889
Mars,7.591,3.339,136.462,0.723
Mars,7.8,4.647,110.912,0.6735
Mars,7.562,2.45,192.221,0.7152
Mars,7.286,5.602,165.004,0.8461
Mars,6.75,4.554,181.52,0.8094
Mars,7.61,5.821,126.345,0.7935
Mars,8.271,7.803,210.784,0.6661
Mars,6.017,9.323,115.156,0.9415
Mars,6.335,8.054,144.967,0.9268
Mars,6.299,8.784,209.384,0.9574
Mars,8.308,10.656,73.31,0.654
Mars,7.657,10.738,77.41,0.8751
Mars,8.379,10.607,219.07,0.7068
Mars,7.457,3.532,215.423,0.7736
Mars,7.154,4.511,183.472,0.8079
Mars,7.981,7.023,137.47,0.723
Mars,6.402,5.587,140.97,0.8365
Mars,6.953,3.317,101.154,0.7172
Mars,7.166,4.878,129.237,0.7999
Mars,6.746,11.754,129.016,0.979
Mars,6.928,5.469,65.774,0.7572
Mars,6.195,6.189,132.505,0.8491
Mars,6.495,2.064,136.767,0.709
Mars,6.839,9.194,166.525,0.9718
Mars,7.99,6.136,142.632,0.6941
Mars,6.456,3.031,197.869,0.7561
Mars,6.867,11.686,118.81,0.9688
Mars,6.162,9.774,125.555,0.9677
Mars,7.393,9.262,151.437,0.9742
Mars,7.528,11.579,92.436,0.9331
Mars,8.164,6.075,122.96,0.6143
Mars,8.048,9.185,169.787,0.7889
Mars,6.713,4.062,125.889,0.7681
Mars,6.342,8.971,205.059,0.964
Mars,6.39,2.141,158.448,0.7249
Mars,8.422,3.263,84.603,0.3913
Mars,7.683,6.253,137.991,0.7958
Mars,6.106,2.121,182.365,0.7242
Mars,6.342,6.62,162.935,0.8817
Mars,7.215,7.228,201.642,0.903
Mars,6.52,8.216,179.997,0.9376
Mars,8.009,3.004,69.858,0.5053
Mars,7.433,3.81,78.002,0.7114
Mars,7.532,8.133,163.96,0.9241
Mars,7.157,8.582,98.145,0.8985
Mars,6.64,2.259,154.054,0.7291
Mars,7.474,7.404,186.755,0.9091
Mars,7.792,9.85,152.309,0.8973
Mars,6.927,2.691,126.478,0.7207
Mars,7.262,6.132,163.403,0.8646
Mars,8.099,5.265,82.979,0.5675
Mars,6.372,11.137,175.713,1.0
Mars,7.363,3.858,171.524,0.785
Mars,6.871,5.184,142.305,0.8237
Mars,7.757,10.984,104.61,0.8689
Mars,6.047,5.307,187.61,0.8357
Mars,7.676,7.313,141.688,0.8389
Mars,6.257,2.33,69.468,0.651
Mars,6.162,11.849,206.978,1.0
Mars,7.812,10.249,182.835,0.8961
Mars,7.601,8.344,153.569,0.9084
Mars,8.237,2.608,129.892,0.4754
Mars,7.299,2.749,213.584,0.7462
Mars,7.325,7.45,184.003,0.9107
Mars,7.768,4.851,145.599,0.7262
Mars,6.808,8.228,164.505,0.938
Mars,6.092,7.982,104.92,0.8843
Mars,6.575,10.387,91.315,0.9413
Mars,6.595,4.814,103.731,0.7722
Mars,6.839,7.779,106.902,0.8792
Mars,8.359,9.774,178.358,0.7059
Mars,8.012,6.908,82.41,0.6535
Mars,8.34,10.306,184.414,0.72
Mars,8.497,3.313,143.743,0.4275
Mars,7.084,9.339,121.532,0.9484
Mars,6.568,11.43,108.063,0.9581
Mars,7.4,5.319,142.112,0.8283
Mars,8.203,5.663,110.803,0.5747
Mars,7.164,2.835,128.712,0.728
Mars,7.263,8.415,178.242,0.9445
Mars,6.336,7.525,160.16,0.9134
Mars,7.051,2.403,179.677,0.7341
Mars,6.967,9.522,174.076,0.9833
Mars,6.879,10.293,190.412,1.0
Mars,8.218,11.071,92.27,0.7029
Mars,6.148,7.457,219.22,0.911
Mars,8.43,6.526,136.123,0.5544
Mars,6.021,10.761,174.917,1.0
Mars,8.364,5.987,168.44,0.5715
Mars,7.37,8.554,150.584,0.9494
Mars,7.756,8.154,219.331,0.85
Mars,6.468,5.722,94.771,0.795
Mars,7.636,2.869,127.477,0.6827
Mars,8.205,2.214,80.437,0.423
Mars,6.349,6.282,89.094,0.809
Mars,6.318,6.812,174.074,0.8884
Mars,6.76,10.227,60.775,0.9108
Mars,6.404,6.144,202.371,0.865
Mars,6.277,4.812,161.31,0.8184
Mars,7.696,6.621,130.545,0.797
Mars,6.535,4.38,113.018,0.7663
Mars,7.668,2.914,80.204,0.6263
Mars,8.155,3.13,207.45,0.5413
Mars,7.63,5.192,173.972,0.7884
Mars,6.298,2.127,113.823,0.6883
Mars,7.434,4.202,71.35,0.7184
Mars,6.984,9.875,112.109,0.9577
Mars,6.858,4.346,89.541,0.7417
Mars,6.796,3.107,185.804,0.7588
Mars,8.324,11.491,175.136,0.7255
Mars,7.856,8.225,139.706,0.8088
Mars,6.335,2.6,201.735,0.741
Mars,7.19,2.622,88.909,0.6807
Mars,6.796,8.121,132.314,0.9166
Mars,8.445,7.401,173.699,0.5941
Mars,8.445,2.684,70.848,0.3498
Mars,6.799,4.243,119.628,0.7681
Mars,6.88,11.29,151.466,1.0
Mars,7.499,7.72,118.689,0.8889
Mars,7.198,6.403,136.832,0.8609
Mars,6.533,4.502,157.299,0.8076
Mars,7.651,3.337,118.942,0.6854
Mars,6.835,6.026,76.962,0.7879
Mars,7.634,11.224,82.311,0.8875
Mars,6.959,2.487,144.321,0.7314
Mars,7.751,11.91,87.958,0.8545
Mars,7.669,4.078,202.373,0.7362
Mars,7.272,6.088,193.47,0.8631
Mars,7.762,2.451,115.845,0.6143
Mars,7.152,7.848,192.958,0.9247
Mars,6.29,6.836,145.31,0.8846
Mars,6.455,8.667,85.448,0.8888
Mars,6.615,7.427,158.274,0.9099
Mars,6.158,5.982,168.712,0.8594
Mars,7.778,9.378,73.423,0.8088
Mars,6.918,2.25,110.312,0.6891
Mars,6.234,7.41,60.861,0.8202
Mars,8.05,3.139,110.629,0.5372
Mars,7.709,6.36,113.671,0.7666
Mars,7.131,9.911,160.833,0.9969
Mars,6.619,3.425,91.847,0.7117
Mars,6.379,11.358,64.815,0.9148
Mars,7.146,10.885,110.502,0.9605
Mars,8.213,6.149,192.099,0.6275
Mars,6.471,2.06,123.863,0.696
Mars,7.422,9.897,126.415,0.9728
Mars,8.404,10.809,135.044,0.6836
Mars,7.593,3.747,180.286,0.7502
Mars,7.1,11.162,136.804,0.9868
Mars,7.791,11.141,74.605,0.8276
Mars,8.061,6.713,93.024,0.6408
Mars,7.476,9.98,90.064,0.9394
Mars,8.18,6.449,141.258,0.6405
Mars,7.286,7.64,64.789,0.8322
Mars,8.075,5.198,105.379,0.5956
Mars,8.38,3.595,157.151,0.4825
Mars,7.253,9.465,116.744,0.948
Mars,7.513,2.014,173.234,0.7163
Mars,7.524,7.796,122.595,0.8875
Mars,7.954,10.647,216.681,0.8488
Mars,8.057,4.213,214.457,0.6116
Mars,6.068,5.329,187.975,0.8365
Mars,7.833,7.875,212.702,0.8145
Mars,7.96,4.469,92.765,0.596
Mars,7.751,10.475,180.148,0.9163
Mars,7.784,5.666,111.465,0.715
Mars,6.104,7.816,176.047,0.9236
Mars,7.105,4.261,119.823,0.769
Mars,8.045,2.414,106.307,0.509
Mars,8.335,3.737,213.407,0.5025
Mars,6.574,2.462,93.582,0.6798
Mars,7.448,6.686,181.371,0.884
Mars,8.011,7.866,167.948,0.755
Mars,7.881,2.447,108.556,0.5672
Mars,7.547,2.905,133.335,0.7193
Mars,6.047,6.855,82.871,0.8228
Mars,7.81,9.992,207.393,0.8965
Mars,7.933,8.28,214.899,0.7954
Mars,7.807,3.047,177.194,0.6543
Mars,7.915,10.875,195.907,0.8618
Mars,7.077,11.175,73.219,0.9232
Mars,8.484,5.25,121.435,0.477
Mars,7.927,8.16,112.93,0.7562
Mars,7.447,6.923,150.392,0.8923
Mars,8.335,11.42,89.337,0.6608
Mars,8.27,7.087,150.141,0.6412
Mars,8.036,11.6,164.698,0.8212
Mars,7.409,3.993,81.176,0.7209
Mars,7.318,5.455,81.075,0.772
Mars,6.822,9.813,65.668,0.9091
Mars,6.627,9.836,181.743,0.9943
Mars,7.281,9.322,112.961,0.9392
Mars,7.444,10.596,96.067,0.9461
Mars,6.611,9.025,184.495,0.9659
Mars,8.307,8.361,82.921,0.6067
Mars,7.393,6.589,128.349,0.859
Mars,7.316,6.671,179.166,0.8835
Mars,7.089,6.062,151.813,0.8622
Mars,6.145,8.202,148.64,0.9357
Mars,8.206,6.067,85.194,0.5622
Mars,6.792,3.475,88.949,0.7106
Mars,7.606,3.065,153.209,0.7219
Mars,7.519,11.245,63.771,0.9076
Mars,7.461,2.247,199.059,0.7287
Mars,7.314,3.055,116.075,0.723
Mars,6.454,6.453,126.659,0.8525
Mars,6.702,4.629,101.349,0.7634
Mars,7.31,6.058,200.267,0.862
Mars,7.973,3.174,162.801,0.6033
Mars,7.08,3.309,131.985,0.7478
Mars,6.51,10.007,153.649,1.0
Mars,6.22,9.591,120.859,0.9565
Mars,7.658,3.043,134.493,0.6885
Mars,7.058,8.678,117.221,0.9209
Mars,6.313,8.093,125.708,0.909
Mars,7.686,9.134,110.396,0.868
Mars,6.519,6.744,72.423,0.8085
Mars,7.273,4.7,65.975,0.7305
Mars,6.765,8.637,87.857,0.8901
Mars,8.329,5.714,100.262,0.5238
Mars,6.571,4.19,202.475,0.7966
Mars,7.05,6.086,157.8,0.863
Mars,8.399,9.633,213.328,0.6876
Mars,6.797,6.758,114.343,0.8509
Mars,7.611,4.999,124.278,0.7621
Mars,6.792,10.319,175.161,1.0
Mars,6.277,10.816,152.464,1.0
Mars,7.569,6.333,144.461,0.8431
Mars,8.29,5.747,152.09,0.5878
Mars,7.131,8.127,153.462,0.9344
Mars,7.565,2.58,182.518,0.7185
Mars,7.522,8.913,166.893,0.9545
Mars,7.038,9.823,213.17,0.9938
Mars,7.537,5.974,211.674,0.8467
Mars,6.648,3.746,127.508,0.7586
Mars,6.945,2.288,65.716,0.6458
Mars,7.106,8.372,61.772,0.8548
Mars,8.16,4.69,79.711,0.5239
Mars,6.871,6.639,71.984,0.8043
Mars,7.588,5.864,119.739,0.7957
Mars,6.534,3.749,68.46,0.6997
Mars,6.631,7.084,159.986,0.8979
Mars,7.621,6.596,90.428,0.7809
Mars,7.906,8.241,142.234,0.7954
Mars,7.155,4.519,76.493,0.7347
Mars,6.838,4.146,192.437,0.7951
Mars,8.276,10.143,184.793,0.7414
Mars,6.34,9.022,121.838,0.9376
Mars,7.802,9.722,205.695,0.8897
Mars,7.725,3.233,89.712,0.6277
Mars,7.726,4.24,190.23,0.7232
Mars,8.339,7.755,147.337,0.6393
Mars,7.82,10.572,112.733,0.8559
Mars,6.754,10.921,73.498,0.9235
Mars,6.884,10.319,87.41,0.9374
Mars,6.978,2.434,198.058,0.7352
Mars,6.077,10.209,157.102,1.0
Mars,8.284,10.991,97.935,0.6867
Mars,6.184,2.567,139.336,0.7292
Mars,7.749,6.163,77.254,0.7098
Mars,7.825,7.366,75.815,0.7252
Mars,8.109,4.328,205.242,0.5984
Mars,7.383,7.167,133.257,0.8841
Mars,7.813,10.86,117.851,0.8635
Mars,6.757,10.669,211.851,1.0
Mars,7.864,11.398,123.84,0.8525
Mars,6.859,6.841,113.799,0.8532
Mars,8.257,6.106,103.678,0.565
Mars,6.408,8.658,150.41,0.953
Mars,6.789,6.168,149.346,0.8652
Mars,7.247,2.419,62.591,0.6473
Mars,7.94,9.199,164.65,0.8254
Mars,7.872,4.81,186.129,0.6943
Mars,6.527,2.491,158.554,0.7372
Mars,6.361,2.206,199.182,0.7272
Mars,6.76,11.314,104.227,0.9542
Mars,7.209,4.521,90.717,0.7489
Mars,7.348,6.479,171.564,0.8768
Mars,7.073,11.506,90.169,0.9402
Mars,7.658,6.675,74.577,0.7556
Mars,7.069,2.786,75.458,0.673
Mars,8.366,7.519,182.943,0.6246
Mars,6.652,2.882,64.598,0.6655
Mars,7.568,2.951,106.313,0.6868
Mars,7.528,10.515,80.67,0.9212
Mars,6.704,4.894,180.786,0.8213
Mars,7.029,8.787,140.559,0.9481
Mars,6.914,7.089,92.879,0.841
Mars,6.431,4.223,180.066,0.7978
Mars,7.193,7.178,180.059,0.9012
Mars,6.967,2.69,143.684,0.7378
Mars,6.446,5.472,104.136,0.7957
Mars,7.125,7.228,153.804,0.903
Mars,7.055,4.284,209.365,0.7999
Mars,6.328,8.602,68.262,0.8693
Mars,6.328,2.518,102.712,0.6908
Mars,7.619,6.848,105.595,0.8057
Mars,7.766,9.15,161.09,0.8814
Mars,8.353,6.299,164.186,0.5862
Mars,6.218,10.746,93.01,0.943
Mars,6.295,8.322,94.576,0.8858
Mars,6.13,11.585,208.514,1.0
Mars,7.331,4.841,181.008,0.8194
Mars,7.557,11.388,209.483,0.981
Mars,7.009,8.068,192.746,0.9324
Mars,7.995,9.452,124.339,0.7902
Mars,7.717,11.022,79.505,0.8573
Mars,8.465,7.512,160.728,0.5914
Mars,6.345,10.622,116.319,0.9663
Mars,6.146,7.417,128.066,0.8877
Mars,6.687,7.992,128.141,0.9079
Mars,6.048,6.451,209.843,0.8758
Mars,8.332,3.456,71.018,0.4148
Mars,6.76,7.535,90.897,0.8546
Mars,7.381,11.774,157.271,1.0
Mars,6.795,9.872,201.401,0.9955
Mars,6.615,9.475,206.871,0.9816
Mars,6.381,8.433,149.391,0.9445
Mars,6.801,5.479,65.53,0.7573
Mars,7.539,3.696,118.061,0.7346
Mars,8.429,4.246,207.013,0.4889
Mars,7.395,2.063,139.991,0.7122
Mars,7.332,8.735,176.258,0.9557
Mars,6.088,10.119,103.071,0.9531
Mars,8.1,4.689,64.001,0.528
Mars,6.112,2.919,152.538,0.7521
Mars,8.266,5.357,193.597,0.5823
Mars,7.347,4.921,218.443,0.8222
Mars,6.421,6.509,195.46,0.8778
Mars,7.129,4.641,148.639,0.8111
Mars,8.487,5.397,157.396,0.5098
Mars,6.763,11.076,191.866,1.0
Mars,6.674,5.348,63.17,0.7504
Mars,6.295,9.855,212.263,0.9949
Mars,7.493,8.258,144.995,0.934
Mars,6.223,5.375,212.328,0.8381
Mars,7.915,10.178,182.323,0.8617
Mars,8.298,7.951,84.371,0.5966
Mars,8.33,2.086,86.442,0.3829
Mars,6.27,2.687,116.583,0.7106
Mars,7.396,9.526,102.238,0.9357
Mars,6.243,6.465,130.288,0.8566
Mars,7.43,6.055,156.625,0.8619
Mars,8.037,3.458,129.853,0.5717
Mars,7.344,3.573,69.027,0.6941
Mars,8.18,9.978,216.101,0.7725
Mars,8.004,10.29,128.02,0.81
Mars,6.691,7.6,196.172,0.916
Mars,7.575,4.951,71.833,0.72
Mars,6.019,11.327,189.61,1.0
Mars,6.99,8.24,87.745,0.8761
Mars,6.595,9.966,168.705,0.9988
Mars,8.343,2.033,165.889,0.4402
Mars,7.013,6.503,205.569,0.8776
Mars,7.635,10.709,111.308,0.9163
Mars,7.83,5.382,77.434,0.6558
Mars,7.933,9.266,198.331,0.8299
Mars,7.839,8.577,113.052,0.8001
Mars,6.723,3.522,97.205,0.7205
Mars,7.715,9.749,137.793,0.9073
Mars,7.373,3.125,83.382,0.6928
Mars,7.493,9.279,107.514,0.9323
Mars,6.002,11.91,121.645,0.9716
Mars,6.646,11.58,104.361,0.9544
Mars,8.327,10.002,132.042,0.7065
Mars,6.725,7.345,121.544,0.8786
Mars,7.095,8.748,183.935,0.9562
Mars,6.467,9.281,206.945,0.9748
Mars,6.347,2.084,76.148,0.6491
Mars,6.522,3.024,191.728,0.7558
Mars,7.384,7.971,209.083,0.929
Mars,8.298,2.065,169.858,0.4564
Mars,6.815,11.089,219.427,1.0
Mars,6.809,6.897,113.607,0.855
Mars,7.41,4.578,192.85,0.8102
Mars,6.892,5.938,167.792,0.8578
Mars,8.276,10.508,111.749,0.7031
Mars,6.945,11.272,172.748,1.0
Mars,7.226,3.162,141.539,0.7522
Mars,7.333,9.78,90.236,0.9325
Mars,7.955,7.782,87.821,0.7085
Mars,7.41,7.855,174.144,0.9249
Mars,6.598,9.795,173.909,0.9928
Mars,6.31,4.228,144.924,0.7929
Mars,8.344,7.31,140.227,0.6146
Mars,8.004,5.194,88.806,0.6026
Mars,6.057,2.945,128.686,0.7318
Mars,8.054,3.051,199.424,0.5722
Mars,7.476,3.365,196.756,0.7678
Mars,7.297,8.149,165.747,0.9352
Mars,6.031,3.058,219.577,0.757
Mars,7.952,7.701,202.909,0.7688
Mars,6.495,7.883,83.237,0.8591
Mars,7.82,11.039,123.862,0.8672
Mars,6.04,8.264,81.11,0.8703
Mars,7.991,11.856,134.574,0.8209
Mars,6.058,2.31,184.221,0.7308
Mars,6.59,9.041,84.926,0.9014
Mars,6.671,2.265,200.868,0.7293
Mars,6.394,9.294,151.049,0.9753
Mars,7.203,5.859,179.831,0.855
Mars,6.709,8.113,67.225,0.8512
Mars,8.483,5.095,75.014,0.4256
Mars,7.45,3.591,159.338,0.7757
Mars,7.416,9.235,194.111,0.9732
Mars,6.552,11.046,199.818,1.0
Mars,7.022,3.836,170.139,0.7843
Mars,6.31,11.207,92.15,0.9422
Mars,7.906,3.402,91.203,0.5748
Mars,6.828,9.357,201.018,0.9775
Mars,7.88,11.594,78.118,0.8015
Mars,6.929,3.474,169.771,0.7716
Mars,8.472,6.351,145.361,0.5437
Mars,6.428,5.375,127.427,0.8155
Mars,6.004,5.885,130.454,0.8364
Mars,7.487,9.531,211.233,0.9836
Mars,8.382,8.612,197.831,0.6573
Mars,7.618,11.687,198.397,0.9608
Mars,6.214,3.855,125.059,0.76
Mars,7.351,7.433,77.117,0.8373
Mars,8.274,6.491,219.654,0.6193
Mars,6.016,11.189,83.255,0.9333
Mars,6.417,2.106,142.493,0.7162
Mars,8.036,11.892,102.339,0.7735
Mars,8.235,6.797,141.719,0.6347
Mars,7.768,8.255,108.789,0.8084
Mars,8.479,5.601,203.502,0.5197
Mars,6.226,10.525,214.935,1.0
Mars,7.364,7.62,125.61,0.8923
Mars,7.712,8.628,71.23,0.8024
Mars,7.757,8.489,166.134,0.8616
Mars,7.984,5.64,120.26,0.6564
Mars,8.294,2.76,217.755,0.4819
Mars,6.904,10.077,74.3,0.9243
Mars,6.107,4.897,79.06,0.7505
Mars,6.906,10.489,171.908,1.0
Mars,7.679,8.086,181.384,0.8733
Mars,6.534,5.537,135.375,0.8292
Mars,8.025,7.942,104.362,0.7074
Mars,6.549,8.455,109.57,0.9055
Mars,6.025,9.067,114.076,0.9314
Mars,7.27,10.223,96.045,0.946
Mars,7.816,3.598,196.103,0.6705
Mars,6.874,11.441,70.412,0.9204
Mars,7.872,6.108,125.164,0.7149
Mars,7.096,10.605,179.617,1.0
Mars,6.429,4.205,60.612,0.7078
Mars,6.226,2.29,200.485,0.7302
Mars,7.776,7.733,173.007,0.8285
Mars,6.964,5.247,71.74,0.7554
Mars,8.282,11.845,203.199,0.7394
Mars,7.351,3.045,137.969,0.7445
Mars,6.871,2.473,164.358,0.7366
Mars,6.872,2.45,201.125,0.7358
Mars,6.329,4.169,200.986,0.7959
Mars,7.484,7.792,125.399,0.8981
Mars,7.455,7.056,98.03,0.845
Mars,8.0,5.501,101.187,0.6271
Mars,6.503,2.888,182.551,0.7511
Mars,6.727,4.337,208.709,0.8018
Mars,6.243,3.841,71.557,0.706
Mars,6.738,9.457,62.403,0.8934
Mars,7.07,9.799,191.67,0.993
Mars,8.41,9.77,121.856,0.6605
Mars,7.633,11.69,104.232,0.91
Mars,7.957,10.842,90.14,0.7877
Mars,6.814,6.978,115.437,0.8597
Mars,6.361,6.149,215.435,0.8652
Mars,6.642,11.158,216.333,1.0
Mars,6.641,8.112,113.042,0.897
Mars,7.458,4.944,214.19,0.823
Mars,6.854,7.645,107.978,0.8755
Mars,8.143,11.921,196.717,0.7855
Mars,8.471,10.495,93.921,0.6201
Mars,6.858,4.813,192.238,0.8184
Mars,7.763,11.53,116.597,0.879
Mars,7.644,11.815,91.316,0.8934
Mars,6.486,4.312,209.565,0.8009
Mars,8.295,10.956,94.269,0.6793
Mars,6.499,10.832,218.694,1.0
Mars,7.842,2.398,77.372,0.5472
Mars,6.869,8.697,61.603,0.866
Mars,6.918,5.053,199.327,0.8268
Mars,7.139,8.746,153.857,0.9561
Mars,8.161,11.136,127.46,0.757
Mars,6.351,6.988,73.114,0.8177
Mars,6.136,6.144,151.983,0.865
Mars,7.005,11.215,122.996,0.973
Mars,6.139,11.741,137.38,0.9874
Mars,7.719,2.622,160.863,0.6688
Mars,7.901,11.228,162.389,0.8664
Mars,8.137,2.828,213.696,0.5367
Mars,7.86,5.373,164.809,0.7182
Mars,8.291,9.626,114.305,0.6876
Mars,7.871,9.77,112.741,0.8311
Mars,8.34,9.258,136.346,0.6803
Mars,6.483,2.391,101.492,0.6852
Mars,7.25,3.33,120.23,0.7368
Mars,8.485,11.362,194.738,0.6717
Mars,7.704,2.815,197.562,0.6805
Mars,8.197,2.785,160.447,0.5153
Mars,6.076,10.356,153.255,1.0
Mars,8.179,8.413,128.336,0.6963
Mars,7.744,5.517,161.744,0.7617
Mars,6.427,3.657,188.969,0.778
Mars,6.064,10.842,178.056,1.0
Mars,6.65,11.885,65.674,0.9157
Mars,8.289,2.5,176.981,0.4743
Mars,7.67,7.541,175.192,0.8572
Mars,8.299,4.613,75.838,0.4711
Mars,7.115,10.324,84.04,0.934
Mars,8.342,5.461,186.065,0.5606
Mars,7.157,9.146,149.438,0.9696
Mars,6.511,7.395,191.461,0.9088
Mars,6.378,7.415,89.559,0.8491
Mars,8.485,10.58,64.898,0.5867
Mars,6.835,6.704,85.911,0.8206
Mars,6.4,10.456,132.411,0.9824
Mars,6.021,5.634,143.727,0.8409
Mars,6.714,3.748,197.232,0.7812
Mars,8.223,6.555,174.592,0.6385
Mars,7.335,6.984,218.463,0.8944
Mars,7.581,6.784,72.595,0.783
Mars,8.306,10.083,80.835,0.6622
Mars,7.282,7.647,73.497,0.8411
Mars,8.096,10.884,146.153,0.7976
Mars,6.81,7.142,102.698,0.8527
Mars,8.443,4.247,169.381,0.4844
Mars,6.197,3.295,81.231,0.6966
Mars,7.812,10.684,76.511,0.8225
Mars,7.651,2.562,133.626,0.6728
Mars,6.479,3.176,120.144,0.7313
Mars,6.972,2.637,192.666,0.7423
Mars,6.782,6.237,194.009,0.8683
Mars,6.236,7.326,78.789,0.8352
Mars,7.462,2.199,189.972,0.727
Mars,8.484,7.156,150.266,0.5724
Mars,7.399,5.938,140.569,0.8484
Mars,7.363,9.736,75.162,0.9159
Mars,6.101,10.3,178.341,1.0
Mars,6.348,8.85,69.541,0.8793
Mars,7.283,6.735,104.431,0.8402
Mars,8.463,4.161,75.269,0.3999
Mars,8.192,10.471,144.923,0.7644
Mars,6.851,5.417,163.237,0.8396
Mars,7.358,5.563,202.537,0.8447
Mars,7.382,11.16,177.42,1.0
Mars,7.713,11.756,213.777,0.9289
Mars,7.719,10.981,181.752,0.9268
Mars,7.974,11.982,107.692,0.7995
Mars,6.062,10.689,147.614,0.9976
Mars,8.359,9.044,133.27,0.6634
Mars,6.175,4.938,150.555,0.8228
Mars,7.19,11.53,151.534,1.0
Mars,8.299,10.766,172.336,0.7337
Mars,7.219,4.407,73.287,0.7275
Mars,6.159,6.892,179.479,0.8912
Mars,6.573,2.701,82.999,0.6775
Mars,7.447,11.533,64.193,0.9142
Mars,6.22,7.728,143.025,0.9135
Mars,7.059,4.452,153.036,0.8058
Mars,6.823,4.924,65.576,0.7379
Mars,8.038,11.807,142.459,0.8131
Mars,6.275,8.156,145.531,0.931
Mars,7.707,6.207,68.399,0.7166
Mars,7.016,6.998,173.854,0.8949
Mars,7.469,2.986,93.646,0.6981
Mars,6.514,2.75,187.113,0.7463
Mars,7.524,7.927,109.732,0.8791
Mars,7.685,7.12,136.463,0.824
Mars,6.176,5.592,202.696,0.8457
Mars,8.061,7.661,188.989,0.7312
Mars,8.153,2.727,185.098,0.5277
Mars,6.159,11.44,85.669,0.9357
Mars,7.508,4.937,67.703,0.7378
Mars,7.485,2.718,156.921,0.7451
Mars,6.031,3.695,125.711,0.755
Mars,6.856,2.955,205.452,0.7534
Mars,8.422,3.786,115.935,0.441
Mars,7.389,6.168,125.688,0.8416
Mars,8.333,9.381,144.16,0.6948
Mars,7.689,4.723,187.424,0.7523
Mars,6.071,6.359,102.928,0.8255
Mars,6.194,11.288,210.691,1.0
Mars,7.805,4.958,146.387,0.7181
Mars,7.386,9.947,194.556,0.9982
Mars,6.318,3.578,144.099,0.7693
Mars,7.535,3.783,183.519,0.7707
Mars,8.026,6.562,68.227,0.6226
Mars,7.882,4.341,187.874,0.6745
Mars,6.615,11.03,143.834,0.9938
Mars,6.645,2.508,131.906,0.7197
Mars,8.42,7.973,77.858,0.5504
Mars,8.219,8.042,178.65,0.692
Mars,6.796,2.66,80.986,0.6741
Mars,8.06,9.326,90.771,0.7305
Mars,6.404,6.689,80.228,0.8143
Mars,6.492,9.231,61.052,0.8841
Mars,6.453,10.269,165.906,1.0
Mars,6.219,5.229,103.335,0.7863
Mars,8.137,6.845,83.915,0.6113
Mars,7.447,4.608,111.196,0.7725
Mars,6.647,4.015,139.854,0.7804
Mars,8.122,2.006,140.546,0.5035
Mars,8.007,11.636,118.751,0.7999
Mars,6.252,6.409,139.189,0.8635
Mars,7.61,2.131,128.375,0.6662
Mars,7.805,2.089,191.626,0.6216
Mars,7.79,4.884,64.738,0.6391
Mars,7.808,2.139,198.885,0.6223
Mars,6.424,5.745,99.026,0.8001
Mars,6.788,2.629,175.485,0.742
Mars,8.11,2.393,124.806,0.5051
Mars,8.246,8.694,107.093,0.6627
Mars,6.698,11.068,158.456,1.0
Mars,6.058,6.094,183.022,0.8633
Mars,8.149,10.368,131.99,0.7655
Mars,6.943,2.293,134.649,0.7149
Mars,6.824,9.777,69.417,0.9116
Mars,6.867,2.628,207.839,0.742
Mars,7.039,10.384,195.503,1.0
Mars,6.946,10.824,123.679,0.9737
Mars,7.416,9.86,182.392,0.9951
Mars,6.197,10.207,110.125,0.9601
Mars,8.429,7.615,176.867,0.6069
Mars,8.341,4.649,142.671,0.525
Mars,8.336,8.432,133.723,0.6502
Mars,8.198,6.395,69.044,0.5602
Mars,7.651,2.053,214.468,0.6716
Mars,6.553,6.768,193.985,0.8869
Mars,6.124,8.512,186.942,0.9479
Mars,6.248,2.139,108.787,0.6836
Mars,6.81,8.214,106.334,0.8938
Mars,7.26,8.525,151.711,0.9484
Mars,8.483,3.581,195.396,0.4476
Mars,7.089,6.311,209.541,0.8709
Mars,7.312,11.643,103.029,0.953
Mars,7.738,10.842,157.186,0.9207
Mars,6.452,6.108,175.824,0.8638
Mars,8.332,5.498,96.223,0.5113
Mars,7.323,3.241,125.195,0.7386
Mars,6.691,2.352,89.996,0.6723
Mars,8.338,4.975,171.825,0.5449
Mars,7.564,11.403,198.206,0.9788
Mars,7.209,11.586,200.405,1.0
Mars,7.45,10.125,167.214,1.0
Mars,7.871,5.508,115.544,0.6847
Mars,6.386,3.436,165.766,0.7703
Mars,8.162,7.955,198.283,0.7077
Mars,8.399,8.465,160.137,0.6467
Mars,7.417,6.246,126.063,0.8447
Mars,7.706,8.916,207.168,0.8935
Mars,8.15,9.467,193.635,0.7648
Mars,6.937,9.831,201.19,0.9941
Mars,8.482,7.023,204.511,0.5684
Mars,7.701,9.916,123.01,0.903
Mars,7.06,2.255,197.542,0.7289
Mars,7.693,8.804,151.256,0.8937
Mars,7.304,4.356,66.105,0.7186
Mars,6.279,4.705,161.734,0.8147
Mars,7.99,2.913,135.299,0.574
Mars,7.411,3.924,104.025,0.7414
Mars,7.99,11.92,215.261,0.8368
Mars,6.387,6.154,68.811,0.7842
Mars,7.346,11.278,211.34,1.0
Mars,7.917,3.629,85.483,0.5736
Mars,8.471,4.041,120.318,0.4382
Mars,8.211,7.578,126.758,0.655
Mars,8.161,5.495,176.963,0.622
Mars,6.619,8.439,94.497,0.8899
Mars,8.095,6.22,217.776,0.6694
Mars,6.423,10.116,179.842,1.0
Mars,6.495,6.316,186.392,0.871
Mars,6.275,7.723,77.029,0.8474
Mars,8.144,5.211,136.21,0.6039
Mars,6.271,9.04,211.297,0.9664
Mars,6.345,8.547,103.211,0.9024
Mars,6.615,5.97,83.261,0.7922
Mars,7.432,4.76,137.663,0.8043
Mars,8.2,8.141,208.863,0.7015
Mars,7.046,11.432,137.886,0.9879
Mars,7.366,3.326,124.773,0.7412
Mars,6.416,9.991,164.044,0.9997
Mars,6.665,7.43,209.901,0.91
Mars,6.335,7.256,67.849,0.8218
Mars,7.025,11.617,84.543,0.9345
Mars,7.476,8.059,81.241,0.8633
Mars,6.71,10.305,73.653,0.9237
Mars,8.115,7.145,108.337,0.6534
Mars,8.453,4.499,96.689,0.4364
Mars,6.3,8.945,147.791,0.9609
Mars,6.045,11.232,112.366,0.9624
Mars,7.974,10.412,124.833,0.8167
Mars,6.477,3.984,210.698,0.7894
Mars,6.883,5.169,84.905,0.7658
Mars,6.986,7.169,122.153,0.8731
Mars,8.291,7.716,101.133,0.6074
Mars,7.647,3.938,147.867,0.7367
Mars,6.102,4.3,177.814,0.8005
Mars,6.037,9.588,190.718,0.9856
Mars,6.499,9.303,142.447,0.9681
Mars,6.795,10.392,196.787,1.0
Mars,7.211,11.329,185.612,1.0
Mars,8.095,5.083,85.121,0.5648
Mars,6.787,10.596,99.269,0.9493
Mars,6.941,8.66,167.475,0.9531
Mars,6.823,11.578,215.967,1.0
Mars,6.022,4.721,120.181,0.7854
Mars,8.388,4.697,96.769,0.4652
Mars,6.347,9.043,199.061,0.9665
Mars,6.719,11.284,91.938,0.9419
Mars,6.323,10.246,171.585,1.0
Mars,7.226,9.27,65.48,0.8899
Mars,8.33,5.873,63.037,0.4918
Mars,6.252,9.178,132.251,0.9535
Mars,7.102,10.011,165.046,1.0
Mars,6.056,9.533,82.79,0.9164
Mars,7.927,8.768,182.221,0.8145
Mars,7.603,2.471,80.598,0.6327
Mars,7.749,8.597,145.393,0.8632
Mars,7.181,6.783,109.328,0.8467
Mars,8.269,11.616,180.361,0.7436
Mars,7.024,8.072,188.659,0.9325
Mars,7.285,8.082,70.575,0.8535
Mars,7.738,11.941,90.817,0.8614
Mars,7.301,2.936,202.823,0.7528
Mars,6.473,4.763,126.498,0.7932
Mars,6.793,8.561,136.278,0.9359
Mars,6.231,5.152,86.884,0.7672
Mars,7.082,5.462,219.183,0.8412
Mars,7.523,10.926,207.688,0.9922
Mars,6.296,7.794,60.324,0.8331
Mars,7.576,3.029,148.118,0.7286
Mars,8.232,5.109,199.563,0.5847
Mars,6.844,2.761,128.885,0.7255
Mars,6.555,7.561,129.89,0.8945
Mars,8.233,3.733,120.696,0.5072
Mars,7.73,10.571,64.613,0.838
Mars,6.263,7.773,186.445,0.9221
Mars,7.02,2.594,133.086,0.7239
Mars,7.685,5.009,144.971,0.7585
Mars,7.436,8.163,100.91,0.8866
Mars,7.546,5.355,185.459,0.822
Mars,7.418,7.132,187.0,0.8996
Mars,7.995,11.094,148.467,0.8334
Mars,6.801,5.5,204.74,0.8425
Mars,7.771,5.359,78.541,0.6757
Mars,8.478,10.198,185.86,0.6741
Mars,6.975,5.188,149.373,0.8309
Mars,7.978,2.78,96.962,0.535
Mars,6.615,3.809,81.169,0.7145
Mars,6.705,11.488,108.161,0.9582
Mars,8.337,11.333,197.011,0.7209
Mars,6.065,4.248,186.019,0.7987
Mars,6.544,7.535,163.221,0.9137
Mars,7.207,3.374,74.452,0.6925
Mars,7.005,8.747,212.773,0.9561
Mars,7.573,3.853,108.87,0.7194
Mars,6.482,2.498,157.12,0.7374
Mars,6.176,10.249,188.496,1.0
Mars,6.923,5.254,81.257,0.7651
Mars,7.311,3.085,164.351,0.758
Mars,7.405,10.339,65.167,0.9152
Mars,7.504,9.624,76.286,0.9119
Mars,7.372,8.838,175.703,0.9593
Mars,6.614,11.112,84.813,0.9348
Mars,7.911,6.892,130.961,0.7351
Mars,6.219,3.281,99.733,0.7146
Mars,6.496,2.613,127.397,0.7189
Mars,7.848,5.184,72.355,0.6377
Mars,6.699,2.868,180.784,0.7504
Mars,7.234,7.355,72.647,0.8301
Mars,6.818,2.145,194.066,0.7251
Mars,7.267,6.438,166.017,0.8753
Mars,6.867,3.785,126.654,0.7591
Mars,8.486,5.683,198.638,0.5204
Mars,6.894,8.75,89.781,0.896
Mars,7.568,5.51,102.33,0.7726
Mars,8.221,5.413,81.94,0.5311
Mars,7.595,11.908,121.051,0.9394
Mars,7.415,9.188,217.877,0.9716
Mars,7.423,7.139,85.764,0.8356
Mars,7.241,7.794,192.956,0.9228
Mars,8.019,8.202,164.301,0.7641
Mars,6.126,2.246,62.53,0.6411
Mars,8.213,2.803,211.182,0.5105
Mars,7.466,8.492,215.375,0.9472
Mars,8.122,5.645,207.984,0.6402
Mars,6.026,2.554,140.278,0.7297
Mars,8.173,4.975,95.26,0.545
Mars,6.3,3.303,122.602,0.7382
Mars,7.803,11.163,158.271,0.899
Mars,7.041,4.029,120.614,0.7616
Mars,7.703,3.437,173.307,0.7027
Mars,7.57,8.262,187.292,0.9157
Mars,6.408,7.219,93.503,0.8462
Mars,7.287,7.759,124.791,0.8964
Mars,6.693,6.359,213.239,0.8726
Mars,7.401,6.672,99.969,0.8335
Mars,7.845,9.788,115.432,0.843
Mars,6.203,4.199,65.706,0.7127
Mars,7.289,5.965,113.179,0.822
Mars,7.544,11.578,119.349,0.9547
Mars,6.738,3.9,75.974,0.7125
Mars,8.383,4.938,60.231,0.4389
Mars,7.301,3.916,152.065,0.787
Mars,6.456,2.205,108.244,0.6854
Mars,6.269,4.698,62.852,0.7273
Mars,7.354,2.465,197.591,0.7363
Mars,6.938,3.547,153.506,0.7741
Mars,6.481,5.627,87.387,0.7843
Mars,6.077,2.207,198.439,0.7273
Mars,7.417,9.53,100.574,0.9341
Mars,7.497,9.956,96.391,0.9448
Mars,6.355,6.114,203.141,0.864
Mars,7.504,11.847,88.713,0.9373
Mars,8.38,8.79,200.638,0.6643
Mars,8.446,9.437,188.476,0.6651
Mars,8.221,3.923,109.564,0.5065
Mars,8.018,10.374,65.504,0.7429
Mars,6.523,11.45,73.212,0.9232
Mars,6.391,4.363,77.525,0.7302
Mars,7.112,8.865,202.528,0.9603
Mars,7.549,9.469,124.646,0.9397
Mars,8.127,5.052,65.205,0.5331
Mars,6.58,6.75,149.048,0.8853
Mars,7.199,2.975,93.279,0.6974
Mars,7.619,3.731,97.62,0.6887
Mars,7.114,2.616,85.735,0.6773
Mars,7.135,7.602,181.923,0.9161
Mars,6.563,8.253,60.098,0.8489
Mars,8.467,11.161,130.237,0.658
Mars,7.188,7.422,73.899,0.8337
Mars,7.332,4.606,148.38,0.8096
Mars,6.546,2.595,115.359,0.7062
Mars,7.285,10.85,64.536,0.9145
Mars,6.638,6.789,133.756,0.8714
Mars,6.506,9.373,151.294,0.9781
Mars,6.689,2.146,99.625,0.6748
Mars,6.007,6.881,182.482,0.8908
Mars,7.425,5.257,119.368,0.8034
Mars,6.969,2.303,179.895,0.7306
Mars,8.247,9.757,152.643,0.7426
Mars,6.102,7.129,199.08,0.8995
Mars,6.108,5.332,147.508,0.8341
Mars,8.215,10.058,89.7,0.7015
Mars,6.317,6.469,191.615,0.8764
Mars,6.005,2.035,185.286,0.7212
Mars,6.447,11.444,215.577,1.0
Mars,8.06,4.557,74.973,0.5479
Mars,8.007,10.306,154.597,0.8311
Mars,6.85,10.164,138.667,0.9887
Mars,7.67,3.624,167.34,0.7201
Mars,7.268,6.74,216.829,0.8859
Mars,8.262,2.402,145.164,0.4753
Mars,6.141,5.546,169.718,0.8441
Mars,8.033,9.31,115.554,0.7637
Mars,6.426,4.371,107.835,0.7608
Mars,6.979,3.171,113.647,0.7246
Mars,6.48,7.071,66.177,0.8137
Mars,7.757,7.37,105.559,0.778
Mars,7.696,8.758,87.671,0.8289
Mars,7.37,9.591,133.188,0.9689
Mars,7.745,8.958,133.732,0.8655
Mars,7.599,10.454,182.437,0.967
Mars,7.941,4.229,140.367,0.6413
Mars,6.599,7.698,134.093,0.9035
Mars,7.072,5.601,97.06,0.7931
Mars,6.379,11.621,196.397,1.0
Mars,7.074,6.403,74.56,0.7987
Mars,7.754,11.597,217.167,0.9153
Mars,7.728,9.691,136.172,0.8992
Mars,7.774,9.185,89.758,0.82
Mars,6.772,6.916,116.692,0.8587
Mars,7.656,6.434,62.459,0.7358
Mars,6.919,7.265,86.644,0.8409
Mars,8.361,4.936,113.654,0.4993
Mars,6.858,11.045,148.706,0.9987
Mars,7.508,9.943,80.717,0.9262
Mars,7.875,10.014,168.154,0.8749
Mars,8.266,6.332,195.084,0.6163
Mars,7.095,2.711,151.574,0.7449
Mars,6.901,8.831,107.504,0.9166
Mars,7.075,5.744,79.423,0.7805
Mars,6.809,10.704,62.486,0.9125
Mars,7.635,9.803,177.088,0.9482
Mars,8.332,3.453,160.557,0.4936
Mars,6.315,8.017,136.205,0.9168
Mars,7.402,8.922,76.319,0.8886
Mars,8.244,7.681,93.124,0.6139
Mars,6.25,7.14,190.428,0.8999
Mars,7.235,4.279,136.776,0.7865
Mars,8.163,4.359,214.053,0.5815
Mars,8.251,9.68,219.996,0.7384
Mars,7.286,2.187,188.113,0.7265
Mars,6.062,9.789,101.309,0.9439
Mars,6.264,7.268,96.978,0.8514
Mars,7.467,11.362,100.581,0.9506
Mars,6.31,11.973,217.886,1.0
Mars,6.374,8.635,113.654,0.9159
Mars,7.93,6.123,173.031,0.7209
Mars,7.877,6.751,213.443,0.7607
Mars,8.107,4.042,191.135,0.5892
Mars,6.264,2.992,155.617,0.7547
Mars,6.495,7.788,87.034,0.8596
Mars,8.082,10.055,87.99,0.7439
Mars,7.803,4.618,138.788,0.6995
Mars,8.015,6.197,212.311,0.6952
Mars,8.474,7.548,204.719,0.5894
Mars,8.161,11.079,86.591,0.7162
Mars,7.301,3.386,106.035,0.7246
Mars,6.777,4.369,154.21,0.8029
Mars,7.424,11.185,136.389,0.9864
Mars,7.596,2.395,79.098,0.6308
Mars,6.838,8.561,119.089,0.9187
Mars,7.927,8.395,212.754,0.8014
Mars,6.232,5.833,212.231,0.8541
Mars,7.948,6.682,149.508,0.7339
Mars,6.08,10.549,161.642,1.0
Mars,7.245,3.65,95.505,0.7232
Mars,8.154,4.316,178.712,0.5832
Mars,6.216,7.124,68.399,0.8177
Mars,7.294,6.097,95.309,0.8087
Mars,6.398,7.744,60.941,0.832
Mars,8.237,11.208,121.712,0.726
Mars,8.081,11.171,196.042,0.8064
Mars,8.335,4.3,217.201,0.5222
Mars,8.187,5.021,166.841,0.5966
Mars,7.841,3.621,179.179,0.6629
Mars,6.462,11.278,102.04,0.952
Mars,6.756,5.979,143.253,0.8525
Mars,7.242,6.497,177.852,0.8774
Mars,7.472,10.026,139.564,0.9896
Mars,7.955,7.13,74.167,0.6719
Mars,6.567,3.198,178.538,0.7619
Mars,6.321,6.378,95.13,0.8184
Mars,7.207,8.305,75.632,0.8663
Mars,6.395,9.192,136.489,0.9582
Mars,7.734,8.454,71.937,0.7897
Mars,7.439,3.192,160.711,0.7617
Mars,7.853,5.043,162.476,0.7089
Mars,6.159,9.336,101.072,0.9278
Mars,8.412,10.802,214.326,0.6961
Mars,6.0,2.472,191.912,0.7365
Mars,6.814,2.422,77.534,0.6623
Mars,7.699,8.434,179.762,0.8788
Mars,6.113,7.48,116.492,0.8783
Mars,6.208,3.553,180.046,0.7744
Mars,6.192,7.483,188.127,0.9119
Mars,7.454,11.745,84.22,0.9342
Mars,8.24,8.309,165.895,0.6942
Mars,7.389,6.491,198.037,0.8772
Mars,7.509,10.275,111.74,0.9588
Mars,6.865,4.128,72.853,0.7173
Mars,6.047,6.143,64.363,0.7794
Mars,6.054,7.278,77.6,0.8323
Mars,8.221,7.045,60.673,0.567
Mars,6.256,11.21,112.311,0.9623
Mars,8.499,4.927,107.893,0.4472
Mars,6.411,2.565,77.655,0.6674
Mars,7.687,11.164,164.179,0.9378
Mars,8.372,4.171,218.705,0.5052
Mars,6.906,5.79,204.148,0.8527
Mars,7.836,7.309,100.456,0.7442
Mars,6.877,11.759,183.197,1.0
Mars,6.762,7.353,209.898,0.9073
Mars,6.505,6.477,205.018,0.8767
Mars,8.052,7.836,201.528,0.7402
Mars,6.643,11.708,185.832,1.0
Mars,6.708,10.179,106.879,0.9569
Mars,8.497,3.69,73.37,0.37
Mars,6.818,10.033,138.051,0.9881
Mars,7.057,10.411,68.767,0.9188
Mars,8.475,8.907,219.756,0.6367
Mars,6.923,8.572,117.33,0.9174
Mars,6.915,6.409,213.334,0.8743
Mars,8.069,8.417,183.699,0.7548
Mars,6.78,9.376,125.807,0.954
Mars,6.584,3.228,78.93,0.6919
Mars,7.058,4.573,97.951,0.758
Mars,7.752,3.941,167.687,0.7041
Mars,6.108,10.412,192.79,1.0
Mars,6.935,8.8,216.71,0.958
Mars,6.866,6.508,81.146,0.8089
Mars,6.612,10.261,84.952,0.935
Mars,7.636,9.168,66.79,0.8424
Mars,6.725,11.136,101.658,0.9517
Mars,7.517,2.768,191.371,0.7413
Mars,7.261,7.092,91.721,0.8399
Mars,6.543,9.067,147.658,0.965
Mars,6.666,4.075,131.425,0.774
Mars,6.427,5.271,112.132,0.7966
Mars,6.142,6.19,158.935,0.8666
Mars,7.548,9.943,140.372,0.9724
Mars,7.682,6.936,113.562,0.7957
Mars,6.415,6.929,170.216,0.8925
Mars,7.538,6.309,104.795,0.8128
Mars,8.455,4.286,162.909,0.4816
Mars,6.186,11.231,213.159,1.0
Mars,7.226,5.178,176.632,0.8312
Mars,7.833,7.675,126.944,0.7847
Mars,6.115,3.488,179.609,0.7721
Mars,7.946,6.342,189.479,0.7234
Mars,8.449,11.038,112.134,0.6459
Mars,6.221,11.955,172.821,1.0
Mars,8.056,5.618,129.503,0.6409
Mars,6.946,3.54,190.964,0.7739
Mars,6.36,5.145,107.26,0.7873
Mars,7.233,5.272,210.042,0.8345
Mars,6.179,8.445,151.966,0.9456
Mars,7.305,6.962,116.529,0.8602
Mars,6.048,9.685,127.099,0.9661
Mars,7.822,9.013,115.648,0.8239
Mars,7.22,4.513,83.399,0.7414
Mars,7.147,9.843,70.959,0.9154
Mars,6.49,10.475,111.485,0.9615
Mars,6.903,7.984,133.39,0.9128
Mars,6.455,11.277,117.891,0.9679
Mars,7.838,9.829,62.227,0.7934
Mars,6.498,7.954,152.641,0.9284
Mars,7.542,11.062,83.171,0.9192
Mars,6.699,8.004,93.761,0.8739
Mars,7.642,7.212,79.32,0.7843
Mars,7.351,5.563,143.269,0.838
Mars,7.059,10.829,75.225,0.9252
Mars,7.683,3.227,101.017,0.6531
Mars,7.039,6.735,132.273,0.868
Mars,8.053,7.374,86.833,0.6605
Mars,7.824,7.547,131.399,0.7876
Mars,7.352,8.519,114.838,0.913
Mars,8.193,7.058,197.696,0.6661
Mars,8.072,4.568,187.185,0.6192
Mars,7.33,10.569,218.857,1.0
Mars,6.171,8.575,144.626,0.9448
Mars,7.415,10.582,152.064,1.0
Mars,6.888,4.76,211.463,0.8166
Mars,7.35,8.371,123.935,0.9169
Mars,7.618,9.142,148.909,0.9296
Mars,7.612,5.834,120.654,0.7875
Mars,7.684,10.122,147.338,0.9361
Mars,7.698,2.025,72.923,0.5777
Mars,6.273,7.949,185.407,0.9282
Mars,6.479,8.136,217.645,0.9347
Mars,7.576,7.338,70.518,0.8019
Mars,7.02,8.3,188.166,0.9405
Mars,7.907,3.672,98.678,0.5915
Mars,6.312,8.848,91.608,0.9013
Mars,6.479,5.358,170.939,0.8375
Mars,7.396,6.521,67.061,0.7953
Mars,7.252,5.331,134.118,0.8207
Mars,6.666,6.739,60.231,0.7961
Mars,7.021,8.216,148.703,0.9363
Mars,6.087,10.383,133.933,0.9839
Mars,6.093,6.834,206.477,0.8892
Mars,6.237,5.232,175.244,0.8331
Mars,7.442,6.879,80.161,0.8209
Mars,8.159,8.888,116.726,0.708
Mars,6.651,5.467,209.053,0.8413
Mars,6.085,6.143,176.053,0.865
Mars,7.772,7.628,155.084,0.8265
Mars,8.138,4.94,149.451,0.6096
Mars,6.345,4.091,123.696,0.7669
Mars,6.964,3.404,153.632,0.7691
Mars,6.397,5.526,183.466,0.8434
Mars,6.266,2.483,80.406,0.6673
Mars,7.62,7.835,215.173,0.8841
Mars,8.419,3.759,98.298,0.4236
Mars,7.695,5.774,131.639,0.7686
Mars,8.462,4.692,63.634,0.4072
Mars,7.086,8.304,148.055,0.9387
Mars,8.245,10.503,121.099,0.7229
Mars,6.513,8.333,99.961,0.8916
Mars,6.295,7.425,217.684,0.9099
Mars,7.756,8.691,128.503,0.8472
Mars,6.929,2.3,126.287,0.7068
Mars,6.794,3.228,134.097,0.7471
Mars,7.678,2.949,78.585,0.6224
Mars,6.834,2.982,122.895,0.7273
Mars,7.431,4.605,113.825,0.775
Mars,6.749,7.321,134.42,0.8906
Mars,7.959,3.147,197.059,0.607
Mars,6.781,11.351,90.846,0.9408
Mars,7.337,10.543,157.238,1.0
Mars,6.058,11.716,66.022,0.916
Mars,7.979,2.425,110.687,0.5358
Mars,7.551,10.514,135.625,0.9687
Mars,6.481,10.037,71.885,0.9219
Mars,6.538,11.021,147.035,0.997
Mars,6.656,7.279,109.652,0.8644
Mars,7.441,9.879,218.85,0.9958
Mars,7.371,2.513,160.955,0.738
Mars,6.685,2.759,99.068,0.6956
Mars,7.735,3.185,76.428,0.6095
Mars,8.223,11.148,66.515,0.6756
Mars,6.109,2.612,74.524,0.6659
Mars,7.043,3.001,168.81,0.7551
Mars,7.484,11.304,196.799,1.0
Mars,7.466,3.074,85.077,0.6927
Mars,6.049,10.698,124.342,0.9743
Mars,6.526,9.893,116.678,0.9629
Mars,6.155,2.403,163.123,0.7341
Mars,7.422,2.218,89.228,0.6669
Mars,7.613,7.344,212.531,0.8692
Mars,6.399,11.972,176.569,1.0
Mars,6.833,10.788,212.812,1.0
Mars,6.825,5.1,104.379,0.7829
Mars,8.05,5.863,154.035,0.672
Mars,6.487,5.879,177.163,0.8558
Mars,7.371,9.342,173.753,0.977
Mars,7.957,5.411,63.415,0.6004
Mars,8.074,3.478,219.726,0.5804
Mars,7.666,9.471,208.49,0.926
Mars,6.749,6.58,79.16,0.8095
Mars,8.058,2.768,146.971,0.558
Mars,7.855,9.901,110.329,0.8384
Mars,7.761,7.853,200.623,0.8378
Mars,6.168,6.894,171.603,0.8913
Mars,6.108,8.733,95.763,0.9014
Mars,7.738,7.054,65.418,0.7328
Mars,8.362,8.484,106.679,0.6163
Mars,7.934,10.675,66.102,0.7713
Mars,8.079,8.135,82.61,0.6744
Mars,7.362,8.596,161.782,0.9509
Mars,6.761,8.139,179.214,0.9348
Mars,7.694,7.312,134.883,0.826
Mars,7.78,3.72,156.046,0.6869
Mars,7.688,5.357,84.942,0.7096
Mars,8.367,8.931,110.687,0.6344
Mars,6.918,6.255,174.061,0.8689
Mars,6.099,6.061,118.383,0.8305
Mars,8.271,9.593,115.81,0.6945
Mars,6.401,2.056,91.039,0.663
Mars,7.743,8.79,155.172,0.8765
Mars,8.183,6.892,189.526,0.6636
Mars,6.775,5.768,135.111,0.837
Mars,8.076,5.405,78.486,0.5757
Mars,6.83,3.729,194.139,0.7805
Mars,7.986,5.343,71.424,0.5965
Mars,6.175,5.914,135.476,0.8425
Mars,7.638,6.374,101.772,0.7788
Mars,7.693,8.723,209.811,0.891
Mars,7.229,6.536,178.007,0.8787
Mars,7.718,9.963,150.625,0.9261
Mars,8.308,8.397,166.841,0.6746
Mars,7.835,3.896,145.236,0.67
Mars,8.403,4.772,83.616,0.4495
Mars,7.122,2.792,173.456,0.7477
Mars,7.321,11.457,138.828,0.9888
Mars,6.659,10.866,161.489,1.0
Mars,8.464,2.848,67.232,0.3456
Mars,6.138,7.741,82.726,0.8537
Mars,6.897,11.604,154.299,1.0
Mars,6.744,9.471,133.509,0.965
Mars,6.966,6.918,96.3,0.8384
Mars,8.294,4.411,98.522,0.4881
Mars,6.92,4.79,161.065,0.8177
Mars,8.292,9.362,69.435,0.633
Mars,7.058,9.806,129.481,0.9727
Mars,8.137,7.287,143.697,0.6864
Mars,7.304,3.209,109.303,0.7216
Mars,6.778,11.339,191.288,1.0
Mars,7.123,10.448,69.083,0.9191
Mars,7.061,3.405,198.525,0.7692
Mars,6.65,2.567,175.722,0.7399
Mars,6.724,7.359,131.401,0.889
Mars,6.466,4.841,207.915,0.8194
Mars,6.84,4.832,172.358,0.8191
Mars,7.561,2.872,208.967,0.7302
Mars,6.966,11.534,135.614,0.9856
Mars,7.781,10.302,132.476,0.8889
Mars,8.467,3.138,144.919,0.4323
Mars,6.943,10.766,70.468,0.9205
Mars,7.157,8.83,205.359,0.959
Mars,6.41,5.254,166.835,0.8339
Mars,6.981,10.713,158.814,1.0
Mars,7.817,7.98,208.234,0.8236
Mars,6.544,10.487,218.982,1.0
Mars,6.455,6.693,86.143,0.8204
Mars,6.941,7.007,179.84,0.8952
Mars,8.047,4.91,152.791,0.6396
Mars,7.559,5.877,133.76,0.8197
Mars,8.394,7.678,216.418,0.6207
Mars,8.261,11.471,196.042,0.7462
Mars,6.378,8.001,171.48,0.93
Mars,6.106,3.474,121.228,0.7428
Mars,6.998,2.07,166.567,0.7224
Mars,7.305,10.51,145.071,0.9951
Mars,7.289,5.643,99.899,0.7974
Mars,6.335,5.15,132.061,0.8123
Mars,6.312,10.007,93.954,0.944
Mars,6.117,11.454,140.067,0.9901
Mars,8.127,9.48,175.238,0.7728
Mars,8.369,3.738,65.863,0.4069
Mars,6.289,5.914,182.461,0.857
Mars,6.533,9.594,63.199,0.899
Mars,6.225,11.069,142.764,0.9928
Mars,8.194,11.986,151.756,0.7687
Mars,8.397,7.116,181.799,0.6001
Mars,6.654,10.225,181.765,1.0
Mars,6.759,2.466,126.793,0.7131
Mars,6.907,4.858,70.62,0.7407
Mars,7.256,5.715,170.96,0.85
Mars,7.706,11.755,141.758,0.923
Mars,7.261,2.034,113.289,0.6845
Mars,8.378,5.08,97.58,0.4829
Mars,6.25,11.304,79.161,0.9292
Mars,7.997,5.067,107.223,0.6191
Mars,6.836,4.251,133.358,0.7821
Mars,6.944,9.301,136.417,0.9619
Mars,7.772,9.453,153.238,0.8902
Mars,8.323,6.722,117.995,0.5788
Mars,7.791,11.469,207.184,0.9032
Mars,7.94,4.027,139.339,0.6337
Mars,7.877,11.134,127.796,0.8521
Mars,6.802,9.555,67.707,0.9021
Mars,7.892,5.682,155.842,0.7181
Mars,7.961,10.069,156.459,0.8462
Mars,7.334,3.332,153.326,0.7666
Mars,7.342,3.31,202.016,0.7658
Mars,7.899,11.299,182.064,0.8669
Mars,8.043,2.948,198.785,0.5723
Mars,6.843,2.041,69.508,0.6409
Mars,8.004,5.89,110.9,0.6491
Mars,8.036,3.039,110.994,0.5388
Mars,6.585,10.63,165.127,1.0
Mars,7.792,11.227,131.778,0.8843
Mars,6.466,6.824,184.396,0.8888
Mars,6.233,6.255,121.509,0.8404
Mars,7.436,7.39,95.457,0.8541
Mars,8.272,4.262,106.552,0.4985
Mars,6.089,4.98,89.195,0.7635
Mars,8.066,3.01,91.663,0.5083
Mars,7.266,6.465,94.694,0.821
Mars,8.152,8.117,62.575,0.6293
Mars,8.109,11.302,174.574,0.7971
Mars,8.188,9.391,123.936,0.7232
Mars,7.922,9.231,63.627,0.746
Mars,8.107,5.08,119.201,0.5945
Mars,6.44,10.883,204.859,1.0
Mars,6.76,11.47,141.799,0.9918
Mars,6.606,11.323,217.88,1.0
Mars,7.856,2.388,146.394,0.6113
Mars,6.384,8.044,214.048,0.9315
Mars,6.456,8.432,92.288,0.8874
Mars,8.197,4.951,106.39,0.5472
Mars,7.765,11.924,171.995,0.9118
Mars,8.188,4.912,217.891,0.5924
Mars,6.348,4.166,192.048,0.7958
Mars,6.997,6.841,148.593,0.888
Mars,6.708,5.231,73.624,0.7567
Mars,6.024,11.24,118.301,0.9683
Mars,6.711,6.401,73.828,0.7979
Mars,6.949,6.101,109.805,0.8234
Mars,6.231,8.259,101.407,0.8905
Mars,7.416,2.811,122.169,0.7206
Mars,6.958,9.567,193.964,0.9849
Mars,6.116,9.684,84.06,0.923
Mars,7.76,6.74,108.97,0.7582
Mars,7.823,11.557,101.779,0.844
Mars,8.086,7.793,107.383,0.6848
Mars,7.214,8.952,117.7,0.931
Mars,8.422,11.243,99.09,0.6419
Mars,8.285,8.663,210.813,0.6915
Mars,7.378,6.318,127.216,0.8484
Mars,7.112,2.248,78.258,0.6569
Mars,6.008,9.283,134.825,0.9597
Mars,7.777,11.649,89.509,0.847
Mars,7.412,6.702,94.581,0.8292
Mars,8.344,5.398,105.607,0.5132
Mars,7.486,7.193,79.962,0.8317
Mars,8.482,9.284,175.379,0.6476
Mars,8.135,2.007,186.711,0.5087
Mars,8.384,10.872,123.086,0.6784
Mars,6.819,10.864,170.239,1.0
Mars,6.373,7.413,122.233,0.8817
Mars,7.992,3.224,86.252,0.535
Mars,7.965,8.718,123.547,0.7735
Mars,6.529,3.378,149.118,0.7674
Mars,7.912,7.075,66.559,0.6769
Mars,7.455,2.936,164.718,0.7528
Mars,6.274,7.891,178.817,0.9262
Mars,7.254,5.181,197.595,0.8313
Mars,8.328,10.31,76.443,0.6505
Mars,7.266,9.999,60.015,0.91
Mars,7.972,11.985,71.723,0.7645
Mars,6.072,4.575,207.859,0.8101
Mars,7.82,2.618,182.489,0.6349
Mars,8.367,6.43,193.67,0.586
Mars,7.249,2.834,142.722,0.7419
Mars,6.844,3.785,144.275,0.7768
Mars,7.617,7.973,107.761,0.8479
Mars,8.291,7.921,194.84,0.6637
Mars,6.442,2.433,192.763,0.7352
Mars,7.009,6.429,122.747,0.8478
Mars,6.391,7.302,112.683,0.8683
Mars,7.242,4.68,178.14,0.8138
Mars,7.351,10.72,64.187,0.9142
Mars,8.361,3.611,197.592,0.4895
Mars,7.031,4.539,131.4,0.7903
Mars,7.417,3.57,130.615,0.7556
Mars,8.213,3.165,167.052,0.5231
Mars,6.804,10.79,163.32,1.0
Mars,7.685,4.779,102.556,0.708
Mars,7.893,9.225,210.925,0.8419
Mars,6.826,6.28,217.813,0.8698
Mars,6.411,8.359,144.158,0.9367
Mars,7.257,11.282,149.821,0.9998
Mars,6.892,10.446,148.691,0.9987
Mars,6.666,2.69,137.726,0.7319
Mars,8.434,10.452,211.23,0.6888
Mars,7.255,6.518,99.16,0.8273
Mars,8.141,5.501,77.273,0.5561
Mars,6.488,8.724,208.728,0.9553
Mars,8.349,11.502,94.086,0.6612
Mars,7.986,2.941,179.865,0.5909
Mars,8.022,9.681,92.62,0.7575
Mars,6.974,4.035,213.63,0.7912
Mars,7.214,5.801,186.579,0.853
Mars,7.483,10.738,206.995,1.0
Mars,7.974,7.458,212.158,0.7529
Mars,8.123,2.675,73.508,0.4596
Mars,6.195,7.08,129.342,0.8772
Mars,8.26,9.896,163.696,0.743
Mars,8.344,7.289,188.393,0.6239
Mars,7.482,3.669,98.635,0.727
Mars,6.467,6.45,206.337,0.8758
Mars,8.046,11.243,95.356,0.7633
Mars,7.371,8.582,198.588,0.9504
Mars,8.043,9.299,142.034,0.7865
Mars,8.037,9.859,142.468,0.8085
Mars,6.217,2.907,119.841,0.7216
Mars,7.518,7.815,76.561,0.8442
Mars,7.208,5.759,115.534,0.8171
Mars,8.365,3.392,128.278,0.4586
Mars,6.742,4.027,136.643,0.7776
Mars,6.515,9.812,178.255,0.9934
Mars,8.243,3.615,116.331,0.4953
Mars,6.372,5.124,125.055,0.8044
Mars,7.716,4.849,204.976,0.7476
Mars,6.75,2.486,180.411,0.737
Mars,7.42,6.622,63.657,0.7954
Mars,7.541,9.659,189.934,0.9746
Mars,7.043,2.222,218.391,0.7278
Mars,8.437,3.126,210.363,0.4469
Mars,6.33,9.202,193.753,0.9721
Mars,6.978,7.936,160.668,0.9278
Mars,7.076,9.152,104.511,0.9248
Mars,7.578,4.301,164.709,0.7747
Mars,7.018,10.038,171.295,1.0
Mars,6.243,6.799,105.049,0.843
Mars,8.369,8.103,100.853,0.5949
Mars,7.04,2.922,123.508,0.7258
Mars,6.857,4.05,162.584,0.7918
Mars,7.117,9.734,106.89,0.9476
Mars,6.541,4.239,148.907,0.7973
Mars,6.251,2.925,203.878,0.7524
Mars,6.371,7.972,107.216,0.8862
Mars,6.417,7.479,214.556,0.9118
Mars,6.494,8.079,135.736,0.9185
Mars,7.05,8.183,76.145,0.8626
Mars,7.56,7.002,68.806,0.794
Mars,7.572,6.938,114.188,0.8329
Mars,6.0,11.242,101.401,0.9514
Mars,8.302,7.339,194.994,0.6394
Mars,8.057,8.173,178.022,0.7503
Mars,8.41,4.67,201.527,0.5102
Mars,6.9,10.711,154.281,1.0
Mars,7.662,2.244,129.673,0.6542
Mars,6.42,7.572,103.291,0.8683
Mars,8.043,5.839,153.297,0.6735
Mars,6.403,8.039,158.884,0.9314
Mars,6.815,5.602,122.872,0.8189
Mars,7.227,9.177,209.855,0.9712
Mars,7.486,2.203,162.393,0.7271
Mars,7.399,6.059,193.997,0.8621
Mars,6.255,10.313,159.263,1.0
Mars,7.054,4.502,110.646,0.7682
Mars,8.307,2.528,177.859,0.4694
Mars,8.181,6.965,96.841,0.6137
Mars,7.477,11.765,155.457,1.0
Mars,7.431,2.642,124.379,0.7168
Mars,6.279,2.701,83.982,0.6785
Mars,6.501,7.951,126.118,0.9044
Mars,6.632,4.501,109.645,0.7672
Mars,7.22,6.102,77.956,0.7915
Mars,7.828,10.305,191.813,0.8905
Mars,7.152,3.988,139.773,0.7794
Mars,6.315,9.193,115.417,0.9372
Mars,7.098,7.045,140.794,0.8874
Mars,6.407,11.05,180.733,1.0
Mars,7.878,11.73,62.927,0.787
Mars,6.416,6.85,147.48,0.8872
Mars,7.206,7.846,136.664,0.9113
Mars,7.734,9.458,202.891,0.9032
Mars,6.57,5.187,148.955,0.8305
Mars,6.19,4.267,81.972,0.7313
Mars,7.408,11.647,122.189,0.9722
Mars,6.136,6.326,159.371,0.8714
Mars,7.469,2.016,67.349,0.6379
Mars,7.884,10.377,201.544,0.8721
Mars,6.823,7.997,70.845,0.8507
Mars,7.221,3.686,64.895,0.6939
Mars,8.322,2.301,60.322,0.3669
Mars,7.178,4.915,169.399,0.822
Mars,8.491,11.279,132.947,0.6525
Mars,6.393,11.335,76.451,0.9265
Mars,7.772,5.11,196.993,0.7381
Mars,7.632,10.359,92.435,0.8986
Mars,8.181,6.418,112.212,0.6099
Mars,6.231,8.543,88.435,0.8875
Mars,6.701,5.344,208.281,0.8371
Mars,6.33,7.16,181.291,0.9006
Mars,8.333,4.938,175.833,0.5452
Mars,7.067,2.611,67.039,0.6584
Mars,8.275,3.394,143.632,0.504
Mars,6.736,4.907,152.072,0.8217
Mars,6.316,11.763,121.203,0.9712
Mars,6.741,11.657,111.481,0.9615
Mars,7.493,10.277,196.311,1.0
Mars,8.113,4.325,63.683,0.5107
Mars,6.963,6.416,160.057,0.8746
Mars,8.287,6.398,123.08,0.5847
Mars,6.611,5.87,166.552,0.8554
Mars,7.734,2.449,91.667,0.5994
Mars,7.839,7.345,98.185,0.7422
Mars,6.685,2.728,153.897,0.7455
Mars,6.067,10.019,216.79,1.0
Mars,6.913,8.913,215.949,0.962
Mars,6.113,5.527,99.837,0.7933
Mars,8.252,8.471,76.376,0.6222
Mars,8.384,4.33,154.455,0.507
Mars,7.838,4.653,127.197,0.6772
Mars,7.817,5.141,181.87,0.7244
Mars,6.602,9.97,144.477,0.9934
Mars,6.185,4.107,141.694,0.7854
Mars,8.005,7.628,163.434,0.7486
Mars,7.398,4.005,80.227,0.7204
Mars,7.704,4.85,168.346,0.7517
Mars,7.949,4.355,138.163,0.6409
Mars,7.024,8.45,191.224,0.9458
Mars,6.361,7.267,82.193,0.8365
Mars,7.988,9.213,108.12,0.768
Mars,7.134,4.199,212.039,0.797
Mars,8.067,2.091,148.492,0.5326
Mars,7.094,8.805,208.688,0.9582
Mars,6.543,3.149,170.246,0.7602
Mars,6.428,4.463,208.229,0.8062
Mars,7.86,5.057,110.852,0.6679
Mars,7.437,9.468,74.485,0.9059
Mars,7.012,8.259,188.359,0.9391
Mars,7.23,3.843,188.715,0.7845
Mars,7.374,7.979,159.012,0.9293
Mars,6.599,9.081,152.731,0.9679
Mars,6.945,5.889,206.385,0.8561
Mars,6.731,4.46,88.24,0.7443
Mars,6.971,8.79,158.646,0.9576
Mars,7.251,8.109,67.963,0.8518
Mars,6.433,2.779,82.538,0.6798
Mars,6.984,8.667,129.964,0.9333
Mars,6.964,6.885,191.393,0.891
Mars,6.715,9.534,177.301,0.9837
Mars,8.496,3.907,215.85,0.4547
Mars,6.184,4.582,67.176,0.7276
Mars,7.607,7.433,121.016,0.8454
Mars,6.436,6.817,85.407,0.824
Mars,8.099,5.864,65.914,0.5715
Mars,8.285,9.46,102.304,0.6716
Mars,7.004,7.648,99.115,0.8668
Mars,8.059,9.103,127.204,0.7596
Mars,6.625,3.533,82.413,0.7061
Mars,6.35,9.29,138.171,0.9633
Mars,6.79,6.615,207.216,0.8815
Mars,6.854,2.338,179.71,0.7318
Mars,6.993,4.345,194.748,0.8021
Mars,6.932,2.258,188.757,0.729
Mars,7.028,6.569,122.34,0.8522
Mars,7.775,5.259,173.434,0.7424
Mars,6.614,11.874,180.681,1.0
Mars,6.046,10.685,92.904,0.9429
Mars,7.224,10.257,197.642,1.0
Mars,7.121,7.011,133.24,0.8786
Mars,6.15,10.071,62.618,0.9126
Mars,6.335,4.669,162.941,0.8134
Mars,7.275,7.606,168.282,0.9162
Mars,6.587,5.929,148.282,0.8558
Mars,8.194,3.713,93.986,0.4926
Mars,6.433,2.726,137.164,0.7326
Mars,6.05,7.582,124.02,0.8894
Mars,7.119,2.976,215.95,0.7542
Mars,8.465,9.18,191.949,0.6495
Mars,7.585,11.215,181.904,0.9718
Mars,6.885,3.621,88.972,0.7157
Mars,6.042,6.709,112.966,0.8478
Mars,7.212,9.388,120.754,0.9493
Mars,6.516,4.868,138.82,0.8092
Mars,7.619,11.208,64.836,0.875
Mars,7.458,10.885,154.881,1.0
Mars,6.663,3.038,117.257,0.7236
Mars,6.172,2.274,149.868,0.7295
Mars,7.888,11.765,61.437,0.7823
Mars,7.464,11.565,111.429,0.9614
Mars,8.105,6.223,182.987,0.666
Mars,6.65,2.506,140.173,0.7279
Mars,7.632,8.189,186.222,0.8926
Mars,6.297,4.934,171.834,0.8227
Mars,6.73,11.367,196.787,1.0
Mars,7.641,9.947,61.191,0.8622
Mars,8.064,8.496,101.812,0.7112
Mars,6.802,4.845,147.808,0.8174
Mars,7.997,9.013,210.563,0.7997
Mars,7.694,4.892,168.766,0.7564
Mars,6.872,2.376,133.054,0.7162
Mars,8.191,7.084,80.823,0.5984
Mars,7.273,6.887,138.914,0.88
Mars,7.621,9.63,130.574,0.9274
Mars,7.239,10.657,184.551,1.0
Mars,7.132,5.545,126.136,0.8202
Mars,8.12,6.495,111.014,0.6317
Mars,6.737,6.704,74.355,0.809
Mars,6.092,5.242,67.44,0.7509
Mars,8.199,9.434,130.262,0.7273
Mars,8.063,7.221,115.498,0.6807
Mars,6.916,11.14,148.852,0.9989
Mars,6.464,8.503,173.909,0.9476
Mars,7.689,4.119,66.401,0.6476
Mars,6.197,3.648,139.395,0.7671
Mars,7.059,5.724,197.916,0.8503
Mars,6.215,5.469,132.827,0.8243
Mars,7.495,6.071,143.399,0.8559
Mars,6.068,3.836,137.887,0.7721
Mars,7.573,11.782,122.367,0.948
Mars,7.683,3.457,77.619,0.6376
Mars,7.218,8.526,80.217,0.8786
Mars,6.438,2.131,88.654,0.6632
Mars,6.253,6.07,186.81,0.8624
Mars,6.783,5.092,104.053,0.7823
Mars,7.163,5.82,211.7,0.8537
Mars,7.606,6.981,189.627,0.8592
Mars,6.003,8.004,169.527,0.9301
Mars,7.778,7.835,175.263,0.8317
Mars,7.782,8.307,67.621,0.7644
Mars,7.111,10.445,150.942,1.0
Mars,6.859,10.867,210.569,1.0
Mars,8.106,9.373,66.258,0.6924
Mars,7.961,2.789,106.563,0.5504
Mars,8.458,11.613,68.242,0.5988
Mars,6.93,11.474,151.159,1.0
Mars,8.267,9.117,78.592,0.642
Mars,6.219,7.174,136.68,0.8878
Mars,7.029,4.506,175.192,0.8077
Mars,7.163,9.564,86.31,0.921
Mars,7.102,10.779,180.858,1.0
Mars,7.563,8.652,69.633,0.8515
Mars,6.426,8.291,83.94,0.8741
Mars,8.166,3.93,104.818,0.5203
Mars,7.379,5.578,187.376,0.8452
Mars,8.261,9.231,196.022,0.7196
Mars,6.007,2.169,95.261,0.6712
Mars,7.575,8.413,75.325,0.8448
Mars,7.031,9.667,195.673,0.9883
Mars,7.263,5.347,163.899,0.8371
Mars,7.86,2.762,85.257,0.5621
Mars,6.568,10.191,149.235,0.9992
Mars,6.512,3.418,199.579,0.7696
Mars,7.758,5.708,71.122,0.6851
Mars,7.303,9.073,73.395,0.8909
Mars,6.584,10.17,103.777,0.9538
Mars,7.21,10.624,164.362,1.0
Mars,7.149,7.304,88.481,0.8441
Mars,7.729,6.759,190.619,0.8104
Mars,6.007,10.483,180.069,1.0
Mars,7.467,7.631,149.761,0.9168
Mars,7.514,7.787,78.571,0.8464
Mars,7.864,6.34,218.115,0.7506
Mars,8.223,5.728,138.405,0.5979
Mars,7.1,6.805,132.332,0.8705
Mars,6.856,5.648,219.291,0.8477
Mars,6.256,5.435,198.219,0.8402
Mars,6.842,11.937,133.019,0.983
Mars,6.171,5.362,127.008,0.8147
Mars,8.007,4.564,75.346,0.5661
Mars,8.018,5.539,208.242,0.6714
Mars,7.043,7.908,195.004,0.9268
Mars,6.649,11.11,109.6,0.9596
Mars,6.295,9.879,180.531,0.9958
Mars,8.128,10.422,182.037,0.7906
Mars,8.194,10.59,96.466,0.7152
Mars,6.666,11.205,158.185,1.0
Mars,7.554,4.351,100.805,0.7349
Mars,6.647,6.584,186.382,0.8804
Mars,6.563,5.852,84.61,0.7894
Mars,6.053,5.819,167.025,0.8537
Mars,7.443,8.523,112.162,0.9105
Mars,6.375,6.018,65.789,0.7764
Mars,6.031,8.163,79.793,0.8655
Mars,6.262,5.823,164.784,0.8538
Mars,6.784,5.111,98.386,0.7773
Mars,7.673,5.531,160.966,0.7859
Mars,6.507,10.038,126.372,0.9764
Mars,8.219,8.011,170.834,0.6907
Mars,6.721,11.74,138.872,0.9889
Mars,6.828,10.327,109.368,0.9594
Mars,6.545,6.858,83.331,0.8234
Mars,6.635,4.424,114.576,0.7694
Mars,6.185,8.739,161.583,0.9559
Mars,6.737,9.266,178.476,0.9743
Mars,8.149,6.642,85.654,0.6018
Mars,7.721,4.299,166.284,0.7268
Mars,8.188,7.572,88.685,0.6243
Mars,6.262,4.538,95.491,0.7543
Mars,7.139,11.4,145.011,0.995
Mars,6.573,8.289,106.272,0.8964
Mars,7.803,4.919,165.855,0.7212
Mars,8.426,4.157,212.924,0.487
Mars,8.038,9.167,83.823,0.7252
Mars,6.088,9.078,151.282,0.9677
Mars,6.792,7.971,207.728,0.929
Mars,6.071,8.143,88.245,0.8732
Mars,6.1,8.039,118.696,0.9001
Mars,6.199,5.601,79.779,0.7758
Mars,6.691,11.374,162.726,1.0
Mars,6.761,6.793,167.063,0.8877
Mars,7.001,2.203,166.269,0.7271
Mars,7.012,5.484,146.74,0.8387
Mars,7.929,3.303,179.402,0.6228
Mars,6.354,5.634,65.74,0.7629
Mars,6.394,8.083,213.202,0.9329
Mars,7.566,2.227,95.535,0.6513
Mars,7.429,10.702,79.45,0.9294
Mars,6.385,8.103,210.582,0.9336
Mars,8.131,4.954,192.87,0.6132
Mars,6.823,5.112,182.379,0.8289
Mars,6.917,6.657,76.759,0.8097
Mars,7.051,4.481,189.205,0.8068
Mars,6.807,2.043,157.444,0.7215
Mars,7.394,2.266,177.105,0.7293
Mars,6.972,5.577,216.491,0.8452
Mars,6.649,3.242,91.111,0.7046
Mars,8.261,2.224,140.701,0.4648
Mars,6.771,10.593,180.536,1.0
Mars,7.746,4.741,129.385,0.7133
Mars,6.868,7.031,68.744,0.8148
Mars,7.088,3.794,77.83,0.7106
Mars,6.59,2.467,156.335,0.7364
Mars,7.881,9.449,105.601,0.8094
Mars,7.843,3.25,82.055,0.5815
Mars,6.056,2.257,114.383,0.6934
Mars,6.15,7.872,92.157,0.8677
Mars,8.306,2.135,63.83,0.3699
Mars,8.222,6.363,84.29,0.5663
Mars,7.265,4.888,201.292,0.8211
Mars,7.233,5.194,61.926,0.7437
Mars,8.031,2.039,183.816,0.5443
Mars,6.346,11.643,180.554,1.0
Mars,7.634,7.17,150.278,0.8562
Mars,7.19,7.725,93.352,0.8637
Mars,7.858,8.661,200.489,0.8337
Mars,6.075,9.975,136.012,0.9851
Mars,7.482,8.079,87.713,0.8705
Mars,7.392,9.622,128.644,0.9654
Mars,8.102,6.487,91.187,0.6175
Mars,7.692,5.713,120.161,0.7561
Mars,8.2,10.231,139.47,0.756
Mars,8.218,10.653,117.584,0.7282
Mars,7.02,3.378,165.127,0.7682
Mars,6.344,7.427,209.747,0.9099
Mars,7.576,8.836,115.704,0.8997
Mars,8.184,2.836,116.918,0.4881
Mars,6.187,11.296,178.128,1.0
Mars,7.395,7.201,144.895,0.8969
Mars,6.287,8.455,128.614,0.9245
Mars,6.067,3.782,190.209,0.7824
Mars,7.699,4.644,202.566,0.7462
Mars,7.705,3.21,154.494,0.6941
Mars,7.502,4.64,89.617,0.7515
Mars,8.148,6.924,134.606,0.6609
Mars,6.202,10.336,140.699,0.9907
Mars,6.263,7.337,129.153,0.886
Mars,8.161,4.445,101.989,0.5371
Mars,7.258,2.446,135.571,0.7212
Mars,6.683,8.22,131.447,0.9191
Mars,7.845,6.202,93.519,0.6954
Mars,8.236,11.844,204.549,0.7547
Mars,7.724,9.798,201.655,0.9182
Mars,7.98,10.084,181.539,0.8401
Mars,6.706,2.122,124.151,0.6984
Mars,6.722,9.778,119.255,0.9615
Mars,8.16,3.946,174.634,0.568
Mars,7.537,7.858,157.299,0.9126
Mars,6.585,6.474,156.096,0.8766
Mars,7.31,7.716,79.858,0.8499
Mars,7.715,3.334,158.925,0.6952
Mars,6.546,6.569,204.298,0.8799
Mars,7.637,2.369,73.731,0.6109
Mars,6.105,2.41,114.267,0.6986
Mars,6.759,8.577,141.442,0.9417
Mars,7.685,11.517,169.762,0.9384
Mars,6.373,9.774,74.342,0.9164
Mars,6.555,6.692,199.649,0.8842
Mars,8.198,2.559,66.487,0.4235
Mars,7.686,2.45,197.23,0.6738
Mars,7.247,3.579,64.424,0.6897
Mars,6.527,11.758,84.564,0.9346
Mars,6.854,5.987,188.052,0.8595
Mars,7.436,10.434,197.626,1.0
Mars,6.388,9.051,217.163,0.9668
Mars,7.204,8.054,78.514,0.8604
Mars,7.022,11.478,144.232,0.9942
Mars,7.192,4.304,72.345,0.723
Mars,6.264,6.549,85.025,0.8142
Mars,6.266,10.647,87.919,0.9379
Mars,8.41,7.518,70.142,0.5298
Mars,8.448,4.464,202.877,0.4901
Mars,7.065,4.089,80.217,0.7233
Mars,7.972,9.529,160.695,0.826
Mars,7.639,2.128,160.12,0.678
Mars,6.292,11.142,91.783,0.9418
Mars,6.742,2.184,219.746,0.7264
Mars,6.784,8.31,115.579,0.9064
Mars,7.489,8.047,204.815,0.9317
Mars,7.45,7.784,211.726,0.9224
Mars,8.309,6.743,211.838,0.6164
Mars,7.975,10.524,180.454,0.8416
Mars,8.142,8.593,100.609,0.6873
Mars,8.228,9.819,79.305,0.6803
Mars,8.003,3.155,151.182,0.5927
Mars,6.832,2.499,117.606,0.7051
Mars,6.538,2.285,192.966,0.73
Mars,7.429,3.472,179.198,0.7715
Mars,7.724,8.67,104.235,0.833
Mars,6.966,6.94,62.722,0.8056
Mars,8.121,9.523,97.971,0.7243
Mars,8.401,3.917,150.738,0.4866
Mars,7.423,5.67,72.64,0.7711
Mars,7.141,10.885,165.324,1.0
Mars,8.107,11.357,167.471,0.7976
Mars,6.061,11.217,87.103,0.9371
Mars,6.323,10.183,155.411,1.0
Mars,8.114,8.882,157.115,0.7562
Mars,7.83,11.137,136.477,0.8765
Mars,7.04,9.142,212.519,0.97
Mars,8.222,11.539,77.306,0.6866
Mars,6.879,2.248,125.06,0.7037
Mars,7.585,11.216,201.267,0.9718
Mars,7.586,7.557,121.81,0.8577
Mars,6.461,3.118,127.942,0.7371
Mars,6.712,4.149,166.924,0.7952
Mars,8.29,10.522,166.49,0.7367
Mars,6.459,7.061,63.664,0.8108
Mars,6.434,11.828,132.912,0.9829
Mars,7.199,3.175,113.362,0.7245
Mars,6.23,6.125,160.431,0.8644
Mars,8.237,5.319,148.912,0.5895
Mars,6.25,7.161,164.138,0.9006
Mars,7.541,8.334,164.603,0.9279
Mars,6.849,8.616,100.779,0.9023
Mars,8.011,2.013,99.434,0.4997
Mars,7.475,2.89,119.245,0.7204
Mars,6.971,2.351,98.713,0.681
Mars,8.46,10.646,169.249,0.6801
Mars,6.166,5.133,156.459,0.8297
Mars,7.444,5.671,94.622,0.7931
Mars,8.474,6.504,201.457,0.553
Mars,7.727,10.493,133.706,0.9079
Mars,7.849,2.142,80.329,0.5388
Mars,6.08,3.186,94.074,0.7056
Mars,6.053,8.852,146.376,0.9562
Mars,6.09,11.639,114.148,0.9641
Mars,8.479,8.428,196.196,0.6185
Mars,8.449,4.611,139.158,0.4843
Mars,6.836,7.199,206.447,0.902
Mars,6.727,11.75,76.292,0.9263
Mars,6.365,7.281,166.975,0.9048
Mars,6.823,5.735,201.726,0.8507
Mars,6.925,5.834,106.869,0.8111
Mars,7.871,11.67,81.71,0.8081
Mars,8.166,9.189,133.063,0.7328
Mars,7.867,8.872,213.813,0.8382
Mars,7.616,4.321,161.354,0.7625
Mars,7.915,7.595,163.036,0.7776
Mars,7.846,5.567,167.44,0.7294
Mars,7.189,4.402,66.362,0.7204
Mars,6.84,10.956,131.304,0.9813
Mars,6.707,5.832,72.412,0.7765
Mars,7.698,4.828,110.537,0.7134
Mars,8.398,11.317,191.456,0.7006
Mars,7.453,3.973,165.003,0.7891
Mars,8.281,9.455,219.292,0.7205
Mars,6.036,8.527,87.545,0.886
Mars,7.986,11.205,123.529,0.8115
Mars,8.134,10.32,189.542,0.7887
Mars,7.577,9.053,94.511,0.8855
Mars,8.335,5.146,84.595,0.4863
Mars,7.475,6.956,128.418,0.8719
Mars,6.601,11.445,121.396,0.9714
Mars,6.539,2.232,216.833,0.7281
Mars,7.39,9.943,133.0,0.981
Mars,8.266,4.518,197.751,0.5527
Mars,6.181,3.85,202.074,0.7848
Mars,7.511,4.322,85.259,0.7329
Mars,7.925,2.598,174.449,0.5994
Mars,6.289,11.92,104.417,0.9544
Mars,6.292,10.699,75.158,0.9252
Mars,6.915,7.211,199.953,0.9024
Mars,6.685,9.151,106.789,0.9271
Mars,6.496,7.566,115.259,0.8801
Mars,6.497,10.116,111.838,0.9618
Mars,6.327,10.448,92.047,0.942
Mars,7.527,4.328,129.521,0.772
Mars,7.72,6.597,128.527,0.786
Mars,7.757,8.348,125.4,0.8318
Mars,7.331,11.784,206.608,1.0
Mars,8.382,8.827,114.36,0.6292
Mars,8.201,10.976,64.861,0.6811
Mars,8.394,10.461,88.55,0.6405
Mars,6.972,7.821,175.44,0.9237
Mars,8.194,10.937,154.537,0.7685
Mars,7.907,5.774,212.278,0.7164
Mars,6.85,5.793,171.11,0.8527
Mars,6.266,9.81,91.079,0.9344
Mars,7.707,3.345,79.303,0.6275
Mars,6.341,5.058,143.322,0.8204
Mars,6.734,8.086,166.442,0.933
Mars,7.251,6.201,86.502,0.8035
Mars,7.7,11.407,156.271,0.9334
Mars,8.316,11.585,198.405,0.7281
Mars,7.483,7.026,176.411,0.8959
Mars,7.679,7.391,166.271,0.8492
Mars,6.775,9.246,186.293,0.9736
Mars,7.718,6.573,76.653,0.734
Mars,7.094,3.901,92.613,0.7291
Mars,8.142,9.47,66.096,0.6834
Mars,6.981,9.378,83.196,0.9114
Mars,7.171,4.45,206.109,0.8057
Mars,7.081,10.329,95.543,0.9455
Mars,8.028,8.136,165.936,0.7588
Mars,8.384,4.363,170.651,0.508
Mars,6.818,8.52,163.252,0.9482
Mars,7.188,4.336,148.627,0.8004
Mars,7.765,4.652,137.781,0.7123
Mars,8.238,10.48,127.187,0.731
Mars,7.234,11.295,206.704,1.0
Mars,6.272,4.569,61.522,0.7214
Mars,6.922,11.281,68.558,0.9186
Mars,7.376,4.388,138.802,0.7924
Mars,7.044,3.173,112.882,0.7239
Mars,6.466,2.582,125.317,0.7157
Mars,6.092,4.421,219.656,0.8047
Mars,7.719,5.852,184.022,0.782
Mars,8.482,11.275,200.385,0.6727
Mars,8.298,4.422,118.972,0.5077
Mars,7.708,5.655,98.33,0.7269
Mars,8.104,9.342,182.878,0.7757
Mars,6.639,5.021,189.212,0.8257
Mars,7.556,8.844,147.984,0.9388
Mars,6.152,6.321,203.351,0.8712
Mars,7.768,3.964,214.772,0.6994
Mars,8.425,9.341,135.363,0.6541
Mars,8.152,2.27,95.627,0.4578
Mars,7.336,4.923,142.738,0.8151
Mars,7.972,5.562,218.325,0.6874
Mars,8.36,6.582,106.868,0.5507
Mars,6.54,8.799,158.816,0.958
Mars,7.983,6.594,171.037,0.7197
Mars,6.675,7.943,94.229,0.8722
Mars,8.192,7.958,154.153,0.6977
Mars,6.246,5.733,110.321,0.811
Mars,6.446,11.34,196.674,1.0
Mars,7.802,11.559,174.361,0.8995
Mars,6.437,7.819,192.203,0.9236
Mars,6.395,2.717,91.949,0.687
Mars,7.389,6.911,65.532,0.8074
Mars,8.087,3.844,196.084,0.5887
Mars,6.671,6.832,121.881,0.861
Mars,8.103,3.885,88.756,0.5238
Mars,8.02,9.039,74.703,0.7178
Mars,7.448,2.804,142.64,0.7408
Mars,7.616,11.533,84.02,0.8952
Mars,6.101,3.954,150.671,0.7884
Mars,6.918,8.607,176.369,0.9512
Mars,6.658,11.17,145.609,0.9956
Mars,6.375,4.479,204.592,0.8068
Mars,6.974,11.343,84.891,0.9349
Mars,6.887,5.887,139.033,0.8451
Mars,7.822,11.605,86.11,0.8287
Mars,7.495,11.714,200.144,1.0
Mars,8.283,3.881,209.158,0.5249
Mars,6.364,10.311,123.999,0.974
Mars,6.149,3.934,108.92,0.7466
Mars,7.337,4.264,104.691,0.7539
Mars,6.003,2.841,197.556,0.7494
Mars,7.969,3.565,169.191,0.6184
Mars,7.265,8.322,200.895,0.9413
Mars,7.22,6.493,78.803,0.806
Mars,6.906,9.909,136.164,0.983
Mars,6.937,5.32,168.189,0.8362
Mars,7.078,11.686,203.535,1.0
Mars,6.04,2.499,121.123,0.7086
Mars,6.209,2.629,110.094,0.7021
Mars,7.263,9.014,206.075,0.9655
Mars,6.375,10.875,67.605,0.9176
Mars,7.947,9.955,136.735,0.8362
Mars,6.686,6.898,133.38,0.8748
Mars,6.245,4.696,83.369,0.7477
Mars,6.588,2.135,123.192,0.6979
Mars,6.893,7.095,175.616,0.8983
Mars,6.088,6.756,118.699,0.8552
Mars,6.354,5.442,109.546,0.8
Mars,6.81,7.781,185.103,0.9223
Mars,6.776,9.288,218.194,0.9751
Mars,8.001,9.009,184.696,0.7983
Mars,8.108,4.633,195.415,0.6094
Mars,6.484,7.853,210.32,0.9249
Mars,6.31,3.488,188.284,0.7721
Mars,7.585,3.216,216.857,0.7341
Mars,8.012,9.859,179.565,0.8245
Mars,8.409,8.937,165.844,0.6597
Mars,6.017,9.679,170.936,0.9888
Mars,7.034,3.525,204.013,0.7734
Mars,7.835,11.146,169.281,0.8883
Mars,8.071,3.331,181.793,0.5761
Mars,6.156,10.7,94.562,0.9446
Mars,7.702,5.524,206.024,0.7762
Mars,6.722,3.054,131.554,0.7385
Mars,6.186,4.868,85.771,0.7561
Mars,7.223,3.814,187.966,0.7835
Mars,6.395,6.907,117.023,0.8588
Mars,7.843,11.497,89.459,0.8253
Mars,7.853,5.279,101.0,0.668
Mars,8.105,8.121,65.592,0.6481
Mars,6.944,10.917,74.5,0.9245
Mars,6.033,8.301,154.82,0.9405
Mars,6.649,5.622,198.595,0.8468
Mars,7.17,11.908,131.765,0.9818
Mars,7.735,3.874,160.169,0.7073
Mars,6.955,7.233,189.557,0.9031
Mars,7.34,9.967,117.083,0.9659
Mars,7.311,2.006,164.69,0.7202
Mars,6.412,9.02,116.069,0.9318
Mars,7.558,4.665,162.834,0.7941
Mars,7.098,3.697,94.817,0.7242
Mars,8.02,4.742,216.454,0.6427
Mars,7.727,11.668,72.188,0.8467
Mars,6.279,10.919,140.837,0.9908
Mars,7.222,4.138,105.807,0.7506
Mars,7.756,3.17,156.134,0.6755
Mars,6.218,5.642,128.529,0.826
Mars,7.981,7.923,109.066,0.726
Mars,6.555,10.671,100.006,0.95
Mars,7.258,11.661,89.2,0.9392
Mars,8.351,9.512,185.261,0.6991
Mars,7.428,7.99,95.552,0.8752
Mars,7.06,3.423,183.764,0.7698
Mars,6.017,2.74,137.606,0.7335
Mars,6.334,7.96,71.556,0.8502
Mars,7.447,7.391,86.471,0.8451
Mars,7.235,10.461,202.865,1.0
Mars,6.91,5.226,156.451,0.8329
Mars,8.308,2.397,89.493,0.404
Mars,6.831,6.237,172.602,0.8683
Mars,7.343,11.692,191.722,1.0
Mars,7.422,9.956,112.905,0.9614
Mars,7.319,2.338,149.055,0.7309
Mars,7.194,10.747,106.952,0.957
Mars,6.843,6.717,72.81,0.8079
Mars,8.272,5.648,123.921,0.5643
Mars,7.127,5.467,180.229,0.8414
Mars,7.321,7.951,133.389,0.9117
Mars,7.641,7.306,124.843,0.8335
Mars,6.169,8.566,118.561,0.9184
Mars,7.953,7.736,133.427,0.7531
Mars,7.281,3.439,110.917,0.7313
Mars,7.643,4.572,157.949,0.7624
Mars,7.93,10.41,70.171,0.7768
Mars,8.185,8.633,189.182,0.7237
Mars,6.981,6.484,87.707,0.8146
Mars,8.029,3.826,161.351,0.6077
Mars,6.647,2.077,131.981,0.7047
Mars,7.651,5.119,183.759,0.7789
Mars,6.257,2.548,192.182,0.7392
Mars,6.05,6.823,92.672,0.8315
Mars,6.239,10.218,168.349,1.0
Mars,6.798,4.854,90.385,0.7603
Mars,6.078,10.478,79.84,0.9298
Mars,7.576,9.046,208.847,0.9412
Mars,6.791,3.253,86.302,0.7001
Mars,7.841,8.446,96.501,0.7785
Mars,6.115,3.517,80.852,0.7039
Mars,6.542,8.548,135.247,0.9344
Mars,7.02,3.427,207.137,0.77
Mars,6.957,5.925,102.249,0.8096
Mars,6.327,7.666,146.696,0.915
Mars,8.485,2.504,125.833,0.385
Mars,6.711,3.533,113.762,0.7374
Mars,7.803,5.204,151.544,0.7313
Mars,6.55,6.623,149.423,0.8812
Mars,8.195,10.585,117.499,0.736
Mars,6.969,3.873,196.09,0.7855
Mars,8.252,5.475,68.508,0.5094
Mars,6.855,6.758,73.638,0.8102
Mars,6.022,4.958,218.525,0.8235
Mars,7.293,8.257,179.629,0.939
Mars,7.312,4.566,188.629,0.8098
Mars,6.3,9.724,156.432,0.9903
Mars,6.587,7.052,127.178,0.874
Mars,7.959,2.863,160.676,0.5973
Mars,6.092,8.27,74.814,0.8643
Mars,7.224,7.692,181.243,0.9192
Mars,7.326,5.386,146.519,0.835
Mars,7.722,2.112,213.077,0.65
Mars,6.094,4.007,161.996,0.7902
Mars,7.464,6.057,84.271,0.7963
Mars,6.008,3.999,136.408,0.7764
Mars,6.663,7.775,69.252,0.8414
Mars,7.249,9.123,179.269,0.9693
Mars,8.278,10.56,140.293,0.7309
Mars,6.316,8.47,119.145,0.9156
Mars,6.423,8.89,214.968,0.9612
Mars,7.673,8.084,210.496,0.8752
Mars,6.937,11.855,212.453,1.0
Mars,7.559,4.61,95.355,0.7372
Mars,8.494,4.663,176.571,0.482
Mars,8.467,3.263,211.261,0.4418
Mars,6.884,6.857,151.339,0.89
Mars,7.26,2.962,94.266,0.6979
Mars,8.262,4.701,190.85,0.5606
Mars,6.23,6.827,200.787,0.8889
Mars,7.131,11.576,172.518,1.0
Mars,6.944,11.638,106.968,0.957
Mars,6.737,9.437,90.511,0.9208
Mars,8.486,5.893,159.883,0.5277
Mars,7.834,10.652,137.248,0.876
Mars,6.972,10.755,167.005,1.0
Mars,8.073,11.102,77.872,0.737
Mars,7.224,8.4,81.746,0.8758
Mars,8.182,4.018,118.062,0.5313
Mars,6.666,2.911,101.402,0.7033
Mars,6.559,11.148,159.094,1.0
Mars,6.618,2.555,118.806,0.7082
Mars,7.346,4.959,169.435,0.8236
Mars,6.728,6.87,183.008,0.8904
Mars,6.368,2.22,89.947,0.6676
Mars,8.487,11.069,207.172,0.6711
Mars,8.251,4.871,185.946,0.5701
Mars,7.588,2.285,160.285,0.7008
Mars,8.229,11.936,205.429,0.757
Mars,8.339,5.114,102.539,0.502
Mars,7.69,10.768,127.474,0.9141
Mars,7.297,6.535,73.726,0.8024
Mars,8.205,8.631,132.989,0.7001
Mars,7.419,4.411,141.024,0.7954
Mars,6.317,7.029,158.571,0.896
Mars,6.917,4.577,70.246,0.7304
Mars,7.115,11.511,65.195,0.9152
Mars,8.338,2.609,127.182,0.439
Mars,7.648,4.747,90.261,0.7071
Mars,8.188,10.931,181.406,0.7706
Mars,7.894,6.8,166.998,0.7567
Mars,6.775,8.001,112.132,0.8922
Mars,7.797,8.517,67.325,0.7665
Mars,6.488,2.709,89.191,0.684
Mars,7.02,2.177,170.669,0.7262
Mars,8.015,11.378,218.426,0.8283
Mars,7.53,4.715,112.234,0.7673
Mars,8.064,5.803,188.319,0.6653
Mars,6.637,8.821,198.735,0.9587
Mars,7.874,4.363,67.709,0.5956
Mars,6.506,9.331,206.595,0.9766
Mars,7.363,6.582,134.592,0.865
Mars,7.084,10.566,214.279,1.0
Mars,7.391,4.785,146.169,0.8137
Mars,6.339,4.038,97.623,0.739
Mars,6.903,10.317,215.947,1.0
Mars,7.667,5.263,98.929,0.7274
Mars,7.396,6.119,201.197,0.8642
Mars,7.372,9.937,87.701,0.9355
Mars,7.277,8.356,167.963,0.9425
Mars,8.36,6.417,125.807,0.5638
Mars,8.336,4.499,215.523,0.5287
Mars,6.9,9.642,89.564,0.927
Mars,6.88,3.804,125.407,0.7586
Mars,7.387,11.283,162.364,1.0
Mars,6.239,3.503,216.419,0.7726
Mars,6.758,10.049,108.618,0.9586
Mars,6.577,6.242,123.499,0.842
Mars,6.558,3.86,133.887,0.769
Mars,7.596,6.024,100.432,0.7792
Mars,6.961,4.216,190.777,0.7975
Mars,6.428,3.36,74.719,0.6923
Mars,8.219,4.392,172.766,0.5641
Mars,8.185,10.674,145.429,0.767
Mars,8.156,3.059,98.708,0.4871
Mars,6.977,11.725,138.853,0.9889
Mars,6.142,2.05,192.792,0.7217
Mars,6.267,8.582,131.271,0.9317
Mars,6.69,10.565,79.504,0.9295
Mars,6.55,11.34,66.528,0.9165
Mars,8.185,3.44,184.447,0.5421
Mars,8.466,8.982,112.869,0.6053
Mars,8.042,3.073,208.999,0.577
Mars,7.825,5.526,158.744,0.7352
Mars,7.472,9.319,129.805,0.956
Mars,7.925,5.46,150.314,0.6995
Mars,8.368,5.134,133.141,0.5236
Mars,7.503,3.161,204.93,0.7595
Mars,6.387,2.664,133.283,0.7265
Mars,6.41,3.153,76.65,0.687
Mars,7.46,10.755,155.534,1.0
Mars,6.834,2.112,159.677,0.7239
Mars,8.276,8.929,182.453,0.704
Mars,7.529,9.686,209.325,0.9793
Mars,7.691,7.679,130.893,0.8359
Mars,6.015,9.308,116.332,0.9421
Mars,7.247,8.523,138.523,0.9368
Mars,7.078,6.556,204.032,0.8794
Mars,7.765,5.827,216.797,0.7657
Mars,6.957,11.413,215.398,1.0
Mars,8.441,11.719,96.751,0.6329
Mars,7.676,8.513,139.503,0.8789
Mars,7.65,3.973,101.516,0.6906
Mars,8.298,6.479,118.877,0.5795
Mars,8.488,6.965,65.069,0.4795
Mars,6.495,9.58,85.696,0.921
Mars,8.026,8.678,123.532,0.7518
Mars,6.406,7.148,118.353,0.8685
Mars,7.143,8.804,104.613,0.9127
Mars,6.25,2.241,96.85,0.6753
Mars,7.558,9.766,179.833,0.9723
Mars,7.171,4.116,107.128,0.7512
Mars,7.572,8.564,173.047,0.9258
Mars,7.695,3.14,118.98,0.6639
Mars,7.549,3.145,188.317,0.7439
Mars,6.735,2.357,86.757,0.6692
Mars,8.092,11.102,85.217,0.7378
Mars,7.379,8.046,168.748,0.9316
Mars,7.225,5.62,206.386,0.8467
Mars,8.468,9.878,82.878,0.606
Mars,6.709,8.261,71.793,0.8609
Mars,7.32,8.201,209.542,0.937
Mars,7.706,6.87,78.772,0.7506
Mars,6.313,2.079,100.059,0.6728
Mars,6.886,4.585,208.719,0.8105
Mars,8.004,3.091,188.467,0.5901
Mars,6.592,8.624,114.841,0.9167
Mars,7.233,4.486,212.724,0.807
Mars,7.577,6.502,150.888,0.852
Mars,7.678,5.534,71.56,0.706
Mars,7.821,3.432,172.491,0.6632
Mars,8.165,11.584,145.964,0.7743
Mars,6.982,11.334,151.614,1.0
Mars,7.767,2.846,219.057,0.6608
Mars,7.83,10.274,84.402,0.8243
Mars,6.751,6.884,165.087,0.8909
Mars,8.42,9.737,133.399,0.6674
Mars,8.163,3.512,103.503,0.5054
Mars,6.725,3.323,170.967,0.7663
Mars,7.688,10.908,166.914,0.9374
Mars,7.795,10.978,197.039,0.9018
Mars,7.079,6.659,200.619,0.8831
Mars,8.159,10.702,149.891,0.7801
Mars,7.726,8.675,112.092,0.8405
Mars,7.645,3.85,144.733,0.731
Mars,6.552,5.29,117.481,0.8026
Mars,7.02,3.361,104.377,0.722
Mars,7.085,9.739,148.252,0.9891
Mars,7.834,11.853,165.269,0.8886
Mars,7.546,7.464,154.491,0.8959
Mars,6.215,8.559,212.707,0.9496
Mars,6.769,9.461,107.782,0.9389
Mars,7.183,4.243,119.575,0.7681
Mars,7.842,5.36,166.823,0.7237
Mars,7.859,6.123,156.057,0.7447
Mars,7.226,7.946,60.298,0.8384
Mars,6.292,10.505,109.966,0.96
Mars,6.732,4.542,100.602,0.7596
Mars,6.637,6.709,194.386,0.8848
Mars,7.953,9.515,198.6,0.8322
Mars,6.45,2.874,105.423,0.706
Mars,7.162,7.129,76.331,0.8258
Mars,7.677,3.444,92.832,0.6544
Mars,8.412,7.391,88.251,0.543
Mars,8.498,9.678,97.99,0.604
Mars,8.382,4.369,97.543,0.4564
Mars,7.796,10.495,136.774,0.8882
Mars,7.866,5.348,111.143,0.6763
Mars,7.898,3.908,149.571,0.6537
Mars,8.157,6.653,115.062,0.6291
Mars,8.379,10.761,190.348,0.7068
Mars,7.114,2.689,212.127,0.7441
Mars,7.041,5.276,124.627,0.8093
Mars,7.151,8.532,67.915,0.8665
Mars,7.65,5.576,98.333,0.7436
Mars,7.939,2.708,76.297,0.5249
Mars,8.176,5.32,115.162,0.5759
Mars,7.141,10.21,163.218,1.0
Mars,6.908,11.68,143.025,0.993
Mars,8.458,2.398,98.86,0.3633
Mars,6.58,7.693,182.761,0.9192
Mars,6.555,3.053,81.037,0.6879
Mars,7.789,8.804,96.511,0.8085
Mars,6.449,2.079,168.168,0.7228
Mars,6.999,2.147,91.558,0.6667
Mars,6.731,9.769,168.602,0.9919
Mars,6.422,2.744,216.311,0.7461
Mars,7.449,5.052,193.017,0.8268
Mars,6.934,11.58,85.602,0.9356
Mars,7.156,11.852,143.28,0.9933
Mars,6.49,3.614,127.571,0.7541
Mars,7.92,7.609,218.667,0.7764
Mars,6.787,7.591,214.304,0.9157
Mars,6.857,6.524,80.338,0.8087
Mars,6.63,11.247,205.397,1.0
Mars,7.086,9.54,90.947,0.9249
Mars,7.159,9.645,111.112,0.9487
Mars,7.324,4.696,116.545,0.7809
Mars,8.419,6.343,105.892,0.5216
Mars,8.262,6.874,196.519,0.6367
